E4,Q1NJUy1Xwqd7Im0iOlsxOSw0Nyw0N10sIm8iOls4NjkyNTU1NC4zMjI3MDQ4NSw0NTk4MDQzMy4xNTY5MjI1NjQsOTI5ODYwNi4zMzE5MDc4MjJdLCJwIjpbNzMzLDc5MCw0NzhdfcKnNzXCp0JaMixaQjIsTEgxLEhPMSxISjIsSVgwLExHMyxGQTEsWEkwLFZGMixDUjAsVkU2LENGNSxaWjIsSUswLFZWMixUQzgsSEY0LFFQOCxDTTgsWlk3LFZUMixETDcsWkEyLE5CNixMQTEsTk0yLENFNixTRDYsRVg5LFNGMixHTjYsQlIxLFlPMixWVzUsSlM3LExBNCxSVDYsUEEyLFlLNCxaTjAsVlQ1LE1YMSxGSjYsT0UyLFNNOSxSWjEsQlY3LFVIOCxCUjAsTUkxLExPOSxMUDEsWUExLFVFMyxGVDEsQ0o3LE1BOCxLQjIsVkcxLFdGNyxGTTMsWUwxLElHOCxERzAsUVIxLE5EMSxGQjIsUVgxLEhMMSxQQjMsRlM0LEJOMSxMTTQsUFY3LFBXOCxBWTMsTEQxLEJCMixURzYsSFQwLFhMMSxJUTMsTVY3LENGMCxaVDMsSkcwLElWOCxVRjMsWUYxLEtZMSxTSTIsS043LExOMCxKTDAsVU0wLFRXMSxPRjUsREgzLERLMcKnMDo1MTpOLjU3LE4uOCxOLjMsTi43MSxOLjM0LFIuMTgsTi4xMixOLjU4LE4uNyxSLjYsUi41LE4uMjUsTi4zNSxOLjQxLFIuMjQsTi4xMyxOLjMxLE4uMjMsTi4yMSxOLjI4LE4uNjEsTi42MCxOLjI2LFIuNyxOLjQzLE4uNzAsTi4zMyxSLjE5LE4uNSxOLjUwLE4uMjksTi4xLFIuMTcsUi4xNSxOLjE1LE4uNjMsTi41MixSLjEyLE4uMzksUi4xMyxOLjQ3LE4uNTksTi41NixOLjY4LE4uMzAsTi42NCxOLjY3LE4uNzMsTi4xMSxOLjUzLE4uMjIsUi4yMyxOLjE5LE4uNTUsUi4yLE4uNjUsTi4xNCxOLjQwLE4uMzcsUi40LE4uMTYsUi45LE4uMzYsUi4xMSxOLjQ2LE4uOSxOLjE3LFIuMCxOLjI3LFIuMyxOLjI0LE4uNjIsTi43MixOLjY5LE4uNzQsTi40OSxSLjgsTi4xOCxOLjY2LFIuMSxOLjM4LFIuMjEsUi4xNixOLjU0LE4uNDUsTi4yMCxSLjIyLE4uNDgsUi4xNCxSLjEwLE4uMTAsTi4zMixOLjYsTi4wLFIuMjAsTi40NCxOLjIsTi40LE4uNDIsTi41MXw1MToxMDpOLjYsTi41MyxOLjMsUi4xOCxSLjYsUi4xNyxSLjIzLE4uNDAsTi4yNCxOLjEzLFIuMixOLjE5LFIuMTYsTi40NCxOLjQxLE4uNjIsTi4zMixOLjIsUi4xNCxSLjEyLE4uMTgsTi43MSxOLjc0LE4uNDMsTi42NixOLjksUi43LE4uMjksTi4zMCxOLjUwLE4uMzYsTi42MCxOLjY3LFIuMjAsTi4zMyxOLjMxLE4uMjEsTi4xMSxOLjQ2LE4uOCxOLjU0LE4uMCxOLjU1LE4uNjksUi4yMSxOLjQ3LFIuMCxOLjY4LE4uNzMsUi4yNCxSLjE5LFIuMyxOLjI1LE4uNyxOLjE3LFIuOCxSLjEwLFIuMTUsTi4xMixOLjYxLE4uMjIsTi41MSxSLjEsTi4yMyxOLjYzLE4uNTksTi4yNixOLjUsTi43MCxOLjUyLE4uMSxOLjE0LE4uNzIsTi41OCxOLjM3LE4uMTUsTi4zOSxOLjM1LE4uMjAsTi4xMCxSLjksUi40LE4uMTYsTi4zOCxOLjQ1LE4uNDgsUi4xMSxOLjY1LE4uNTYsTi4yNyxOLjM0LE4uNDIsUi41LE4uMjgsUi4xMyxOLjU3LFIuMjIsTi40OSxOLjQsTi42NA==
BZ2,ZB2,LH1,HO1,HJ2,IX0,LG3,FA1,XI0,VF2,CR0,VE6,CF5,ZZ2,IK0,VV2,TC8,HF4,QP8,CM8,ZY7,VT2,DL7,ZA2,NB6,LA1,NM2,CE6,SD6,EX9,SF2,GN6,BR1,YO2,VW5,JS7,LA4,RT6,PA2,YK4,ZN0,VT5,MX1,FJ6,OE2,SM9,RZ1,BV7,UH8,BR0,MI1,LO9,LP1,YA1,UE3,FT1,CJ7,MA8,KB2,VG1,WF7,FM3,YL1,IG8,DG0,QR1,ND1,FB2,QX1,HL1,PB3,FS4,BN1,LM4,PV7,PW8,AY3,LD1,BB2,TG6,HT0,XL1,IQ3,MV7,CF0,ZT3,JG0,IV8,UF3,YF1,KY1,SI2,KN7,LN0,JL0,UM0,TW1,OF5,DH3,DK1
8149022.07,50892130.33,53725039.03,-47567242.43,22000036.6,142200393.92,-5911227.98,72376966.42,23201138.29,140524727.62,142531792.52,-95069152.93,-38579343.81,-3477044.85,142230682.47,-64510869.37,54900143.9,-61525759.83,51719430.77,-4712626.99,-35495079.21,-4492649.24,-76138021.18,142199297.83,-37216063.22,14908727.84,-25204772.03,142204462.47,69882063.92,-48194532.78,-83518067.44,65733099.42,142206465.06,142199665.75,-98313754.32,56198249.2,-70337185.27,142206697.53,-59354759.19,142208004.64,50528667.62,-58571580.95,4509401.75,-5454259.34,-7540499.89,-4987251.45,43852024.56,-90999921.88,8153598.11,-83356414.18,28103425.21,142221533.03,-91781914.59,-53367110.64,142200988.69,-97420748.64,-91397932.82,-12627582.97,36216982.29,142207665.63,70428005.2,142209444.12,-40227243.26,142204206.35,93047895.03,-69623530.14,38343751.5,3224361600000,-43013316.14,142201686.59,-79425084.64,-60339894.76,-45788736.17,40840998.07,85025131.14,75622933.38,142208049.75,97922562.94,-15196116.27,142211578.67,-13817906.3,531212720.18,142210821.95,8342971.71,21675312.28,-6622640.18,142200078.12,73119282.89,142202691.57,142199552.96,94049777.69,-8562860.85,80621639.77,49527834.42,531210736.94,-77415842.51,-78669827.65,86282135.54,-74690942.68,-77930305.28
22808709.85,-74820527.37,-39396263.14,-67759536.84,85758907.91,142200768.4,-11423631.28,-75270381.2,-63321721.59,139184928.21,142349241.22,35784426.47,-65641553.2,87831138.61,142227874.94,-59263743.51,-36411499.01,-12593286.24,55091681.33,-79831368.12,54535780.99,-97504610.88,13033621.25,142201845.65,97169481.32,-44813391.84,-61797461.13,142207290.14,-99845369.74,64089750.94,-16745770.77,-9225061.96,142202301.53,142203474.62,-40074425.46,95520170.57,78920931.42,142207500.17,-26972425.43,142205609.65,44177216.28,-54486271.77,-75118282.59,-96672217.56,79559259.29,4431335.18,34163807.67,13790920.04,-984715.58,-52204285.57,84372208.32,142217961.12,-73281799.57,-4393464.68,142198423.8,-21356439.17,85153150.27,8142280.38,31097221.55,142209200.71,31372416.46,142631104.42,-23887375.13,142206517.52,37279100.13,59416854.92,-12103168.32,3307564800000,96453852.11,142205172.55,48387782.74,57570814.4,99220536.95,75528653.21,55680259.05,96174738.7,142211638.1,83167021.69,18556872.81,142209001.63,-68948293.7,589499930.99,142211913.04,82212971.74,-67590346.19,-21158739.24,142199278.23,95730799.52,142200812.32,142198527.63,89570155.84,-78711393.25,-39492140.6,78873294.9,647791821.54,-4766860.47,-39273042.3,-84438103.44,-32056532.73,26004847.68
9220665.65,28804450.98,-78801583.72,17482617.41,55258949.43,142203664.85,-1866657.54,14905599.93,-1685205.7,135946073.4,142751333.47,-80349476.81,94495948.23,-39760931.69,142231368.31,81877123.25,80012303.84,-72793314.12,46625507.09,99695686.32,537294.41,-87405528.31,-44625588.57,142205491.82,-6443995.14,-46184012.62,89774093.62,142209260.99,89761512.35,58271003.38,64791392.64,-36620349.45,142198901.17,142207289.84,2178263.26,-52985645.79,-42134989.83,142205949.74,30839332.43,142203158.92,-28699755.48,69596006.83,58306245.23,-31312129.43,-4351861.51,-47819778.08,-53473232.02,84786023.6,37470006.85,82829194.66,-35047527.5,142239113.1,-29222182.88,42178691.6,142199024.58,15293066.93,97280022.59,-78321926.09,-95421891.63,142208659.71,50194455.51,142626816.59,82612724.71,142210098.04,-36804198.55,-4274277.63,-92554185.06,3410035200000,99248634.28,142209710.66,-55818682.64,31113706.74,83885109.77,-70497271.53,85001628.62,72718188.73,142212159.16,98079828.62,53802474.27,142205385.5,-53635538.75,580847392.85,142210030.46,-74125604.6,3413161.7,-42064263.76,142201137.44,60580397.37,142201487.85,142200390.37,40195684.09,-74579924.15,-40230634.68,-20604319.16,563549811.68,-47468945.54,82475876.44,4608186.84,-68587576.98,-24779504.35
-19023369.1,-10547083.3,69741053.75,-55633242.25,-97396483.66,142207817.29,12216859.6,25057793.81,63510876.83,135037234.19,144437216.7,-55817059.48,44036678.89,84788097.7,142241093.66,38002966.49,41947739.62,46278269.37,27898869.09,-38816914.37,35072731.75,-14334945.46,-65929855.23,142208154.17,93685058.69,62604827.8,54627679.54,142208921,59287043.49,32912104.21,-97080702.85,59519063.16,142197999.33,142209251.32,-76608052.62,74258963.26,-95629722.95,142202825.75,-4278693.72,142202368.78,-30562780.43,36859564.57,43882262.58,5871689.46,-39702357.16,49605965.03,-78066734.39,-41991612.86,-9209542.9,-11290035.99,54075219.49,142276768.05,-12832543.61,54782626.57,142202367.84,76752160.19,-14718080.74,-91328346.69,-48181698.81,142205863.12,-38754705.23,142624243.45,22206.81,142211013.26,20569934.63,80578227.2,-63357714.01,3528835200000,44482455.87,142212807.1,-41506390.95,30745436.37,41331359.03,-1411952.95,-12036792.11,23890910.66,142209268.98,-71038269.34,-87360390.05,142202373.48,-6984506.18,513022235.75,142206199.16,-56827731.47,-380593.61,-28953911.89,142204368.24,-22936361.54,142203981.33,142204431.65,52496255.33,57839872.83,-99165273.25,13379160.52,309548524.93,58788410.88,-81034847.88,-68148664.78,-81280898.43,-50936756.97
69587298.98,88413204.58,-40349547.91,63215809.15,92432002.93,142211173.35,-56646536.09,3343862.57,54801047.42,133620900.5,157117029.11,-14661785.18,34102054.73,-991672.35,142265496.29,-7627883.73,-49367277.95,80458185.41,72094608.65,79816101.36,-50659869.35,51660779.97,-53321557.56,142209327.54,-12664650.21,2930302.89,2281488.57,142206105.22,56590538.53,5357104.29,4227740.6,-21896655.89,142200128,142208673.18,3702322.56,50752171.71,84467585.39,142199995.38,-92168834.54,142203971.47,42415078.69,26370238.37,3438874.39,-88806577.35,77492937,-55958023.81,10851960.45,-67416043.25,-31099913.61,29859148.78,-38613700.92,142291957.96,64308633.09,2780413.62,142207311.06,-53427589.23,-27080490.27,65661730.09,-35704395.49,142202670.21,72301593.55,142624528.2,-62051018.53,142209282.29,-94094087.61,66223596.24,-83340663.47,3660595200000,88918267.68,142213296.32,99566915.72,-12011632.6,-12656641.13,-46831876.49,-50631247.72,-82329585.83,142204707.11,-88336120.03,24510603.11,142201876.8,70465760,439144178.75,142202530.53,-2885443.1,-72292363.75,-87005038.83,142207033.61,-13956669.65,142206583.95,142208813.01,2124286.17,-72575713.18,77703255.7,-74592056.77,143621828.65,-10663800.24,-49429126.23,91812821.42,-10107785.68,-2532101.18
15057622.4,45286741.4,79115862.27,82969424.1,3349530.8,142212011.45,79498235.57,91793144.87,-58937910.56,147358956.52,149127000.38,-84425112.22,66628122.87,-94047552.15,142258146.68,7758512.48,-41968315.1,-56752932.72,81238173.59,51241303.89,-98636142.15,18482128.48,40032139.55,142207341.69,60118313.05,55225293.43,68566540.44,142202086.8,89605072.27,69350534.47,-88450893.08,6762416.79,142204143.61,142206197.12,15910265.28,-49896008.95,29948342.38,142199188.94,1409044.46,142207103.57,-58395369.92,35095968.05,91413509.36,69594444.43,76925754.68,-21222070.29,7080579.28,97220919.2,-80184069.84,-28266877.04,-4087812.54,142244718.97,-64404989.65,-1874546.4,142213416.48,-18522813.1,-70081394.41,-37612973,23440183.26,142202778.62,-66565206.34,204562345.23,90063299.66,142205027.57,-75548563.36,97863505.9,-81503850.33,3801427200000,14349662.67,142211958.47,12051898.47,-64022363.77,-7462718.32,6074589.46,29178109.39,-97273256.06,142204862.39,-69197564.04,81416429.1,142205855.33,4588652.17,389771843.38,142200611.24,-856569.9,77072479.03,24447196.21,142207660.02,21287128.22,142207521.49,142211367.59,-63821618.01,-38203197.35,-23247092.92,-86135339.93,142890948.75,-48969929.09,-84901294.18,-19127388.53,44805446.81,24426083.77
86216395.36,96248685.18,86390355.81,-59606808.35,38258169.3,142209888.88,-19253695.95,-80390968.67,-91131810.23,172598609.89,163605052.92,-84870907.74,-1930369.28,69308815.95,142253495.11,90272154.67,-21521406.87,41988140.43,95959142.83,-16801909.83,-97763764.5,-34083336.96,55057226.4,142204771.85,1442764.72,92608017.58,-89396320.92,142198908.39,-57098248.59,80162106.89,26132561.42,-49172890.77,142208056.59,142203637.55,-27576225.57,-55374530.19,36561877.87,142201196.71,60987133.4,142210148.01,-64427255.3,45191940.82,47626025.84,-73264446.96,-64069438.85,-17574747.07,81087165.02,-49100607.92,48096551.77,45587473.93,41796105.48,142231913.35,58819671.24,12648503.3,142216291.83,-74454241.51,-98385708.17,2747091.07,-71631947.43,142202139.65,5163952.85,270723716.9,-8686615.23,142200838.37,22118555.94,70139379.6,-42913302.42,3947184000000,84708606.16,142206980.13,-62989370.9,13565482.23,-48485162.87,51349817.46,-1834345.06,-5860060.13,142203850.38,-60201910.89,-14284791.68,142209798.13,56756392.99,354408330.72,142201312.42,8022829.96,10244661.62,-83308889.21,142206067.27,-99962105.68,142206130.06,142211031.26,-90374854.36,-4639638.05,89298094.02,-21284075.41,142211288.76,-53094925.51,83296047.6,-5245725.5,-10774754.42,67082312.39
29471294.32,-39689028.44,-52220498.46,-36152782.5,31262601.49,142205889.41,-95771083.13,-95525184.96,58063679.38,165614213.12,151778054.24,-99717588.37,-71281717.65,61079443.41,142255698.3,56099137.91,39804238.71,-91125729.53,-97698708.01,-99012614.94,49822312.83,-13942818.17,-22811789.42,142204292.68,-16062633.99,51273017.47,89062330.96,142198265.81,50924052.22,25015179.51,46160433.05,-22211592.51,142210110.3,142202756.42,15977319.72,13051071.75,21032580.99,142205370.68,-46122263.12,142211217.04,-85397467.63,21843246.87,98684983.67,80252466.28,-81442930.98,80163366.57,14950489,65978174.66,8585960.64,69365308.04,1490240.91,142248754.66,-80784355.06,-85468546.65,142213123.41,7104547.05,31202406.86,4470834.99,-55219778.02,142205374.11,78377516.82,270726196.66,52580072.75,142198646.94,-10763457.12,44081999.5,10583049.78,4094064000000,-8570328.35,142203483.39,-13165866.56,49002795.82,49636234.35,-15675912.37,-89604165.5,-60796128.09,142204903.73,-18308050.4,-28719233.46,142210196.07,-79401490.86,327948168.23,142203980.04,27640207.46,71219130.37,23516496.2,142203446.87,27279123.66,142203250.02,142208247.48,-17969475.32,-42534149.02,-13357197.62,-32232053.36,142729352.77,25429052.93,-41399145.01,94189316.03,-16316979.91,-74279139.72
-98793310.28,-77861743.03,29385222.39,-75279410.66,47531122.28,142202031.25,22498059.52,-48812928.74,52858099.63,159247933.05,148699645.25,-22859904.11,97137734.6,-41101853.66,142253626.14,2723651.04,57391153.4,79484519.62,11965926.65,-84553775.73,98072639.8,53282829.61,-57549403.57,142205832.08,34813686.59,17946596.76,-61267330,142200568.49,-7569237.69,-33936242.78,92717362.05,-82986344.52,142209600.92,142204213.14,-17864494.58,-16306895.77,75884005.34,142209814.01,21427276.2,142209714.15,-4458087.68,26236730.71,41726677.2,70608326.09,-24346295.38,18351750.17,-2519493.38,24219186.39,-10273923.04,95282148.4,-54283968.66,142241665.88,-77142820.01,90060614.28,142210039.75,-9208997.17,40386061.12,54490672.68,-96837626.21,142209519.09,-92982452.11,270726347.84,55867631.31,142199508.88,-36219823.75,-70896008.88,-6596549.22,4237228800000,-95478141.73,142203058.94,24383305.29,-4442027.06,-54533824.24,-774818.6,60329853.71,-92226820.09,142207025.25,3899521.36,-37884041.33,142210884.57,-52511717.12,307388161.87,142206817.19,7480643.33,5719250.67,-94611238.61,142201648.35,-66954126.51,142200675.67,142204670.63,-57662440.67,-51440.69,45113314.69,-49338316.45,142935805.77,-91107524.09,-98967392.68,98141693.3,-68803981.35,-43008801.28
-26997154.54,48674502.86,-8011843.67,9077724.42,36701096.47,142200166.58,99832460.8,75371562.01,-87754677.33,165248553.3,146541910.77,-32552129.81,-98009504.97,-71536772.28,142252521.61,31124884.46,1201367.53,-44903551.15,85610706.42,27461433.33,11069359.5,-71131401.7,50002951.43,142208989.84,-33295970.63,-29024881.19,-24043932.95,142204704.32,35698702.12,47152100.49,-24036760.77,-39931640.77,142206915.37,142207116.9,80375122.77,-68668758.3,20949470.13,142212091.54,96387136.7,142205039.31,83802593.76,65612575.77,-23629226.64,-74207891.78,3866785.6,-33077285.98,-13734729.8,-58555773.22,52058817.07,90660110.44,-98448793.66,142231726.91,95316674.18,40676196.29,142206991.67,-18709596.06,31733698.71,90179170.19,93827418.5,142212881.72,22942983.25,282842367.76,-6947632.33,142201669.13,-26247155.24,43534962.87,48430590.03,4372963200000,-34275622.1,142204110.11,11177324.53,61336601.23,-84298616.27,27160188.06,-79018886.78,-42797937.7,142208315.04,32189976.58,22551947.42,142209010.01,-3036530.46,290913345.15,142207808.24,41430215,-3500193.22,73778554.06,142202082.35,16478325.61,142199923.95,142202168.78,-14489238.81,-98874921.46,34407093.37,-7780425.58,142684814.96,53493022.31,-44170842.6,-35843999.6,22863004.21,-23816481.44
-22308346.74,54304987.52,-96719434.68,-90266769.22,14356460.22,142200987.94,3420901.16,-24717389.57,58887453.32,165294141.97,144052356.61,48100401.88,20646985.59,59135957.14,142249159.59,-61618542.69,44414622.65,44431786.35,-28671064.67,-10320921.21,-19394786.67,-96146629.78,27907585.56,142212664.03,-45502028.51,-40030410.07,67545314.19,142208641.99,-84812366.01,-84470789.06,-33352498.44,-43365430.17,142204251.9,142209798.6,32817348.2,57190809.43,21869649.43,142211546.8,64783024.78,142200919.69,-34544311.7,28820196.16,-94135051.28,28878491.99,-35234112.79,45378710.72,-41369344.66,-48907519.73,37276243.73,42981084.33,91646312.36,142232371.14,49457442.91,-88287920.41,142206264.43,-60285166.39,65360395.62,-91231015.47,-5060368.57,142214013.41,44852883.28,282839795.8,78359570.72,142205826.88,-85189536.96,-33569452.69,46277367.41,4497206400000,-2326490.85,142207059.06,47239136.26,13370280.17,-47661817.99,-11742359.5,-24108626.39,58971832.2,142207368.81,-41927871.11,50956660.03,142206232.32,-63565116.4,252509450.83,142206562.46,66593792.04,-4445462.4,-43191497.44,142204867.62,91102652.09,142202007.56,142202051.3,-20912260.43,57054051.12,-76687199.44,-90189940.41,147204111.1,-15041125.38,-50652549.32,-93623204.09,51011633.08,-44522725.29
-10695011.6,-97667958.62,-6085345.85,-38294166.91,-66164194.28,142203694.38,72427559.05,35508989.92,15140146.03,157602426.66,143146402.42,-93950370.22,-22077532.15,22936481.76,142244743.86,-1329273.12,-61583407.2,-2160043.7,-21881315.9,-52125806.97,30398220.74,29166705.4,64595048.43,142214836.39,81396619.26,-59042879.8,62168038.3,142210534.78,-26518196.02,-49613182.05,25002044.57,35672752.73,142203215.83,142210467.12,-96445179.84,466009.15,36134643.68,142208516.42,-73434663.97,142198748.56,-86869605.73,27544681.35,87039443.2,24378259.03,-72580151.7,15964601.7,-32880302.88,-40682827.19,-42769664.09,-21759770.33,-22564049.39,142231965.13,8405337.85,-41779616.56,142207971.49,-11576903.47,-4743971.47,79064254.04,46220918,142212081.94,-27090837.87,283924295.44,22179960.71,142208193.21,77426019.69,20268427.09,70794029.93,4606502400000,-92684271.08,142209678.42,-39292052.5,-53222800.27,34003465.94,75839857.93,-91922618.7,78453736.3,142204143.44,-56560853.73,-91969709.74,142204182.99,70211196.43,205646711.16,142203777.23,-57373487.29,-43136071.77,4273306.14,142208711.93,48408019.14,142206067.88,142204055.55,71618744.43,32301039.7,-12124690.65,56359672.64,179166454.97,96305696.3,90047127,-3794157.23,68086044.38,-17065049.88
32324340,7127494.35,43028166.23,47034822.38,-12137375.12,142206497.13,46613576.21,-52709577.46,98470867.16,153767051.77,144465939.06,31526138.71,99721773.85,-21976662.83,142241123.43,38193808.05,-28817723.72,55159572.92,-55518744.3,-4154445.85,-4020196.84,41281658.14,13792016.38,142214191.09,-96113496.26,-3136180.98,-78647201.9,142209708.99,-73067653.7,-97288298.26,83119153.29,-67715030.76,142204519.63,142208443.51,-43436508.95,-89503909.5,96279616.44,142204756.95,51489262.59,142199554.63,89610059.93,-65145063.04,-39032248.86,7043253.59,-61214209.41,20042442.07,-64104419.45,47689541.31,-49935177.98,-95332658.55,75412715.16,142236684.38,-96988887.76,38049735.35,142210735.21,-78108204.98,-34936716.4,19851980.3,15414066.59,142208874.55,-16898478.56,283925275.44,-58637312.39,142209070.91,-60722430.76,-60441989.66,552404.06,4697827200000,-82343382.33,142210324.72,22077988.59,-20722576.95,-39104736.11,-7055483.99,89882092.37,-89416445.55,142200562.69,28188242.71,-17254450.48,142204364.04,19453735.38,164312998.87,142201297.64,-80922727.99,73929604.85,76796046.28,142211601.9,99887299.23,142210227.51,142206726.4,-4135474.31,-15490196.06,59934673.02,-76866919.08,150183468.39,-4206596.1,-41190381.47,-11501112.54,-30407209.79,43549530.2
57551932.8,-87632465.56,74600777.71,35856518.36,-9763624.81,142207671.13,-81612025.48,-62485706.43,-81738614.93,118692744.17,144556987.25,-22896825.81,-71083525.02,97479218.57,142241179.18,82221196.07,-35706503.16,53182681.93,-97258488.25,-56979204.03,-41877261.43,-25103525.47,-5429210.92,142210894.04,19151604.44,4052583.62,36170465.37,142206987.51,-40631607.07,13879321.88,-88165704.61,14221740.97,142207253.9,142204468.96,99710810.15,17188879.16,34672980.57,142202138.84,-10339398.43,142202653.07,80878822.36,76251803.64,-50162596.42,-68747169.65,12556616.23,-3442477.02,75872086.11,89671383.45,-76832054.93,-53957863.12,58703015.57,142228115.12,19272328.31,84243557.07,142212796.62,-45702386.86,83859433.36,-74534810.05,42844831.33,142206730.55,-14250776.87,290758855.13,6546093.76,142206390.5,-20143216.51,-76899153.02,-83869680.93,4768156800000,98364782.97,142208774.08,-97479868.5,61040359.05,88665602.09,-74548315.56,-56914068.02,-51777889.66,142198852.59,11407934.87,68801012.13,142206496.42,25556003.37,147941789.92,142200730.37,-48769294.57,-5313714.61,97314578.01,142211918.58,13497875.46,142212383.31,142208165.59,-12733575.23,2631416.46,-95346664.01,-28625102.82,145790768.94,-27164959.05,-4637538.52,64922577.68,93036404.07,11080851.02
84117756.46,74751627.93,82078100.28,73096844.18,-99249816.25,142206552.74,-1390274.87,-35380933.95,77423380.74,118915363.51,142582323.81,-92471038.43,44562946.49,-15388990.48,142243521.3,20864710.91,31038676.97,-68061186.04,-73264274.55,-27530006.73,-68274954.89,12595162.77,90997483.3,142206480.39,-12865431.43,83023296.18,84127198.06,142204174.34,-93650364.61,96459987.87,91191363.86,-91719703.32,142209779.28,142200491.23,-54291793.37,-22877779.86,-5610383.76,142201981.57,84642536.77,142206611.23,-7055759.08,-9477641.55,39067058.56,89514962.92,-58983470.88,17787130.56,-81912625.34,1258469.44,29303547.09,41025434.28,-99417116.75,142212728.61,-3021816.9,-38863845.37,142212421.4,-22176605.23,-42698175.83,-66051537.75,-77164477.4,142205284.95,89928572.07,290762329.53,-97121792.07,142204111.68,-11027327.28,-73639528.87,26369764.06,4815676800000,-77484449.12,142205780.54,27717999.4,59248203.29,-43520262.84,12839032.34,-59092421.48,55162744.67,142199194.31,-18304662.6,71825819.28,142210304.64,-94106207.44,153955061.58,142202862.73,60568347.39,-75177182.83,-33331626.97,142209352.15,-49260277.55,142211591.33,142207305.83,-82685490.41,68141583.54,-82718507.47,-95445033.43,203714903.92,11027535.65,-94431674.35,2818440.43,71332755.52,-1385114.96
37031696.32,59216036.87,-24860090.36,8851910.47,850602.05,142203916.97,-58772545.77,69398098.15,6395403.63,121017149.73,146128609.71,-35227035.84,-58427487.91,70057463.19,142246849.36,23845148.7,46289445.33,-58797957.75,48762614.01,87672700.96,-86588302.22,-79348012.21,-37963729.57,142203086.55,-13175084.67,31640517.04,-23379301.44,142202998.76,-93623824.65,57458421.27,26581397.32,30866650.95,142210360.24,142198490.77,46479762.53,-95479680.76,40835943.26,142204027.28,61725446.44,142209368.1,31984295.12,18463629.31,-44376532.03,-5021500.03,-70200848.97,57151672.18,72870093.05,14994537.77,53561516.07,-171419.36,94859785.05,142226325.42,5905245.44,24402858.46,142210134.31,13495911.04,-76424367.37,96531422.17,67071842.46,142207152.77,-44963609.81,286539862.63,-81864317.82,142202511.12,380356.55,69156851.04,-24552535.32,4839091200000,-29076506.41,142202890.39,-2125560.25,65074499.02,-41997219.28,-24918756.79,-66892625.81,-99235279.06,142202785.57,-74902564.98,90262810.5,142213112.96,-3725429.6,153979106.17,142206848.23,84041060.84,99429549.18,3801669.2,142205099.41,-54268830.71,142208355.59,142204432.07,3224725.69,-29592658.63,-76357848.22,-28519596.89,143115732.64,-53896069.23,26705984.21,38036290.16,93693300.1,-46612478.5
67521034.74,41234043.48,-56068583.8,44625861.32,80419433.67,142201520.97,-21948248.69,84355436.36,-61602015.9,136293894.28,143195803.56,85624209.8,-8787342.12,-23835918.48,142250549.03,-55550504.86,-22670137.27,-3611750.83,-30840772.38,98866721.96,-68465673.68,-53471347.76,29907189.96,142202278.54,8967843.95,34682495.22,77085894.46,142204120.76,68521263.96,-63090399.81,85545227.5,-1181930.32,142208259.29,142199469.81,-8691165.21,59871216.65,-81510692.84,142206706.75,61554516.46,142209507.18,-61511575.31,65740190.24,57154371.05,80580068.58,9369060.58,-89571484.22,75068083.29,50032504.16,-19842994.83,79804664.79,7176113.7,142242983.94,39136503.55,-96770435.45,142205575.55,-240807.72,-22781107.64,-11248670.65,-96322132.09,142209619.24,60498446.43,281407659.76,40403055.12,142203224.91,4757842.4,12206345.31,80252006.33,4837622400000,86321892.32,142204105.82,58390790.32,-83085913.16,-43204355.44,-76700784.76,-44753156.46,-98242626.15,142207125.68,-51567876.1,-20521647.01,142215319.94,-84095890.81,183756542.17,142210792.89,-74320651.05,94197615.61,-36183393.57,142201229.02,-86607231.95,142204380.32,142201117.41,-76275000.04,-42585806.9,-49614402.87,-9090172.91,439997930.44,87347536.89,-52568000.72,-28294231.1,52575198.13,-73471289.26
97544256.01,-83283262.37,37818028.78,-64832584.75,63971783.66,142201074.4,-14822534.44,41004011.86,-77574999.19,155160591.4,143686429.52,38381015.6,-47472776.13,-86801373.99,142252343.28,-41928302.81,-49720549.05,-12879692.9,57406768.73,-9895131.87,94261325.78,92582021.58,98256421.08,142204231.07,-18605480.07,35938817.63,59924640.61,142206761.73,-28126448.27,-93680227.62,878448.32,-71726004.33,142204382.89,142202888.4,82591520.85,41729836.14,42236996.67,142208255.43,-90910901.78,142207597.31,91920319.19,38285329.28,-64347614.19,38975696.71,11457809.3,54407737.48,-31405106.1,58229976.21,55506833.24,76587561.94,41129365.79,142260995.92,23932118.34,-2081341.82,142202119.23,-61029322.1,43438147.84,-94038593.96,92481217.59,142211254.27,-7723699.94,275867823.16,54863340.55,142206194.17,-74990686.45,-5944822.82,-97915782.92,4811529600000,-45529573.83,142206454.95,69204508.27,-59410539.21,-79602163.92,-98195529.05,72133686,962082.19,142210325.47,-97503933.34,43856792.38,142212785.02,93454175.99,211552225.81,142212723.31,61923421.9,-99991660.6,-66679000.29,142199566.59,70673041.12,142201740.92,142199325.4,56923892.9,90144919.32,-11630880.27,-3244328.77,420714880.86,-74493266.48,-13744998.86,68176879.87,-90951928.24,-15239865.36
65992520.51,-5733893.88,-5887250.95,-11498440.66,-84535165.97,142203223.57,10000238.77,-84563526.63,-27414528.09,158390693.43,144700310.12,87563457.26,31580782.43,-10257834.65,142249026.16,-63972743.96,-44075213.72,45557257.64,67099055.69,-8600155.36,27071714.82,-79723351.01,-45870109.09,142207671.42,5374577.96,86228285.84,5133298.01,142209168.49,-23209949.75,40410498.53,60929143.89,-53294220.71,142200577.36,142206969.18,15630944.28,-60680440.27,77955204.79,142207512.49,37730574.71,142204926.84,70167638.48,-40223047.04,-53864007.39,-59061929.04,-54138320.9,-13154277.85,-49697826.44,75952909.88,6912564.09,-98348215.28,1283717.89,142244767.84,-92152916.41,-48244280.17,142201511.19,-58480715.89,-54908292.85,42054550.65,-69115909.48,142211219.35,83087500.12,267663183.47,40896745.91,142209424.3,82342293.8,-79561952.96,-63233447.29,4761244800000,-72595118.19,142210535.77,98669306.35,-31058418.48,4406860.87,48468289.17,-83976289.27,-83853322.39,142211208.66,59234039.94,71384054.04,142208716.53,43868412,212405819.79,142211661.18,-82555585.22,-96247431,45088867.49,142200720.76,26426831.51,142201581.68,142200290.07,-25571142.86,-79568972.74,-72463873.74,89133388.64,151497018.9,-53425826.57,60223423.47,31168437.71,-86210150.17,-80285664.23
-53840695.74,-6803367.62,-65183709.6,74698269.21,-82872662.05,142207130.15,-43219824.01,1653261.33,99471812.49,150851090.69,142604592.34,43262595.56,21236817.13,-88623646.03,142244125.63,-25632299.1,-21101518.42,85173822.45,-82762609.24,5240521.08,97638257.08,20782944.89,-99915351.58,142210625.46,-50965710.98,-51181507.09,-99357152.17,142209644.97,26321485.72,-38907750.09,-57395849.94,-83506114.3,142198837.49,142209695.36,-29187017.89,41200007.38,91007407.26,142204817.86,94853072.37,142203426.81,63565235.16,9646124.79,-20696366.07,-22961961.15,-86083241.77,-233667.03,-39357802.31,-21581520.47,53583328.6,-66587285.84,30279070.18,142222935.36,-90603508.06,-56982536.03,142203375.97,-19616110.21,-73499803.42,31542976.13,56933683,142208869.79,-80806303.78,266443426.26,47036630.33,142211184.96,78453117.69,-82070611.3,33164464.68,4688409600000,13005971.98,142213872.57,-52879417.87,-42438843.66,43698235.05,75637016.95,-61928344.49,82282961.38,142209379.66,-47357400.81,96602305.55,142204727.19,95108693.6,214755401.47,142208199.8,-25871548.55,-17901826.28,-77944262.15,142203791.59,23006437.55,142203657.53,142203804.31,53006726.75,81046145.98,18139610.83,-44447312.52,166186091.52,61999705.38,88758622.98,-68351510.7,-96948629.34,45996644.39
87339215.04,99610095.22,-77904416.21,91310261.13,99556110.74,142210890.88,33620914.88,33420157.51,-18583657.44,150853751.1,142336953.04,-20012672.88,-70072575.65,11409102.07,142239730.66,-32837929.1,76643757.64,-86890609.3,-73904265.91,79702339.64,12146779.25,96645775.74,-92497144.13,142211538.74,12575185.1,92853914.19,-15334415.68,142207562.93,-52594106.54,26619832.75,28242368.79,-2294574.96,142200078.13,142209888.95,69897484.9,-80319375.89,88520802.41,142201706.51,91288844.29,142204156.62,-74783954.33,28733283.94,38647152.02,-60006997.5,-36772827.9,50897738.2,97608553.36,-4826623.02,81964818.76,-25366257,21058359.4,142217652.44,-75366095.09,61182484.89,142207400.59,72223584.15,86589238.11,-31185919.52,31679302.53,142205001.15,-78989047.68,266442802.37,-38982482.56,142210324.24,-76348115.42,81495288.74,-34704648.86,4595097600000,61196910.3,142214607.69,57592089.38,32001320.87,52624415.22,13270389.16,-60503281.18,51869830.5,142205890.32,-71326495.07,43712125.1,142203054.07,45357427.85,224608338.55,142204122.45,20055124.91,9881056.55,33315781.66,142206918.15,188786.75,142206438.83,142208269.42,-6281987.01,-51615983.79,-97702140.09,-50223195.3,245715748.36,-23702398.47,-24086958.44,16439561.04,-33736178.18,-92759522
-29866453.14,-99241887.08,22389151.57,62953871.02,65683719.52,142212569.24,26938671.31,-27003298.38,-42727125.19,133702528.1,143415009.13,15976113.89,62587462.65,-20218018.67,142237874.57,-70605076.79,-55238512.72,-29452352.4,17673259.89,-46742867.69,-65418947.33,-61922950.32,-52743455.03,142210139.13,29097183.75,11632027.33,-22830500.72,142203773.31,-63734177.64,45400004.23,-84088121.77,-56085822.17,142203641.3,142207827.77,41434992.98,74230715.84,36037408.35,142200053.37,32475156.48,142206782.31,-74018376.01,50639944.23,-37929038.74,-88597595.69,-81378369.73,30388292.91,1792616.79,36286452.7,10094484.81,-54294760.89,-29795686.55,142241110.62,49722853.32,46365384.16,142211688.56,71948900.84,64996760.13,41566483.5,-11921135.77,142201987.61,23965218.56,258505015.4,65648415.48,142206481.11,-93441399.51,-59030437.49,-23920909.72,4483900800000,25029195.39,142212178.37,81228633.84,32326164.71,-40179256.81,44690324.55,55909911.07,-80505860.74,142202942.9,-68098761.83,-50593842.49,142203165.44,-28259641.35,228131925.34,142201435.27,76341659.77,17484448.8,-8302277.95,142208350.46,-8061132.83,142208039.29,142211545.96,-97755049.77,12784219.17,92841895.77,-26634802.06,214372983.23,90784638.13,12099385.93,45303336.13,89391298.03,-1580003.04
-66603173.6,-97805848.91,-55104502.79,-24144895.85,-40118143.24,142211263.2,-15272581.68,64355330.04,-6705497.25,134198188.96,145144042.9,-58323256.64,79162273.12,93834995.54,142240725.03,-47459749.83,-31491636.07,88470813.71,93332990.78,-1124990.76,-17634793.87,49944695.37,74104522.89,142207556.24,5084695.65,-84402574.26,26588325.52,142200177.37,48795063.74,-43407096.34,-49257378.93,39307231.09,142207829.88,142205056.79,11892160.57,-64235989.6,4388596.95,142201166.24,-34151005.88,142209861.61,32409253.98,-54298619.4,-54047911.41,40108984.99,84288610.83,13364592.91,41856445.37,52105030.31,86768379.62,38487541.2,-3921478.69,142261845.12,-73550469.26,-60075628.78,142213661.36,24258436.44,27809668.29,-50903266.92,-3292652.82,142201646.88,-70327159.11,258508655.68,-25501852.56,142202475.7,-33132108.68,-2527796.62,-11989815.48,4358361600000,2000011.28,142208408.7,-49666075.36,38310707.75,29560653.57,61877092.15,39575516.46,-22274821.33,142202163.66,-4903564.87,-80131912.11,142206583.05,-95940529.41,231675197.77,142201341.22,-28615356.76,-30538749.53,40158813.62,142207437.69,-93619759.69,142207440.5,142212130,79282702.43,-5975017.43,99305691.27,12729215.04,185595029.25,51611868.93,-76400743.1,19495315.39,5185752,70079790.43
37369738.03,-27752766.61,21856994.89,-29615877.07,2025669.4,142207610.27,-67002677.71,-56415350.7,76712317.36,134834812.19,145179349.17,-6629277.92,44007441.31,-38009597.13,142246274.6,-3842330.35,59000858.69,30980522.35,-13469586,-63718072.26,67969513.67,11106983.42,27280761.66,142205637.32,-39186917.91,-60627832.13,17725317.38,142198692.02,90850864.35,41327824.57,20490338.71,72665905.19,142210575.15,142203422.09,-14141707.6,13018631.59,90202517.67,142204748.73,47831144.41,142211450.65,55455708.26,14001358.29,-91964250.35,93415535.01,24805818.73,90997229.16,-53467985.78,79859694.36,92182002.66,-61757042.71,90789119.36,142248513.62,12141.16,-54395096.14,142212973.96,59735594.94,58133906.9,-65015514.35,97784348.84,142203676.33,-45336095.57,257421597.11,19308873.87,142199320.77,-90934652.71,58439988.66,-84569280.83,4221676800000,92810426.81,142204318.63,-53072265.45,30563220.2,-64300924.39,12922597.49,-45483616.28,84731202.31,142203387.95,22332236.35,76026035.58,142209456.45,3261893.93,232979126.98,142203512.59,45469758.63,86440842.31,36073336.54,142204974.78,-27988651.52,142204922.49,142209912.82,85849612.94,12226844.38,-15252081.61,94759966.11,158833399.57,54870300.87,43721617.29,-54887454.96,25299058.75,97568527.77
-87133185.21,25244607.52,18147259.17,29216511.6,-10645624.74,142203445.37,-52651585.63,-23196176.44,-79660652.33,141561964.55,144334345.27,-95431722.9,-35105266.35,-78719879.49,142252947.74,55630278.54,78049140.43,-81378150.27,-94703264.83,74590919.94,15028864.56,-88688698.72,16481137.84,142205833.33,-94878160.97,-20465777.47,-32815527.29,142200187.42,51660819.54,-94104301.99,-53200862.51,52986825.95,142210697.06,142204022.32,56743174.67,-30032741.21,3810746.6,142209155.06,37354122.61,142210356.83,19162665.57,-1122178.69,-74352676.17,-40536789.06,49843921,22378190.52,6501769.96,78673150.84,8411784.79,58329703.43,67365241.65,142249930.56,34967164.16,-46318139.31,142210255.39,96065434.39,36573219.06,-53171358.24,-21004458.52,142208257.77,70589267.15,257422606.39,-10556722.13,142199025.45,3096578.67,-35271292.33,-17009577.28,4078080000000,-37608106.85,142202428.22,-33848251.29,21868614.01,-51512548.95,-39304999.6,17982067.67,-64489759.89,142206235.43,-44800896.96,25827274.43,142210305.09,-63590772.85,231565641.48,142206419.07,-5711485.2,70928870.2,42881969.48,142202714.92,-77257590.3,142202006.18,142206244.47,-12811804.53,48830165.34,21326233.13,89027775.56,189610891.82,-28229499.36,-29221199.53,-92649372.33,79451875.84,91673274.44
-6396614.79,68531885.25,-88967071.64,-59498191.39,-17610043.59,142200801.86,-32448181.78,16403128.95,-22092768.1,140985331.07,142770120.88,-44706379.62,72173761.68,-21442325.34,142253378.75,-56191025.75,-38231527.38,81361503.99,5633744.8,21857952.8,-86711574,28380396.84,32214645.47,142208371.23,10109678.65,55888185.31,-39894840.25,142203993.58,79713973.53,75244722.54,58429621.21,65686468.1,142208528.84,142206543.83,36201277.51,-70395429.75,-96162593.61,142212276.5,-2467455.37,142206862.87,12058826.68,23064004.49,5869139.14,91367601.14,41840595.74,-8945448.33,-1621908.05,2063478.04,-52415566.86,-39125905.54,-40256086.33,142229654.99,4798854.06,68711434.8,142207779.21,-54264565.61,-42265369.77,25261317.1,-3626236.8,142212171.75,-99326803.74,257421252.89,-11380575.23,142201625.12,8039596.9,11589591.4,63056929.52,3931545600000,-15414298.78,142203483.8,38367392.63,-33546946.78,-38991764.74,-61273450.45,-69453853.78,74053100.57,142208156.02,79186887.82,-13745056.9,142209766.13,-77566992.18,248364700.58,142208186.53,50888888.84,-44460514.57,31096938.06,142202328.55,92866916.36,142200590.47,142203138.56,-10359556.57,-55218809.33,-25844813.11,41400330.27,311151913.36,-18104169.63,-46272738.21,94689532.67,64179727.5,-6645736.33
57632846.81,-93347651.68,43983255.83,-54947366.79,52768617.28,142200814.24,-2727650.26,-48522245.23,97550589.64,140985010.23,143696892.01,-61695967.05,29240326.84,-92847629.71,142251412.65,36234322.62,-87945530.68,19022623.43,-57522849.59,15047772.26,77429665.09,-31646560.86,83239065.66,142212028.42,42607835.07,58465981.21,59298530.83,142208254.93,48287647.53,-38457629.54,-35745912.77,81049733.82,142205624.87,142209447.5,46330694.27,-66714008.82,-84906531.5,142212630.77,-59674539.15,142202583.18,2863776.95,9331291.48,79885897.22,7939513.09,74714225.22,-3981659.42,-7645436.08,24350843.96,-17911213.62,-18515822.32,-24199260.98,142239059.21,-86366448.62,-27657162.04,142206788.19,48717177.41,12651593.85,38559195.54,4267704.15,142214459.03,13870852.94,257418675.61,-29793898.25,142205143.44,-12468668.07,42082291.91,-63605973.89,3786739200000,-74341588.48,142206396.17,-72756879,-26703420.49,59994547.23,-75985126.04,29468806.62,64121371.04,142208238.01,-61562800.86,79932369.91,142207049.94,-68932713.44,221169436.09,142207718.47,-11282844.86,-82764963.46,-78806383.38,142204404.03,-89907550.03,142201813.97,142202158.21,681338.75,52581493.59,-90445833.11,21467776.82,168083608.49,-34050481.6,-97244161.8,62608358.17,-64383128.38,48466482.49
1098991.83,-69649323.68,-90451709.26,35833256.36,-50106260.31,142203134.05,35657033.71,-46930881.77,79115385.65,161045885.36,142554812.19,21101783.95,-31661411.91,84481196.04,142247856.63,-98394947.29,-9488780.99,75860534.67,-54788215.03,-49966438.79,55729883.8,6053233.28,-81991726.69,142214802.81,62414044.29,-19957430.42,-67836420.36,142210936.16,-72366520.61,-96621352.61,23057491.66,94163855.79,142203875.96,142210862.66,-36641312.21,-55269911.77,-28508126.25,142210198.43,-40329812.66,142199652.14,-21137180.56,85933800.17,-84514438.25,69151992.87,-6854979.95,94280328.78,97166930.76,31801447.74,59110251.05,-16067045.32,93997569.98,142244426.23,-49909703.84,61645543.12,142207595.25,-56575447.95,-21552107.84,96315078.65,74213392.28,142213326.64,81573414.18,257416721.81,-90267968.64,142209078.06,-15548389.42,-96368089.04,-7550188.03,3647030400000,-63495545.55,142209461.13,-40076051.25,-74283909.9,-29534519.28,56057227.83,-8965086.1,-89618220.88,142205664.38,87621683.66,15991322.57,142205307.27,-9493415.1,546717508.91,142205346.1,-4704986.75,-52804989.21,45587194.72,142208062.39,-74225416.49,142205391.33,142203570.67,-60161401.55,-71240701.04,99479104.66,-79091817.12,3676207250.36,-12741384.26,98484268.14,26228450.32,-2658870.18,-70835145.36
-27028288.5,-75336883.26,87675757.9,-29407418.69,-83556361.81,142206180.39,-16418536.03,-48385832.1,-17726924.17,178319317.9,142999466.91,69565494.1,39366429.79,-20106844.34,142244470.34,50768686.36,43421176.39,-71900326.98,-92382109.66,79669570.9,73652576.38,45495968.83,-27849471.93,142215071.41,43366358.18,64551936.79,3960635.7,142210918.23,-50444925.11,-35994652.72,-84542751.43,-93519228.46,142204350.53,142209661.35,-11423670.96,81539881.11,1294062.11,142206352.61,-14203615.82,142199493.55,18221536.22,-30736494.87,-15227795.48,14720762.07,72915925.74,-84418674.08,-20434696.96,-39210962.91,776759.07,56307568.13,24402674.31,142228736.81,-9224114.1,-51663196.93,142209733.05,-6834952.31,57335983.22,19345892.47,40090438.36,142210381.07,6127993.44,257416848.77,-10053339.46,142209577.9,80522632.2,-17878702.59,22170439.89,3516998400000,-84193447.32,142210703.83,33597232.11,-39958221.66,11837224.43,40330893.46,68632817.81,14480172.23,142202125.73,70970418.88,3693362.65,142204158.03,47076534.26,550058275.16,142202585.64,-39566508.48,7225344.34,-7354923.08,142211411.7,-69526105.64,142209678.25,142206223.42,74672289.08,-26604638.12,-5987907.02,-55605844.93,184883458.6,-86670489.51,-61616524.23,78499883,66915430.57,-6128323.36
98437299.16,16493363.75,17681860.99,93840695.41,11421531.71,142208075.61,14640092.46,-6770838.72,98948403.62,175913385.01,142517866.81,90395535.19,-71605973.57,95339602.78,142243470.57,53082014.41,63380263.86,-61803838.93,-1522090.82,20764224.84,-4653897.65,-34683382.13,-79567867.65,142212482.45,-85135550.94,-68554004.04,-80641675.33,142208573.58,88032960.87,-32850944.81,50849294.37,5140195.29,142206756.66,142206164.93,51353954.89,76681073.66,-66639520.81,142203161.2,-95301646.25,142202132.17,96640059.69,66477969.42,9652416.71,-15312019.47,-216993.64,75807266.06,27193813.82,-94373638.86,21826999.59,68258983.37,-58215809.8,142226263.63,74407231.7,-4313899.51,142212028.13,-83889044.2,-57559499.53,-80564500.98,-343464.53,142207346.14,74141966.62,257203193.97,-67576568.37,142208070.8,-8624692.76,65983117.46,-60461715.91,3400444800000,-80707163.13,142209848.41,17650638.57,76725902.08,-71754082.25,-39536549.41,-94906004.75,83419274.76,142199534.82,37424632.4,70829252.37,142206064.03,13377318.22,630259864.97,142201302.84,-25609023.15,-82778204.24,80165906.27,142212591.11,-28223929.67,142212596.43,142208268.7,-70119420.53,81664613.43,57245183.83,25733035.83,968158377.74,46457764.16,-17077417.64,-89446983.22,27052044.85,7161904.5
-54756198.93,37339161.61,37485509.55,-23502537.77,-27553372.71,142207731.57,31838913.47,70152773.31,80262213.36,189310228.36,142361299.01,-43151504.16,-89863087.85,36685661.34,142244878.96,-5969146.6,-92902404.03,9865642.53,19662050.26,86879645.05,74296774.8,-43134870.28,-76247054.74,142208179.17,-91072016.39,8417924.7,-58901539.33,142205504.54,-89017310.3,24623017.58,86607202.57,258897.15,142209525.98,142202014.2,72165792.25,-69392429.56,-32769131.03,142202151.05,-83275726.66,142206137.72,76149322.66,81120590.04,-22012845.66,73762400.68,92880994.61,38609673.16,-29499849.7,58237448.08,-11217713.59,-62699810.88,-45099223.42,142215355.12,-88280654.84,-14267698.96,142212551.46,52146955.95,86321374.55,62002095.15,32988055.55,142205674.92,-69167.75,257206657.64,23906951.32,142205694.7,-50742957.15,78366785.69,-25459462.61,3300393600000,17408058.71,142207364.64,18492856.59,3864992.74,47705821.91,-6275171.05,48944021.41,-62021455.83,142199313.07,33130688.08,4170014.39,142209797.47,29093749.29,626037668.59,142202607.29,-76180362.76,-77779993.91,96845532.02,142210819.17,-37579522.32,142212699.36,142208256.64,-84288936.84,88602582.62,3137689.02,-72341833.93,203449243.16,-1975795.36,-7306172.95,91621184.73,71147271.68,57801489.33
58225039.06,17975558.57,-42896115.65,16544530.81,74101768.73,142205469.44,63107287.04,2520091.85,39390444.76,189309197.06,142440525.5,-59359047.62,-6068441.89,-88052028.85,142247808.81,54569940.39,-26926950.27,19882702.94,-29244282.96,67895029.61,-8713606.98,-19272165.53,-26641839.25,142204244.58,-96871400.77,-26386707.29,-86426419.73,142203599.95,-65935745.04,-53141902.76,68570150.69,10804398.18,142210818.46,142199289.15,96613156.99,-50208182.44,-86381679.99,142203575.75,77492137.4,142209455.43,83884141.72,-28249533.14,-61910492.27,-65006046.78,90393815.16,1876014.15,-24512953.87,75018429.54,-55866950.11,68514360.42,42132454.43,142211936.7,46721568.48,-66742399.11,142210621.91,-72696821.02,-90338630.6,-46685317.47,-58759664.5,142206442.61,-80629057.51,257209225.4,13397542.05,142203469.77,35928491.65,-1923671.43,1266150.44,3219955200000,-82776762.36,142204900.05,-82148182.35,68792398.9,36686702.28,33653770.03,-19847178.68,46667695.04,142201976.26,98625452.17,-8100657.81,142213604.5,-97796308.92,630583785.37,142206150.61,-66709319,-39161779.91,7968508.18,142206855.08,-18782407.48,142210018.29,142205993.37,82794113.8,-18247034.65,-64929291.39,-83598206.82,259809485.44,91585316.03,12237671.53,-61446391.73,-38952453.39,19220221.44
-29383321.08,50364422.66,13194389.9,5109290.6,14863428.28,142202822.24,-53417249.1,55610309.05,-240517.02,189306127.62,142293941.54,62594483.01,-89421137.87,28990114.64,142250380.43,-32548736.08,-13429594.34,-54586955.45,88657239.65,47624849.65,-31069757.49,50934715.01,-70485204.73,142202540.28,-93017252.18,-57505575.31,-94349656.08,142203948.28,-79934703.4,-57994925.48,86539236.9,90374726.69,142209558.42,142199386.08,79276131.7,3858531.72,50521537.78,142206276.34,-86162444.02,142210533.41,57795560.78,-50146901.19,21363195.3,-79248780.1,-99384105.25,-11667336.05,-93023955.14,-17276139.74,66395749.52,-70143408.8,64403068.49,142215594.62,-38074283.02,-29819589.57,142206736.88,28676708.22,-48375826.36,19093764.67,-96823496.96,142208930.34,56608384.41,257209304.77,52310776.76,142203493.12,-42191298.44,-87812840.25,-57604826.93,3161462400000,-29925461.35,142204319.17,-14607947.12,-85373401.92,-20243674.36,46114907.43,-30436017.74,-28768450.32,142206339.38,-54606812.43,50322452.42,142215228.03,-45408922.52,1285966710.8,142210293.18,-64692953.95,57090541.88,-23337394.21,142202609.63,-46579060.99,142206002.34,142202691.83,-44075844.96,-5084218.66,-22361092.87,-76576810.69,6739428552.35,21090981.33,50138694.31,-18521195.94,53044531.1,-23808479.11
69925994.07,-77750804.76,-6148842.82,-73268001.39,268385.4,142201634.03,-98736205.93,11187695.06,-23582814.32,189302876.52,142251393.84,-74204988.45,38162572.53,-34474081.17,142250994.9,-24919492.46,-58905241.65,-21588431.26,-86265853.24,-62532485.16,-82431533.2,79772496.17,-94184897.1,142203735.54,-90644832.84,-96654844.26,45333009.75,142206223.76,44280695.28,-35005040.78,50932722.51,40701251.67,142206103.01,142202248.56,307262.92,26050452.42,-72998404.74,142208398.05,58278829.57,142209144.63,-15262250.17,95884355.84,-67684856.14,63582884.22,10672447.61,-87143595.9,46630567.96,90255456.47,3182930.89,90397540.22,-68592781.5,142210886.77,66990652.61,-67541683.09,142203200.51,-91517001.87,53123185.18,-83286497.39,-34582257.05,142211548.41,-89547400.09,257206590.19,-72802552.97,142205743.03,67855983.08,95565159.03,-79750655.08,3126470400000,24211108.62,142206291.82,-38844426.65,37409901.65,87096323.25,38408098.88,25345834.97,-36637166.02,142210407.96,-29614052.67,65973252.49,142214040.03,47746592.6,1390991047.16,142212964,-45960039.13,-1405405.03,-86483284.06,142200118.98,-46951395.51,142202717.13,142200294.47,-87524361.92,81703543.99,-20952018.86,26943017.74,1209102904.4,81750096.72,-51732230.87,19890576.15,-7878490.33,62825798.61
-17319892.41,-18846439.06,44948511.25,77579138.95,48285905.6,142202969.2,42001060.47,-50248067.85,-84135545.38,189301257.15,142267984.39,38098553.18,95498594.42,36263289.22,142248697.81,34621790.81,37352388.19,83883758.65,30621274.9,-6871562.86,91339514.69,82095496.06,-39095140.41,142206969.69,13798124.69,-36765552.53,-83410088.89,142208891.94,93179196.59,18340379.89,43163661.01,-45914543.56,142202101.77,142206403.76,-6919262.48,32267154.6,20001546.25,142208494.51,56559463.6,142206466.41,-8354467.29,22325013.56,-22932607.34,-95863038.37,20360301.94,-30051880.82,62411006.96,-86392238.25,46976789.33,34983991.66,22779611.73,142241078,86692308.77,-89412946,142201551.24,-71461678.84,-16692509,-64240100.51,22256653.49,142212229.81,72273866.39,257202276.9,13650138.63,142209010.84,1368861.02,-23201452.76,-48824766.19,3116361600000,11479921.59,142209362.66,60413205.63,1828855.53,58351807.97,-17016598.43,-25833792.5,-24199353.5,142212123.39,-41167867.86,7562272.14,142209790.82,63573875.93,40573747822.88,142212796.42,-85289005.27,41137801.4,45069857.67,142200452.64,77357521.48,142201715.19,142200369.57,-44273993.93,76600252.26,40433529.3,-66846712.79,392017208145.13,-98483526.08,31572918.14,38062754.76,-15420482.69,-85174285.71
-14140110.57,-71378969.24,79287079.93,-77677163.93,30711139.75,142206455.11,-65416225.65,88183910.78,-86721713.53,189302022.92,142244735.15,-78823968.11,17956627.61,26231524,142244297.13,-32512743.39,-68701734.98,-18637593.61,-93506341.41,-69753848.68,-83029530.37,-60165183.62,-98381635.06,142210368.44,-39668882.07,-66304454.21,62150762.99,142210115.66,13308947.2,-97752219.39,81331217.87,43926410.1,142199613.6,142209775.06,1729647.62,-1900594.27,-79843619.61,142206383.83,-43951707.66,142204359.38,15051373.31,-14565298.18,89742531.51,-14047530.9,40944258.38,73022260.44,86489539.35,19358574.56,69517700.62,-38419173.41,-43192057.07,142222672.46,8158268.08,2950829.46,142202199.86,89945990.69,-54599834.54,35386768.93,90628397.75,142209630.19,-40199165.59,257198439.52,75117670.68,142211368.5,12746239.02,-20563094.83,52742276.52,3130876800000,86576949.15,142213187.43,83861988.81,99695014.67,-74162460.61,-63764281.48,77897838.91,-44104019.74,142210455.68,-91923328.26,-31008348.76,142205756.84,8867162.76,42189664339.05,142209881.13,71593027.53,25054912.25,12435131.2,142203162.9,-33684289.95,142203207.79,142203197,-59412507.8,22740333.71,77754103.7,23657044.03,16470330976.19,-81058409.68,-38516516.54,89147729.1,-88589431.64,-59766649.55
88226420.8,880926.49,92277946.87,-41306153.86,-63246840.8,142210437.58,36500806.66,-87688340.19,-49955987.84,187439935.74,142570965.18,97478954.72,58786512.81,-50645290.43,142241109.32,83373487.81,71970151.44,71910716.28,79624506.28,45063067.95,9366195.66,-20006931.94,60099645.01,142212104.76,-2978162.43,49996469.8,10924368.15,142208844.25,-8989754.55,-22309196.45,98197863.83,63870950.37,142199979.83,142210817.27,47424005.8,-35347398.2,-65348468.14,142203275.24,19719046.41,142204270.66,-45851800.58,3814547.65,76856731.92,-93426974.28,-80702390.01,-69888780.06,-21060232.1,-92189435.99,1316764.51,7825728.01,-16764871.57,142254078.4,76949332.84,95468345.45,142206069.75,-77502228.07,28342114.9,-8614252.27,-4377927.42,142206122.4,-32806788.33,257196918.25,-49606124.39,142211385.89,3178272.16,99370962.02,6695960.79,3170102400000,-71370759.95,142214876.44,-60680.89,18690628.11,-2147402.36,93534182.25,50948948.48,82400438.19,142207242.44,22668802.48,-70658139.7,142203053.48,-65131887.43,42766257326.28,142205720.25,-94309854.85,31383399.81,36180804.44,142206578.76,68878359.54,142206003.42,142207565.73,-85696079.54,28776609.45,-53098801.29,-62100506.7,5934003433.42,31686399.59,-88068733.07,9906098.06,14994598.39,-28091965.2
-77357503.41,86086775.62,11485595.02,-12749020.86,-69928793.04,142212869.8,-86847534.59,60784814.03,38299633.22,176776826.85,142616564.7,82887681.49,-29219225.65,29152600.92,142238402.23,31965716.8,58939046.42,25983607.61,-35135733.68,-1418476.22,-6707627.68,39618521.32,28719888.95,142211415.46,-75394221.07,34199167.88,10560274.53,142205463.43,71648128.32,73484830.54,16890482.3,-25647553,142203082.2,142209338.91,-84354580.34,-12732437.55,-5617978.72,142201089.48,20380672.72,142206384.46,-8219851.21,-33067548.12,23440664.8,98059422.78,-32425619.01,-40338970.57,13334538.53,-41131568.54,-29737094.17,-36777109.06,-71871284.86,142233355.2,-64816960.13,-44766933.44,142210604.93,-23079890.82,94228890.99,-67891095.83,99498645.9,142202577.59,36220005.91,257198332.37,-85695948.9,142208939.45,-93031180.18,-43022231.77,-18364133.55,3232483200000,80235607.44,142213380.68,-11946989.36,-23429300.64,-88694175.81,-93347493.19,-16224.94,95686447.34,142203791.96,2575256.04,-61564602.85,142203187.31,52477624.01,42462224352.4,142202406.5,-28486033,50331904.64,2729782.33,142208772.25,-81025108.44,142208237.27,142211403.53,-56458768.52,58238024.55,-47118814.37,-85534467.61,635850561.78,9275419.74,1052618.77,-90751841.07,59214275.82,-7390984.66
-56560676.15,-17676725.26,-75875637.95,27149893.83,-69878664.4,142212440.05,95379005.9,-21208588.54,76642762.93,188660394.19,144396653.24,-4319119.34,-18765850.33,-55881391.56,142240418.45,17601411.38,-84661742.45,-3744818.82,-82570096.04,30586124.59,56142000.21,-55845568.29,-18916822.24,142209050.82,33122216.67,75704613.21,-43642355.68,142201630.57,-94767740.41,27546241.6,-6227997.17,-32715618.74,142207369.46,142206541.1,-56035557.99,61325408.9,-24123040.3,142201323.15,-26907063.39,142209469.78,14820461.19,-60153245.51,-93974098.72,41827419.48,31226397.11,-35044685.07,-40697023.2,-14675652.65,-30945759.17,-94294616.2,33197808.58,142296854.12,-64405379.2,49629932.87,142213336.28,-29695016.89,44402030.28,55634359.3,-50508372.77,142200955.36,-31404611.43,243504729.09,-39498566.4,142204079.32,-4079538.48,-22824793.02,-42387011.71,3316636800000,74758600.47,142209457.34,-99554387.24,-44899085.57,-3211764.67,9631379.6,1320709.22,35168012.01,142201935.53,-21862107.77,-80732979.77,142205238.01,-7196777.86,42523931146.85,142201452.54,17586558,26164805.63,-25871243.78,142208648.82,-70859853.19,142208450.56,142212877.65,77752664.39,65826669.89,-29456559.62,13137925.47,801925802.03,-60797765.51,-72159851.12,-12308324.04,-98483141.36,-56625789.71
-36270450.9,91013869.68,-99589667.34,687826.9,42927927.86,142209305.63,-76026841.12,57172355.19,-3186439.14,191007007.68,143286678.86,69768590.61,80687103.62,20459534.46,142244747.96,57325271.75,20448790.21,-71784439.28,18713002.1,-24735356.54,75212208.15,96171176.89,-54680946.96,142206708.38,12387813.17,25610857.18,88640543.77,142199380.07,54411566.72,23934406.27,75760626.05,-97329598.96,142210770.47,142204313.2,-87654634.32,47407470.49,-2527897.09,142204232.56,72605254.93,142211677.52,84952868.2,63891845.71,-56081610.1,-64234142.72,23108368.37,66037508.45,82680908.32,89161892.7,-9170381.28,-37849812.72,-74144834.83,142280266.8,-75440259.47,78820701.93,142213129.28,3117424.32,32886029.5,-84831334.91,-78204412.29,142202601.06,76528755.43,237465430.01,18989018.51,142200412.82,31114290.51,11964142.31,65433322.29,3419798400000,4809170.94,142204977.51,-71314061.95,-49015149.76,-76049065.74,95234217.91,-54498205.61,15965629.78,142202693.77,14247838.42,35585360.21,142207765.96,17249214.86,42721272002.76,142203058.31,-25357661.68,10901234.52,-24982841.31,142206546.14,21981339.72,142206489.25,142211407.36,-2170222.34,-50373205.04,-10037665.42,-65602325.7,2941561408.94,18619206.65,87992040.42,92684611.53,-16711293.85,49376101.3
-22497822.4,23660611.95,77118267.95,-29531147.54,2783269.81,142205020.04,-66201519.4,73408686.58,-44164998.89,191003566.58,142260139.45,-63334580.38,-94285765.47,50725481.34,142248088.44,-78182277.68,66707718.9,52580047.2,-97794749.25,-30939199.9,-15406485.5,70067125.81,60285732.12,142206096.3,-29238427.52,-70070251.34,-88626187.03,142199997.45,44545267.26,55797897,-48176855.3,98685490.75,142211734.32,142204097.8,71586772.87,-32675849.57,-49022476.57,142208554.56,94501029.15,142211434.22,81946225.53,-85546425.22,-87753606.78,-32720925.57,65901029.7,78679286.92,40952983.85,-55052504.87,-23496387.45,75804836.25,-66021434.63,142210379.6,11013228.04,92440486.74,142210867.32,48424687.03,85866447.33,14122780.59,87765975.27,142206237.47,-16858362.02,237467266.56,-39156549.77,142199187.13,45771546.02,97484959.65,86703697.85,3539116800000,-9378880.3,142202222.66,-72012284.75,-13905112.99,-39487790.96,15091066.44,-10309928.87,-66012344.14,142204964.81,72923884.02,-88972714.94,142210100.9,-60179328.43,42912980140.17,142205989,-27483516.19,-31062577.16,-40461011.35,142204006.35,-53656291.11,142203546.21,142207931.53,-48102755.92,-53750269.47,-972187.71,70202769.91,2120553136.8,-34682745.53,-30923179.37,-82171009.66,-99941737.78,75932837.28
67425986.09,-99502805.86,11653366.24,-83654440.06,12477661.11,142201691.56,-70984325.76,300384.8,63031400.5,190021112.54,145043953.6,75173534.45,-42042546.94,-60012871.48,142251211.3,-21345317.49,25949485.58,-5123335.01,96399209.74,-35829968.77,48384723.84,74639512.25,-34379623.98,142207871.44,5895157.62,18454520.01,13849748.12,142203294.07,-65862615.56,37290186.6,48751932.91,96568944.03,142210119.88,142206062.63,-46042037.77,-63225579.02,61974354.68,142212232.17,-22568017.53,142208578.47,-95726983.45,-31946270.98,74585563.15,99026281.24,-16737682.91,305463.69,16354811.15,197229.93,20790894.63,26343291.19,-26694289.9,142278375.63,29259825.64,-53631508.67,142207724.94,-374128.89,-888782.43,-26730522.38,20167428.68,142210813.95,10131006.22,237466644.72,-41974314.41,142200872.93,-82632646.44,55212448.7,-45596395.9,3671222400000,577055.41,142202010.7,36445726.23,-16202070.97,20230290.03,50253422.77,-87199578.25,34011025.31,142207512.05,-29291600.03,-86359140.79,142209643,40804032.02,42913461627.5,142208352.83,32595991.25,-91453863.81,22475810.78,142202855.63,47220942.97,142201522.25,142204376.22,-80568409.79,-81845368.01,66416151.58,-81511323.89,264666931.58,87469.57,42913143.47,46804129.8,-63236491.58,-19844277.72
-93844939.89,29408074.58,69347431.98,-56016300.91,-4855821.44,142200842.96,-71549371.33,-92787649.98,-11515866.54,184895629.73,142551077.28,96118481.74,-88060944.48,86029786.44,142250907.91,-72748858.11,29540670,18159724.36,-64358515.64,-43942983.23,72886722.94,81921253.84,64108560.19,142211287.5,-182568.14,17332770.7,-81137418.54,142207691.91,-28273502.89,55211007.32,-57295686.42,82990221.14,142207163.5,142208995.75,58025078.26,-35376535.2,-18493643.39,142213466.39,-78164148.9,142204308.14,-70669129.76,-14444059.12,-95462411.91,-60437170.02,-12398856.98,-64737220.05,31015540.25,-22277941.65,49154401.28,55085172.03,32261315.94,142236995.13,90468557.28,-30931500.91,142205335,-85977645.07,26832219.13,-70173701.11,-95938718.77,142213289.4,9547505.28,232838550.05,17678044.73,142204320.59,16164719.43,-2269711.15,31216865.73,3812227200000,81453903.26,142204558.44,38127483.38,-6476701.72,9257441.48,66300135.81,-14509299.09,58256842.76,142208034.97,-39629302.93,18512411.14,142207414.19,-28133775.33,42419582593.22,142208693.97,61669157.2,57605291.5,27140981.74,142204117.84,-31853949.44,142201883.37,142202569.92,22882840.9,13007991.71,-6325522.39,57972649.96,1800680669.05,73238387.3,-4650912.67,-56352368.71,-76800176.51,-29731498.3
-50380372.19,-845684.89,-19766119.79,-38669031.13,61703290.77,142202608.03,14302183.15,-79976020.19,-44002324.31,179724620.77,143156672.25,40341938.42,67237220.51,53937450.16,142248579.76,83742382.72,-63445924.81,-15140887.25,80046466.75,-56920097.32,17841131.06,-18260859.8,92588665.73,142214492.22,93172940,62892038.68,-38509025.28,142211073.89,95307481.64,-9268660.18,96846187.66,22057888.24,142204811.11,142211017.57,80774365.45,6068199.56,-18267851.39,142211768.34,-67545711.29,142200832.63,-48521864.33,-98804209.28,-41603410.72,-60205163.36,23555130.71,-83442894.19,-76987679.91,45530373.42,-55148688.28,84089423.39,-82974876.12,142228644.88,-76463500.79,-16773488.97,142205845.34,-38280224.58,86784483.06,-80155549.12,-25289698.28,142213525.68,3849596.37,231840042.89,-41822413.65,142208151.14,39398074.61,-82641420.72,-83675707.97,3958243200000,87661318.27,142207322.66,-47259668.27,57881104.41,-47680264.75,-41251281.67,-10164918.12,56361779.73,142206502.07,67805470.35,-51870365.15,142204951.76,69859029.13,42314417200.96,142206856.92,-86601821.38,31123076.49,-60398946.33,142207383.34,-24494820.27,142204838.1,142203251.26,-10810488.72,-68706367.32,-5141894.89,12979954.46,157469782.43,21750938.49,-3321562.82,45975663.98,-44521381.67,-64044085.32
-32654417.98,32079613.48,24666767.14,-66911219.5,75378306.81,142205710.21,-48446334.45,-66847545.57,96002094.67,183680605.75,142853807.37,-27482968.09,8928257.36,71880475.76,142246830.36,-44363737.72,78656136.02,76490670.02,3475629.61,-73913514.5,17253995.79,-50102262.51,45961247.29,142215626.28,85446466.45,28416387.91,-9954826.93,142211926.21,89910868.3,-76551470.36,66813363.28,-71372001.09,142204451.73,142210665.66,30733033.29,-63899263.21,40600375.68,142208077.06,4148554.84,142199730.95,-70703681.17,36507723.9,-90811861.07,59859530.62,-74265560.5,-19700457.58,-28574404.63,-49246412.83,31837099.49,-41375520.9,90753654.59,142267833.1,-38895784.07,95029890.87,142207986.56,-71822107.99,-12618906.57,45680631.75,9513240.44,142210719.73,13203650.26,224073873.64,-98108556.67,142209885.54,4868720.01,79825201.85,-54746868.29,4104777600000,3765748.34,142209912.38,92387114.05,-82434686,77227766.1,57276463.22,6966783.33,-5755027.29,142203021.94,49575282.61,97114794.46,142203628.05,-53873014.97,3573335641,142204044.47,-48795104.09,71292558.99,-184085.79,142210997.14,-30450265.53,142209073.91,142205684.99,49129162.2,22343499.89,-68494401.9,21663425.86,4606380554.01,75489982.33,45652807.27,-32371201.94,50250733.45,-91518941.61
30280670.17,-94642606.14,73784935.31,-81578665.97,-12516719.65,142208227.39,-38674308.93,78368568.25,32122877.71,183684961.9,142291548.49,-6274010.74,78350136.68,-6608315.06,142245371.72,90005269.65,3869128.63,97434915.14,-32953688.71,-25815987.05,14010601.59,54624642.52,52177618.19,142213863.46,-28122910.92,-83058862.8,-58668983.64,142210136.08,-99607352.5,58861398.72,32615147.1,20552367.35,142206292.02,142207782.64,3951504.5,-17647183.35,-8204160.79,142204400.17,81631013.34,142201641.75,-53406544.74,9469277.32,-19607239.79,-13175926.88,-57106472.78,1425238.88,-93385165.32,-46176236.23,47273528.57,82210315.52,90478546.02,142211368.45,-98682903.4,-38981419.78,142210640.6,943855.13,-10260182.59,-64911348.07,33694431.29,142207795.36,-501966.81,224075544.87,33839682.37,142209429.61,20692436.63,21515650.73,99899029.66,4248374400000,53934898.91,142209948.23,96547704.04,96953968.85,-7675969.45,-90737049.12,-25289506.66,39813885.24,142200221.09,-12790939.43,13927264.06,142204479.13,88137834.83,1958541420.07,142202143,96053750.65,86594656.4,19806733.49,142212966.81,43835522.3,142212557.64,142208143.95,-12409226.7,37781331.67,-15990419.29,-49470555.64,322349458.73,26002447.69,4773822.38,-32131518.24,-29219259.91,13204776.37
-34608271.26,96902590.2,-32018916.19,17027122.45,27449668.6,142208704.77,67876453.21,63208619.26,97786435.38,183687626.45,142273254.5,7079498.15,50650721.5,-72472284.32,142246272.61,-80596367.79,90901184.01,33610869.9,37115001.03,5342972.15,-83227187.19,-50420351.22,76334149.33,142209907.03,-59752740.59,39005610.34,78154799.96,142207003.14,4037432.84,21437763.59,-23610581.96,23778923.61,142209107.85,142203651.16,-3863150.08,-2096614.32,32623330.73,142202561.19,-61446023.3,142205483.24,-20415597.97,-9181124.2,-86951089.07,44566655.4,85826319.13,30555494.33,-79602864.26,80021847.84,48005585.27,-75833816.09,23828524.82,142219414.41,31989696.03,37768108.58,142212024.03,-29155700.35,-60128773.06,-70478169.57,13755121.75,142205572.76,-50451093.6,224078779.64,21675111.53,142207030.5,-27837395.68,43834712.23,-7609976.25,4383676800000,-60403835.08,142208187.22,95193059.5,10216242.71,15308189.94,56155902.14,-51529314.49,-43791062.93,142199259.27,-47170777.02,-15337668.33,142208164.79,-28832105.79,4125459629.5,142202591.28,-4401384.42,49721369.18,-81563945.61,142212081.89,-75191884.49,142213542.7,142208929.48,-38027853.44,-16506164.77,-40943117.42,49316039.58,27603138088.99,31124062.43,16175818.81,-23121967.3,-87701708.26,59579494.7
-21278641.35,-81857431.61,-82901176.56,85869221.09,-1684317.94,142206983.78,66802876.3,-51868488.82,-15842343.48,183687453.5,142227311.9,10041424.05,-62631724.84,60297887.55,142249117.48,90232018.96,54216966.02,96247104.72,56511387.64,-9364969.39,91739360.82,-85123149.53,-81870938.05,142205639.13,-82114884.7,67470081.85,81067419.81,142204465.76,8117376.92,-37700763.05,60035181.75,-72899797.22,142211027.65,142200331.33,93556180.56,-73852568.48,-37671337.08,142203273.18,-71097900.5,142209275.17,21174877.71,71786437.4,83364896.27,-54574879,9883480.8,-13491535.68,-9283675.07,12505494.68,54442866.72,85676490.18,96500239.27,142210493.86,-18191870.75,51605435.83,142210940.92,34481819.09,12489681.87,45017151,71697624.23,142205616.81,-99964025.42,224081764.87,48556742.64,142204598.17,49142336.92,49698203.69,-16912720.96,4507401600000,85298019.86,142205195.15,-88943229.31,-13871578.95,54566331.74,72183715.83,-5301465.99,45099921.99,142201164.06,75461229.71,93684075.67,142211798.85,90078477.93,17138598131.36,142205532.37,82674961.04,21749917.26,-1416175.45,142208614.26,43033702.96,142211566.46,142207386.01,56209768.27,72345275.08,34158407.24,22119144.85,130767202536.2,-1728456.17,-92556003.49,14284800.79,-62062808.16,14499971.71
21325854,-86501144.76,70294698.7,-18324729.79,-88359820.98,142204277.92,10641720.44,-84531728.28,85161598.82,183684809.19,142263869.3,51681592.42,13534730.26,41311457.16,142252262.28,-19871861.58,-19125305.31,54866428.14,27449114.3,-92478819.82,-70835083.8,-4281535.88,85554587.16,142203113.91,20117782.73,-96225275.9,74620520.64,142203984.69,-30364406.24,80083451.87,56131311.37,1203414.83,142210620.77,142199539.49,-39255561.3,72010107.34,-63131873.92,142205775.03,-31927836.25,142211180.24,21738113.87,86408885.47,-23591945.79,29379815.99,-63904165.32,-96817982.53,-17084119.87,-46533343.72,-48683964.5,-59696000.01,57247180.62,142207209.61,16715049.81,-63685092.76,142207671.72,-36341377.39,-21827549.21,-96006099.37,-24029868.85,142207378.04,-49909810.35,224082685.96,-60210200.02,142203828.12,48405333.16,39281687.58,-87514963.41,4616179200000,-9077115.98,142203926.76,90598022.16,53546540,-24210224.43,79065168.77,54028380.95,-16619573.09,142205013.94,-58003656.46,98080997.68,142214420.86,-9409778.14,17156607719.64,142209670.63,-93865503.52,96830926.09,-86365846.31,142204201.63,90800931.88,142207691.66,142204303.32,43283827.92,38408683.43,82473395.8,58293785.35,982016833.97,14131091.62,-23569359.48,35958061.2,17661600.71,-44520202.43
23339702.05,-50129775.05,12170817.11,88653215.51,86946212,142202454.8,96465921.18,71309930.72,-21667421.24,175420013.08,147475640.83,3137088.24,-147518.52,-96713138.39,142254804.34,47183530.78,63358446.85,92961737.68,-82107997.22,-82660127.27,18307938.46,-76851126.86,-39108015.82,142203414.15,16766678.28,-94465404.8,-65605110.84,142205717.18,28180086.69,25501467.98,19750038.14,68890342.07,142207777.2,142201710.87,-16636202.85,-40869455.68,-57557030.49,142208335.21,-74170330.78,142210518.37,47560307.58,-77138341.17,48540219.45,-41053060.96,-51438362.81,-74063365.39,-74112385.67,80089422.3,82170787.06,-36707644.2,58618086.09,142324373.55,-80605938.17,42125401.47,142204266.38,-39951087.51,35273324.49,-81324271.15,67386684.24,142210804.53,61705531.45,224080773,-23756161.97,142205423.05,-14640405.53,-63536864.24,-22978571.18,4706553600000,73249158.94,142205396.62,-67911712.68,-58811353.85,52242967.8,-75697614.13,95338098.52,-70344715.47,142209798.01,72811682.41,13648887.56,142214521.57,-98307902.91,16890722229.02,142212963.29,-95892967.74,24277886.37,33879755.21,142200974.46,3844083.01,142203928.98,142201490.56,-49097784.61,93602091.41,98335427.85,14246641.43,282727860.83,-18411349.87,-28185572.27,18864419.6,-8294480.2,-62131986.42
-29932335.07,34284030.83,-62855032.56,-96676719.26,90342828.54,142202934.06,-33337172.7,-53584332.47,12670025.64,179336525.66,153800655.87,-65426065.7,-98172224.1,-46458162.6,142255718.28,-6095785.46,-6512673.57,1743255.26,28592279.36,-28652805.74,13861378.56,96992351.65,-99174512.78,142206227.65,22221360.21,-3717014.21,-73198515.32,142208447.76,-10608608.63,-62159296.9,-52267706.34,-42882745.41,142203364.85,142205625.89,89174343.1,82572954.88,-86325553.6,142208820.86,-96588304.78,142207574.16,-14316953.48,75314364.67,-32796410.07,-47242312.3,-38837763.64,2739439.04,-25623207.44,-87090991.73,-99564490.86,53220776.85,-49119091.62,142257863.18,14420257.28,-97378368.49,142202355.64,-64933865.89,-95790366.09,77156209.04,-64511330.42,142211712.96,32869158.58,-56858746.56,-56220989.99,142207881.31,-75783313.91,-92548093.25,7785448.58,4776019200000,-30662841.37,142208575.67,-43371237.27,15865954.42,-53144504.12,92125184.25,76786153.75,48100118.64,142212020.35,-69547766.8,32768672.66,142211963.2,-9025947.52,16692920799.49,142213401.35,-89942305.85,31795622.38,-80667317.95,142200410.99,3860734.13,142201825.81,142200615.21,47771303.47,69494679.64,27040637.21,22963469.12,142570465.79,-22797355.53,52702597.12,49711194.17,45500391.9,1510227.4
-10871044.42,-38971000.35,98476728.98,142205830.32,176868621.21,142200271.05,142249363.19,87024539.75,31098179.01,-9922869.03,142202017.76,48343444.86,142211190.55,-78537125.95,15711504.45,77372656.52,41599498.29,28881760.2,142202626.16,142207425.16,-14413630.75,99207686.86,-39272397.41,85645875.02,53382780.64,-18052137.81,142209451.18,-61479009.25,-22443043.58,-89992257.71,90434781.2,-8209646.36,-95904910.24,143472013.54,9483481.53,55278641,-3982740.66,-37320579.97,76116140.5,-4409257.44,47722288.56,35935626.58,91738485.87,21080605.09,16680799151.04,-38909869.52,4822675200000,58027068.21,77331410.78,142251292.83,142210312.06,142212404.2,60611348.33,-46641459.39,-26343295.67,142211846.49,142202660.96,142209508.26,38284104.41,-39407514.67,-34611063.57,-97186375.26,142207205.37,27562688.61,72912603.69,66335776.72,-39631883.22,8107198.21,-81695965.45,-82115515.52,-92608805.95,-69985670.99,-43955012.68,85051864.8,-80921734.66,45486943.47,51116952.36,62542025.07,72909466.41,53256418.53,-56862931.75,142210732.62,72027422.8,25343502.26,71176747.13,-66303233.96,142211274.23,-49112631.65,-81700254.09,-20851220.1,10100466.02,-60583923.46,147491991.47,64595918.44,142205059.69,-64881096.66,142202557.66,-13479160.01,-38492844.95,31859632.28
74969113.45,67243889.11,45691926,142209833.03,178179268.66,142199743.44,142238014.74,-81355015.98,23435872.76,29600337.17,142205015.41,-95292519.21,142207146.09,16082664.54,9106825.03,30753262.27,-82316903.48,57717432.32,142205248.49,142204517.84,-22608427.73,99764152.75,-85438310.17,21758855.21,95906461.64,13264413.97,142211783.64,43351962.86,-58052343.05,-60588440.04,47307986,43480571.5,91480233.33,245091837.74,33651630.45,-82003012.57,55947102.86,-53182804.27,-9935259.72,-85368989.63,-1605730.18,78044545.22,73959887.65,-23566475.97,16525240404.05,86585672.62,4845312000000,-88662707.58,75730425.28,142246034.15,142209899.64,142214659.13,-92042761.26,30199636.28,36213931.24,142208953.64,142206733.17,142211396.21,-11164582.72,91982667.58,-35367844.92,-55810586.05,142203732.17,-89610567,-61504085.51,46140352.72,44468219.1,-1785731.03,22824122.82,-19373983.91,-94959312.45,-93458398.35,-60002593.86,-93744263.36,-60582558.59,-82857253.08,-1967678.78,57271995.61,-43699002.61,11146022.44,-56865272.88,142207436.24,-20572712.95,-48843961.01,80833863.03,-21805101.46,142212194.27,-18033697.13,-47163432.9,71853947.59,-59300980.32,-50817344.28,142930688.02,-5140386.61,142204188.87,-93686314.1,142206046.41,-77085290.98,-66064544.7,50503330.43
81283001.14,-50550625.48,-667969.14,142212899.59,178181886.03,142202147.76,142229068.39,53173911.13,-56431865.24,-59999400.33,142209348.08,-90763284.23,142203301.08,56859944.71,79093486.56,50309504.9,35126845.7,24811701.87,142207914.55,142201886.33,-27339414.72,-5428868.89,-18381696.43,58457433.31,-1030054.28,3339652.76,142211931.09,31927022.23,-63919901.27,-21831026.98,46788203.9,83521141.57,65848222.78,371390577.56,8297750.1,89971512.25,38351527.47,77605158.58,55438246.88,-37953932.19,-76351263.25,91525008.27,-24880563.77,80731475.7,16546634717.64,-14837508.5,4842892800000,55219918.58,88685002.07,142242663.16,142207106.24,142214262.28,-75889059.43,-15983809.22,-24434373.92,142205286.47,142210926.64,142210617.07,-94744993.99,-37684454.61,-2832000.36,-2317245.32,142202595.1,29041250.56,44349601.22,17353308.33,98648766.69,-51105829.47,-39787949.32,-7332970.96,-3401671.15,57480508.42,-93373683.73,-27981045.68,-84745734.96,75590137.16,72243712.77,-58195895.59,64990244.23,-64027987.27,-56864698.75,142203753.76,-32880329.24,83775693.23,58058827.84,8518664.87,142209916.82,-33985243.39,-31104264.56,-29149738.61,22539629.45,-37943719.63,142570754.67,8612436.87,142205599.29,-68033471.83,142208892.51,-90763173.81,11418755,44559816.48
-65623140.87,24352185.04,94399702.13,142213377.76,179956596.23,142206330.41,142245557.7,-80761617.52,-39068622.84,-81156471.63,142212931.32,-47495303.19,142201495.65,-68911576.02,-644038.2,4825301.71,-68539027.58,49786295.15,142208919.04,142201284.44,-62052264.17,-27588416.25,86462670.43,-59036461.83,-72525236.53,25624222.87,142209986.56,97511303.33,-2957776.2,-70181935.17,10124197.32,77353394.4,-8581611.61,3023154293.35,-43472489.19,52503885.36,-9651581.86,26333788.9,57014205.63,7234673.39,4866989.48,15988006.36,21357120.68,-27542123.79,16388314874.62,-25474753.45,4815676800000,54720478.82,4622492.27,142242027.65,142203246.07,142211074.79,16666322.09,55817563.09,-78811046.01,142202846.36,142213223.82,142207990.02,29067806.57,-71782479.25,-64615874.52,-89818264.15,142204320.59,8566789.22,93639839.46,-38226195.21,55692444.76,15628345.85,-79846804.33,-59180598.11,70963996.61,-56388558.38,19622797.11,-86759676.08,-8391737.71,-80222741.23,-49445780.13,88070040.02,-70619471.89,-93943263.51,-62799302.74,142201625.01,-49746355.24,-60501765.65,-12203777.04,72408774.72,142205569.53,-36377098.84,13985171.99,-74345663.2,-98695121.46,96661612.85,142628990.5,-43654400.66,142208492.41,21892453.69,142209619.13,25028316.29,-50320416.29,-79800569.43
-25438511.13,-10524349.2,93923166.66,142210928.79,182396940.88,142210263.66,142304179.63,24609229.5,-74093519.98,74182042.32,142213981.72,-46207083.12,142202399.9,42575339.94,-75860902.88,57485500.08,21710289.91,-10074040.42,142207639.52,142203427.22,80022166.54,4895254.24,1774881.18,-5540443.64,6547572.26,55808394.47,142207432.69,-83247164.42,-38169169.32,52727623.86,-79434518.33,34495883.24,74504836.8,4685814762.66,66715529.22,-66834506.16,-74319198.33,4655973.66,81452190.94,88131030.04,79256990.82,79988648.11,-87598617.28,94961114.2,16824662750.5,-7458080,4764441600000,558233.64,93988944.8,142245774.63,142200352.73,142206698.4,-49945335.8,48332739.81,-68493191.43,142202726.52,142212586.76,142205312.95,-48920538.38,-39682508.67,99460769.12,8281711.63,142207422.56,95001088.61,11789008.97,-33132022.63,-6668438,-84996797.49,66209143.12,-85201652.24,-94233306.04,-71671064.21,-60900410.7,-14174625.27,61097224.19,-16018794.74,-45765487.02,-77232046.81,-41237269.76,16421946.04,-62867459.91,142202253.01,-72502175.66,45528955.39,-81875884.54,22467595.32,142201843.08,-47099619.93,-79575238.66,9752588.5,24098275.27,83705409.73,143508512.17,63249933.42,142211109.34,67332147.03,142208073.5,-25622064.44,-28222556.54,-28163322.76
23511328.74,-3493762.55,12681286.51,142206731.82,188375524.04,142212110.25,142211245.58,17743194.29,-42160463.13,61935249.94,142212409.73,4037022.58,142205180.7,-93064699.04,83847203.07,-54086499.66,-9075399.62,35701069.6,142204878.01,142207501.66,23008760.45,9580126.27,-41070928.76,62367620.18,79294380.29,-26323547.37,142205908.37,-34308531.62,-98535632.04,37330507.67,679321.31,-14795294.77,-88237885.07,142505747.05,-25758403.44,-5686567.05,-17137043.35,-47988337.77,19452494.45,12110597.75,-95289348.11,39604109.13,60617056.47,-89539082.49,14078598183.73,33689846.67,4690915200000,49081555.09,-55350043.77,142248593.45,142200056.61,142203183.22,-2261090.21,-36951852.33,-61875793.13,142204903.72,142209503.65,142204300.25,96657553.65,-67828425.65,91294117.96,-28273071.4,142209903.76,-18915053.57,-1528723.72,12194932.12,6094587.43,-52853280.7,38949203.25,-43465023.04,-30512696.85,60930555.72,-28752003.07,-43720089.39,-59630866.98,21950094.46,77146108.99,22786459.84,23132655.32,63479749.74,-62864884.32,142205653.76,-29679937.04,-41129904.49,553955.13,-99813933.38,142199994.73,-81184425.16,-44630442.49,58100541.25,29619104.18,-40063425.41,143254122.17,35971476.81,142211716.03,9883456.71,142205476.97,-99147006.45,87366783.86,13624682.77
-94539413.82,75778663.39,15263951.61,142202852.1,188372072.37,142211200.32,142216538.22,61561915.35,38812054.15,-74081531.28,142209208.06,51417432.34,142208001.91,-13886518.91,-65553268.45,-34372601.48,-48579161.05,28407712.8,142202395.91,142211563.47,87484084.22,71599508.82,-33324638.94,-2361941.22,85720496.07,95658983.82,142206890.63,-68742111.26,7586774.59,2054760.16,-538291.56,50848823.19,7661824.67,264332926.34,-2222935.48,-30464365.14,-91702045.2,80274747.79,29696257.61,19641110.5,-12789760.95,-88869886.87,52644482.6,-98744649.86,1028307488.96,58273564.64,4596825600000,-40887844.32,16896130.57,142251314.96,142202668.24,142202300.71,-71320500.02,66044444.14,-61348235.66,142207532.2,142205687.83,142205578.71,61583958,-95629725.61,46484695.31,49350380.69,142210747.76,-31943305.1,-27477567.17,-74196704.16,97777516.49,41783573.77,-15067011.99,-34390655.42,78976250.7,-4653809.48,75750869.89,-73517387.08,-67763374.04,35282226.82,40745372.97,78960386.07,-55952190.75,-11423423.71,-62864704.61,142210112.64,-29764315.41,-56296674.86,67932867.18,-73826324.99,142200549.69,68794523.13,7738415.57,-15774936.79,2333179.03,-34065799.9,142449731.57,-78139225.14,142209605,-18314299.08,142203686.28,27126582.77,72518054.15,-64685772.84
5850464.91,50690851.59,-37694062.86,142201124.3,188370144.61,142208409.94,142217381.05,-78705791.7,7839005.95,48928983.15,142206520.05,20739569.31,142209156.4,-85931783.37,69992849.4,58796243.76,-60911577.92,82533919.54,142201928.11,142213637.22,-16508835.95,39727632.39,70916949.47,90177933.55,46802154.72,33470453.82,142209873.47,-24365635.42,-81012115.51,-74456455.68,-77399375.03,-38074694.31,-54544950.15,305107648.47,-87106552.17,-75327316.89,-84982777,-25363149.11,-61975506.45,-88755387.33,29868694.06,51782307.27,-68398370.53,-45565274.4,960612144.69,65317937.02,4485024000000,11508345.49,1797848.51,142251863.45,142206984.14,142204081.39,-47699625.73,61526083.02,30067595.27,142208846.1,142203138.86,142208349.28,-45864358.77,-1774521.3,-62802884.67,99467809.75,142209003.06,-33680451.21,50227604.48,-94217070.91,-40969971.56,6101066.2,87893826.91,-1202963.83,-95284902.3,-98567451.37,-25528298,-27014374.72,37804378.74,-32104301.83,49497743.77,65315629.78,-29339.29,62828275.18,-62866657.83,142213445.27,78708918,71495311.64,36090149.69,35476336.14,142203817.64,-8422624.51,-2812043.08,86293413.52,72981057.56,19987215.88,142379904.36,17109402.48,142205627.74,84688161.33,142204090.19,-88336081.19,-42359704.64,-44232115.57
-33713952.2,65898414.8,-59323735.2,142202173.49,188371001.16,142205567.15,142213637.65,-80485566.82,34057659.59,24192237.51,142205860.62,96940397.59,142208006.84,-42765333.17,95003101.55,-46214138.3,-83702976.25,25543834.21,142204124.23,142212738.13,87148722.61,-96223010.68,43749317.69,47094202.68,47571223.91,36834474.51,142213282.8,-98107765.61,-20980384.03,-81140811.66,-93625954.25,-43474010.39,-22364923.63,142330625.65,67855900.22,-64384491.2,32536299.91,-48846511.79,62151319.55,96820508.2,56012686.77,-4748733.14,18250730.9,-87029576.74,946569541.11,-83041318.84,4358793600000,37915786.34,26707554.4,142250095.77,142210927.68,142207378.91,83599733.77,-23163351.93,-64496607.49,142208083.28,142203022.88,142210835.05,38665844.95,-96864473.82,64634835.69,-91849776.75,142206484.7,66727002.66,-82314414.22,70101583.79,-81601469.54,-66846194.46,57029136.1,86485390.35,-38635901.63,8979489.34,-11442787.52,19560531.91,29425700.2,59214943.33,2692069.97,27990081.52,68410010,16161617.72,-62869246.06,142214484.01,-92057459.53,78572310.24,-63892021.4,-62602862.87,142207774.39,18686638.19,-70670979.98,-51764698.34,88540545.23,-74734766.94,142780201.13,6067001.1,142201704.37,-83804289.89,142206772.21,58856373.87,-64791835.64,-32873965.43
-96448041.9,26364256.9,19054771.66,142205117.54,183214049.9,142204378.52,142243398.71,-39596954.87,52787889.57,-47578791.97,142207420.73,-3133082.61,142205343.25,-52031398.98,36100436.68,-23927672.15,-13480002.09,-17915671.71,142208121.95,142209395.83,20517888.67,78955405.56,-77874947.93,61160150.78,16989656.84,-83732728.14,142215158.4,92780863.46,89026661.22,45237118.52,-46317588.98,10013699.35,90548668.41,421257657.2,6600451.31,30490885.7,-25808972.16,85972077.57,98903475.75,67930846.53,-97812457.8,-7310706.82,-5233694.2,-88440441.68,974438468.01,-89316733.98,4221763200000,29279883.73,71005957.85,142247241.18,142212669.09,142210227.17,48910630.78,-91114810.75,92803296.26,142205226.37,142205056.81,142211317.2,-47691766.31,79299220.87,97471324.61,-41507370.55,142204480.37,98469229.03,38973832.24,99328000.53,-75678368.11,16084445.33,96225464.13,64517987.89,-46386565.48,-16102911.01,22184571.77,83738749.69,56667817.17,-83583564.34,67376746.03,-35871110.94,-99747430.95,26361204.36,-72200223.05,142212632.83,-15201855.88,-31359205.11,4237120.38,-76376818.1,142209968.34,32426382.86,6449987.46,34433776.44,85887748.52,-31808490.82,142982048.52,74974617.98,142199785.54,46581180.12,142210419.67,-60880394.04,-35075530.44,-96738889.89