E4,RklNUC1Xwqd7Im0iOls5Nyw0MSw2N10sIm8iOls0NzI3MTExLjQzMTk4OTQyOCw0MDI2NDkwLjA3OTY3NzUwMjYsMzI4NzE5OTEuNjIwNzkwNTc1XSwicCI6WzgwOSw4NDEsNjI0XX3Cpzc1wqdQTjYsSUU2LFpFNyxNSTIsRVMyLFJTNyxOVzksUlkwLFZSNixLSTksU0gwLEtUMCxTWDcsTkE3LE5ONCxKVTUsSUwzLEtQMixOSTgsQkcyLEZMNixIRTksVUMyLFBaMCxaTDksSkQ1LFlHNCxKWDIsWFg2LFpZNixMTzAsVVYxLFpKNSxXWDAsQ00xLE1VOSxPSDYsWUM1LE1ENyxXSTIsWlg1LEVYOSxLUTgsWkowLFNTMSxPRDAsWk8zLEdYNyxFRzAsTkI4LFFDMSxDSzgsRUE4LFJCMSxOQTksUFQyLEZVNSxOTzUsWU0xLEFRNyxaUjUsUUczLFNBMyxWUzQsTFAwLExNOSxWUzAsTUI2LEtNMCxPTTEsQVYxLFNaMixIWTIsU0Y0LFRVNCxGVjMsSlM2LE9DMSxGUzEsQ0g1LEpHOSxZUjksTVc3LFBKOCxCUTEsTlE3LFBKNixVUDcsWk8wLFFUNSxDWTksWFMxLFhGMixJUzcsTkkxLFpYMSxTTjksV08wLEZINCxDSTDCpzA6NDA6Ti4xNCxOLjUzLFIuMTksTi40NyxOLjU4LE4uNTcsTi4yLE4uNyxOLjY2LFIuNixOLjExLE4uMzYsTi4xNSxOLjQyLE4uMjUsTi4yMyxOLjU2LE4uNjgsUi4xMixOLjQ2LE4uMzksTi42MixOLjIxLE4uMjksTi43MyxSLjIyLE4uNSxOLjMxLE4uNCxSLjIsTi4xMCxOLjE5LE4uMzMsTi4zNyxOLjYxLE4uNDgsTi40MyxSLjExLFIuNSxOLjQwLE4uNTEsTi4yNyxSLjEwLFIuMjAsTi42NCxOLjU5LFIuMTMsTi44LFIuMSxOLjQ1LFIuMTgsTi43MSxOLjc0LE4uMjQsTi41MixOLjE2LE4uMzUsUi4yMSxSLjE1LE4uMjIsUi4yNCxSLjMsUi43LFIuMTcsTi4xLE4uNTQsUi4xNCxOLjYzLFIuMjMsTi42LE4uMTMsUi40LE4uMCxOLjY3LE4uNzIsTi4zMCxOLjQxLE4uMzQsTi4yOCxOLjY5LE4uMzIsTi4yNixOLjEyLE4uNDQsUi44LE4uNjUsTi4yMCxSLjE2LE4uNjAsTi43MCxOLjUwLE4uNTUsTi4zLFIuOSxSLjAsTi4zOCxOLjQ5LE4uMTgsTi4xNyxOLjl8NDA6MjE6Ui4xMSxOLjIsTi41NSxSLjQsTi40OSxOLjQzLE4uNDgsTi41MyxOLjMxLE4uMTYsUi4xNyxSLjcsTi4yNSxOLjE4LE4uNDAsUi42LE4uNTAsUi4wLFIuMTUsUi4yMSxSLjIzLE4uMzcsUi41LE4uNDcsTi42OSxOLjIzLE4uMjAsTi4zOCxOLjI4LE4uNTEsUi4zLE4uNjQsTi4zNCxOLjksTi44LFIuMTIsTi4yMSxSLjE2LE4uMTksTi43NCxOLjMzLE4uMTIsTi42MSxOLjE0LE4uNjUsUi44LE4uNzIsUi45LE4uMzYsTi4zMixOLjcxLE4uNCxOLjM1LE4uNTQsTi42OCxOLjQyLE4uMTUsTi41NixOLjYyLE4uNDEsTi41OSxOLjI5LE4uNDQsTi41OCxSLjIyLFIuMixOLjI3LE4uNSxSLjE4LE4uNTIsTi43MyxOLjY2LE4uMyxOLjcwLE4uMTcsTi4zOSxOLjY3LE4uNDYsTi4xMyxOLjYzLFIuMjQsTi4yMixOLjI2LFIuMTMsUi4xNCxOLjExLE4uMCxOLjYwLE4uNDUsTi43LFIuMTksUi4xLFIuMTAsUi4yMCxOLjEwLE4uNixOLjI0LE4uMSxOLjMwLE4uNTc=
PN6,IE6,ZE7,MI2,ES2,RS7,NW9,RY0,VR6,KI9,SH0,KT0,SX7,NA7,NN4,JU5,IL3,KP2,NI8,BG2,FL6,HE9,UC2,PZ0,ZL9,JD5,YG4,JX2,XX6,ZY6,LO0,UV1,ZJ5,WX0,CM1,MU9,OH6,YC5,MD7,WI2,ZX5,EX9,KQ8,ZJ0,SS1,OD0,ZO3,GX7,EG0,NB8,QC1,CK8,EA8,RB1,NA9,PT2,FU5,NO5,YM1,AQ7,ZR5,QG3,SA3,VS4,LP0,LM9,VS0,MB6,KM0,OM1,AV1,SZ2,HY2,SF4,TU4,FV3,JS6,OC1,FS1,CH5,JG9,YR9,MW7,PJ8,BQ1,NQ7,PJ6,UP7,ZO0,QT5,CY9,XS1,XF2,IS7,NI1,ZX1,SN9,WO0,FH4,CI0
-16513794.07,-25184108.13,41628436.19,-9260815.08,-11804047.65,99967216.95,-17575427.37,97153773.27,-17236491.4,73911231.37,-65545219.42,-51683867.3,8026660.27,51897251.42,55552207.03,29252836.18,-57884255.84,-21055839.53,41619611.33,-7200723.29,-61796549.06,31499527.32,-85396800.64,45501728.32,-12567692.05,41628896.63,16868910.17,-37093522.3,-29468348.65,41627325.27,-39759641.59,-63821059.79,17756073.78,22968883.49,92472483.27,50895348.95,-77542062.4,41630595.29,191020280.66,95753863.55,8201391.64,96896873.03,41626654.57,1361809872.82,81561004.47,42816049.47,41624969.3,-66646442.77,41627484.67,-46900944.38,41629640.61,-12430358.39,65602037.72,86575139.79,-84702255.46,76238089.32,-55861095.95,1361820296.52,41623648.55,-19982983.22,44200474.66,41631643.65,41625073.73,41623461.65,-83701779.23,17020184.67,41631408.47,53872362.15,44200446.31,-20633168.37,12837992.33,41624246.26,93845398.9,89999880.31,58165951.34,-90414526.41,-64147897.44,-57723697.69,-35337202.76,95119581.22,-24238676.39,-65106350.5,-87309413.86,-75157767.14,41623273.55,35921493.35,33122429.6,41625124.3,91204810.73,5567950.08,-97651590.35,-69719425.67,-99413326.48,41624866.62,3424550400000,-83046489.41,-77127288.96,5621516.67,1947852.31,-44934231.99
47506117.37,37533385.38,41624478.19,78012292.05,-47531361.94,28604156.22,-70870047.13,-23524477.5,-48222278.97,274212622.06,-55590995.36,-84176793.85,76916123.32,-37702452.8,57672897.4,-55077606.49,78492404.17,74559146.59,41618992.03,-68969384.84,43935947.12,-65145769.35,19114700.32,80169022.53,66550243.74,41626490.75,65913530.98,13013435.11,-18881116.29,41628118.69,92738141.45,6296205.03,95362130.5,-95404190.46,89409853.84,9697905.12,5708553.36,41625785.43,72936653.17,11074266.98,-13880618.59,31622464.2,41627791.14,47819330072.1,44857485.7,-11840906.84,41629253.05,-85159483.22,41629741.1,91407780.08,41630102.69,-45593464.15,-65025899.13,-66319338.61,-40962450.65,88697333.47,-32877905.67,24590582903.48,41621385.87,-30181201.64,44046406.19,41629627.47,41621565.74,41625507.61,-70011904.55,-2569626.2,41629900.2,61041630.04,43580117.5,-16684132.14,5617613.59,41622142.12,-42118553.95,3103274,-723629.93,61884645.01,-66542174.5,9601835.78,90788234.56,79568685.12,94653516.22,-72501827.78,-5011217.15,75597105.68,41623985.48,-81623308.21,37291253.27,41625897.76,-58110645.31,53518207.76,-52662472.31,-24916406.71,-22862750.17,41626697.7,3544473600000,76834794.86,-80948682.9,-44429726.98,35351979.68,-83925993.88
31264799.91,-31828135.64,41621843.51,-19290908.38,18720733.38,-74576307.82,-21389317.88,-78492236.92,22684524.38,289195422.65,84932194.17,-34927916.14,2708537.56,-24860529.6,79806565.37,-1240993.33,-73161305.34,20566057.26,41620943.92,93286859.76,-82614783.76,61471159.36,18439426.92,-48855058.37,-60316170.66,41622851.89,-18600596.36,-30754430.94,-26786507.41,41627172.6,-99662732.06,29901861.83,9789723.67,-2731293.28,-24209629.1,19536156.53,46593297.5,41624636.9,71873673.8,-66437078.62,41193755,6774186.99,41627018.43,78770799148.92,-13674851.93,-44248208.64,41632300.88,17188517.95,41631604.64,-6633408.82,41628623.49,-62243228.96,25922613.53,-50659967.74,-64690936.43,95927069.87,-60075727.34,42650658943.14,41620651.53,99797850.13,43995205.83,41627384.74,41619050.58,41626635.2,-72064884.67,-62616159.42,41626316.21,-57698602.41,43783759.31,-53505817.54,-41761965.6,41622617.78,20268113.36,-77672286.59,83317848.3,13290710.16,47020552.51,-90181049.85,91667272.55,40310884.53,-67311086.17,75314106.98,85004801.51,-86500319.41,41626627.45,-82399513.02,-93301319.91,41628064.7,6761607,-37624661.51,-74713536.24,53022981.94,49275448.7,41627910.47,3676924800000,5274258.98,30073025.79,91468051.98,-67062619.65,91960198.03
-70245203.89,4765584.18,41621512.92,49768003.87,81584187.07,57977452.74,-94741860.44,28519854.52,-62537970.66,241117401.86,-93239056.79,15263158.35,45163128.63,-8449559.13,-79542341.89,-87531926.35,13789931.39,-41332833.11,41624280.48,-51962291.82,25535388.82,48478779.65,55582852.13,3019129.23,-24280777.55,41619735.94,-25174272.69,-29636802.83,-78133126.93,41625166.23,-38395204.1,23335228.4,58078468.62,71049790.5,54415183.97,9167739.66,-3199380.44,41623664.49,64251625.12,92522643.67,6440351.65,53054539.62,41625288.14,34557619124.22,36642755.27,-75061983.9,41632816.34,77549923.75,41631710.31,63763738.63,41626527.44,58675381.28,-49080844.94,-99686539.7,-64391337.44,-78355338.01,17010154.5,40627398686.66,41622317.19,22817258.25,43892845.56,41626511.75,41620626.63,41626012.09,44459219.38,-45938172.43,41622165.29,36690266.95,43039607.23,70690785.32,48008714.79,41624810.75,42375425.55,-36816031.49,54345088.02,-37417910.11,86870851.66,87895675.21,35009675.43,21898123.68,55123678.65,-19236248.24,-16813379,-57972597.08,41630044.39,44948886.13,-34872086.4,41630271.44,57847477.43,57622471.92,6318273.41,-41356549.85,-91174499.52,41627324.7,3818534400000,-87691120.64,-73255856.54,-67952617.11,-43298214.47,-16889887.09
-78875542.22,35414170.98,41623171.66,-49361534.55,56465764.79,-87149036.8,42503009.94,49762963.67,66461317.59,241113430.78,56204645.57,-50245256.44,-1960111.25,-56434082.05,77833411.72,4533574.53,-87335024.96,-31019024.37,41627244.34,33069523.91,-25713084.93,74216689.75,-62105153.37,-15065359.72,-10172350.54,41618797.49,-65111092.71,-90516268.05,-43688858.34,41623425.93,-16622979.78,11446295.31,14946661.96,-54715258.95,-49652853.38,65435450.05,-38771990.74,41624422.57,42649340.66,-83660922.04,30116328.6,64345187.07,41624132.76,302366615.48,85031455.85,7271789.27,41630768.7,47187945.24,41629450.4,28685511.59,41625357.21,87667439.1,-79125289.55,6275400.28,87384187.94,35082664.63,39034844.65,32562388728.51,41625983.33,23658382.4,43788791.94,41627299.94,41623271.45,41624000.49,-89994606.42,-65004104.16,41619325.96,-7375991.86,41670175.29,-34747313.78,64220117.47,41627354.84,-67693217.77,-59888300.69,-94732379.7,-73830948.55,84024898.92,-9522341.45,63323777.05,-75413805.44,20759973,-44861516.68,-70511974.27,-94660802.98,41633030.32,-60937385.17,74384693.42,41630953.68,9741273.45,-5125277.04,1756300.58,1586259.46,-43739802.42,41624867.89,3964464000000,-48124994.01,90479040.4,-24208201.49,13209560.73,52173455.19
73891098.69,89963666.43,41625463.19,-4654421.97,-56619961.62,-69985679.53,79733427.25,-93911118.08,5455985.22,241111378.9,-59736575.57,85759635.81,-4334098.07,-15949151,-51001457.67,-52533946.34,84006573.86,-72307999.88,41628483.95,-69334434,-49579590.3,89285448.66,92178196.03,-90165522.01,1810822.95,41620675.12,97010337.35,50768107.28,-74485608.73,41623409.87,-83550923.19,14663713.2,59748883.71,60146414.1,71962683.87,-32657854.94,-86321768.89,41626196.05,45595900.73,91579502.27,-93147899.68,-77739502.07,41624719.78,306160458097.94,-85958003.97,-74213930.17,41627377.31,-95345401.1,41625439.59,70811153.06,41625950.57,-82846218.21,27444202.47,20530558.83,34103650.09,19259252.4,22054846.42,78162062340.87,41630126.3,-79720543.28,43735705.58,41629374.37,41627549.44,41621954.87,-98311174.33,-74084215.33,41619056.97,-11566957.66,42293708.5,82196111.06,-92669327.45,41628339.56,-8802731.11,141383.09,80283955.18,92792455.84,44745575.29,-84915049.3,33995257.83,-45477558.46,8441211.23,-1769117.33,81943350.48,29401918.36,41631887.64,-72533431.85,29040696.34,41629271.66,-99796664.93,28475945.36,4509827.44,-36132843.75,68442894.83,41621677.41,4110998400000,57137901.57,-6588565.75,-35358037.35,420324.99,74869163.15
-49002936.67,-3580000.81,41626819.83,83223779.56,-85882010.78,73343414.48,5886298.82,-17150348.36,-8208642.06,226657611.57,-63690188.26,-40945683.2,-70737709.82,-51191463.66,-87609169.53,49623988.76,-51547039.8,52924591.93,41627771.68,21018432.34,74623084.75,-65558675.72,27646131.15,35263388.79,67620964.97,41624616.56,24665155.52,-47990452.65,90753536.03,41625720.29,35184596.08,-52420627.71,-46943105.37,32720360.66,-75279349.66,-64780300.03,93566792.99,41627446.84,97110082.24,82094619.28,38638228.18,32263955.39,41627119.27,267614931686.99,-7647645.04,-12095966.6,41624413.59,-56889273.1,41621626.55,-49829599.42,41627941.76,-59266010.92,-22260339.41,30089845.49,-28221864.34,1780016.28,10187163.28,105226754554.2,41632880.16,54596833.41,43990885.38,41631125.6,41631515.33,41621428.05,-78849038.29,94826893.29,41621341.35,63831614.08,46257027.76,92512369.71,75695282.1,41627646.44,-62920373.96,-32968307.22,-69264054.02,96843937.74,58723192.8,-65910655.61,67069807.05,46416784.94,-66180462.28,63404377.44,47531481.74,-14115227.18,41629533.36,-56578481.71,80322835.31,41625657.68,71213658.39,91230130.13,23115551.81,3646346.47,-58453544.08,41619497.44,4253731200000,5479259.93,-32744597.99,-46550155.59,88624072.32,64350107.07
39212913.97,-74957650.88,41626391.8,27020550.82,86135776,61599838.48,85923816.72,-20250264.47,76860962.22,231781622.74,-45854408.39,-17921258.34,48674120.52,-79350047.99,-79811757.47,-95905207.65,-56304030.54,54963889.39,41626058.58,22064827.94,73316.53,39617233.06,35566055.32,90189406.96,84497503.26,41628857.9,-74105270.54,-39891985.81,-96014001.7,41629640.99,72159404.09,-67271762.49,-78213530.49,-12462436.96,-43997879.64,53054356.93,14778826.64,41624671.87,61451626.44,68064808.11,-46540641.81,-96162927.58,41630208.67,302233365909.42,-63438854.78,24795977.57,41623215.45,32413680.05,41619891.57,-51910440.98,41629973.53,-28298073.24,45253434.47,46552732.44,-424110.72,-95660382.77,21040053.37,129852580082.49,41633023.27,-7020645.93,43916132.55,41631100.09,41633570.6,41623232.21,68140434,857808.9,41624920.08,13413860.54,43834402.82,-79220752.09,-70261630.73,41625730.35,25228942.83,-76298591.9,59668387.33,-19973222.11,23783373.52,6371806.64,-52753737.69,-45210684.29,99087309.29,-47350253.07,75743421.58,-68184746.17,41625555.29,42365427.45,61645215.89,41621649.07,39756641.34,-58437843.17,10125206.67,97626500.28,-47786446.37,41454805.9,4388947200000,-9380511.74,7831869.94,-85845250.28,52568025.24,31131554.37
27421516.4,-47406279.3,41624543.81,-99051001.95,-46535743.16,-43580116.05,-27631262.77,19107377.91,-55334496.07,184613229.69,-62029396.01,95394014.99,35966471.16,74762152.51,63778701.42,80653593.9,85354956.22,87319535.75,41624871.58,29848800.61,81280942.39,-55069801.94,83535132.33,6752445.44,47402397.08,41631550.46,-9890669.3,71812943.11,39677412.28,41633321.25,26395302.51,43299799.43,61509769.15,75220614,75881265.15,-50038200.74,13939340.13,41626112.65,63256455.93,-29973439.1,10361774.13,77131764.53,41632279.81,900957910296.06,-89077968.2,59661373.76,41624011.84,-33092007.77,41620993.8,1457286.68,41630500.28,69851954.94,-89680491.62,-3944503.59,43838182.69,16687705.37,29926250.59,215530951527.58,41630625.9,60041135.92,44195110.35,41628697.25,41632901.85,41626919.49,60254721.85,-86743246.71,41628014.73,44360909.33,44717601.93,6693223.1,49981929.24,41623994.2,-72278605.03,51228221.69,40247914.7,-96760012.41,-76469921.09,11735070.03,-49789576.36,-91015204.21,96061654.41,-83086874.16,-71251963.62,-70495123.52,41621481.83,-43169360.63,61575706.64,41619114.73,-28911077.15,-26298077.05,-20506873.83,60979027.47,47377494.68,41457618.69,4512067200000,51974384.1,-49175686.12,16001317.48,70796760.15,55274569.93
-40522447.23,9662630.5,41622635.42,-25554749.28,64553952.28,2350157.97,58607206.11,52458942.39,-9583554.66,191846028,-84587886.54,-30590456.83,43797596.1,-26958942.25,-36005346.8,78516100.36,60506194.56,20975582.5,41625327.82,89422909.28,70368707.79,92178298.66,57410101.45,-94771881.33,-86806455.68,41631723.55,50914103.82,91189533.23,9348053.49,41635085.15,-30584567.94,-89745706.48,-1289648.01,-24642417.65,-70894289.1,39691381.34,46936280.71,41621328.86,94851240.37,-70782474.04,42634670.37,-38561552.62,41631984.44,27408772200.35,-1827964.78,80003077.5,41625806.5,-46357706.57,41624399.69,-20718359.65,41628723.56,-5410963.97,-59439477.37,-58972849.83,-29985015.94,-13124054.1,-22047417.01,196718735894.12,41626974.55,13621487.76,44186868.2,41624921.69,41630446.26,41630909.3,91580060.83,97237834.6,41629270.81,-60818986.29,44157716.53,5983956.35,-72680063.79,41624078.3,14165664.2,-68177446.15,-14389816.57,41888795.87,57047951.32,96805892.1,84232907.66,-94491574.81,53721819.12,27063480.3,90097371.82,-43834518.76,41619576.17,94929304.26,53821419.34,41619215.59,-67437609.83,-36691981.11,94320251.11,15743793.11,-53065578.39,45988893,4620067200000,-96658786.8,-55519665.71,-93230135.37,-5929247.41,30160706.68
24939902.06,59393374.13,41622210.35,81660143.62,-24265356.78,46688371.46,5580851.08,-60791.02,-58583360.56,237387080.36,43185019.67,-81007436.47,35668878.57,-42196612.8,58610354.11,-65301014.61,91005030.75,43452121.45,41627508.86,61756037.53,-81370353.75,9630006.22,66966047.63,-75574761.11,-60607806.72,41629752.63,-89894701,16148977.93,75380020.52,41633805.51,-62766483.78,-4647416.82,75382792.01,88399611.91,51929800,58628940.05,-8482028.96,41622419,47836996.1,45645879.19,51905906.87,-20081206.57,41629156.96,258600561405.23,34560827.18,-45380210.88,41627115.14,-62433561.9,41628377.68,730226.45,41625122.36,-84461492.62,-12730905.86,-40981961.7,-68830436.76,86174490.87,-94787913.58,222442611776.32,41623890.67,-57668171.63,44180614.12,41621421.22,41627759.4,41633377.09,-92076143.82,-22182048.78,41628513.05,85293571.45,42507497.03,84559335.17,22842774,41626388.68,-67282.68,29319577.94,62128008.26,26555071.03,28181223.79,-29620721.19,22736255.53,26274977.6,-65426587.22,-68453988.27,-97994207.54,72166490.76,41619863.8,-70281474.59,-86716646.65,41621869.03,-98438601.29,-40892084.56,-43924974.87,60603113.58,-72223362.58,45992806.47,4709577600000,-17797513.05,-62334726.24,-44391500.91,-31092744.95,-77326710.15
86727341.07,-30905518.9,41624058.03,-74050883.17,1486379.76,14772553.88,25742299.84,23984347.39,-75386664.11,230747968.84,23330310.26,-70130000.28,21345166.59,48209161.37,38112242.39,20648463.98,15969922.62,55710316.7,41630312.14,-87707743.35,-80802361.65,8123791.36,39831370.57,882445.04,42246296.26,41627080.51,-15848151.81,94518965.82,-46177238.75,41630720.52,2853209.74,39519538.35,91739388.42,45067610.51,-51536618.72,-78742041.54,-80992705.07,41620610.3,1138398287.84,50168829.7,-46873393.29,-50800973.47,41624929.42,270225444.77,-79094758.6,-15724261.11,41626815.48,3644892.99,41631362.99,-99650334.61,41621266.08,-84842624.45,49081806.55,-88136837.28,25775970.67,62937015.6,5321318.9,217687700172.3,41622710.37,29494596.97,44334164.93,41619952.82,41626374.16,41633168.46,-5474043.08,40116002.04,41626730.76,74599608.42,49031212.34,87795824.16,18804966.73,41630413.47,2313851.22,18291862.64,4880248.18,-99943234.1,-64887874.1,-97773079.38,-52089414.8,49746716.51,46702356.01,43806916.11,17785205.46,76097917.31,41623576.85,-50792473.16,-76009089.02,41625733.91,30880569.69,-15791614.61,-87563261.72,23023033.74,32228186.48,45994663.41,4778438400000,-48308260.82,-66982234.8,-89869283.45,53272750.84,85054956.56
57264509.76,-31920873.87,41627687.06,-37590533.69,-82376599.15,-60219420.89,-92882300.43,-98833390.68,7795248.86,254053482.21,27192088.37,55773247.74,-37503495.3,-4923148.56,-3308705.79,68113692.37,-77231627.5,-4094872.89,41632035.84,-42808269.3,57815455.79,-71736529.04,-38844136.52,-52883721.68,-97035489.72,41625358.32,71044681.71,8757055.93,-37390866.84,41626422.28,26247457,-46641997.88,11956407.17,-53803946.09,74801321.68,36423944.49,-49318469.87,41623417.04,361969314.41,34163114.85,-81623924.16,9163537.63,41621159.39,17134211719.08,-1176870.01,89777659.66,41624799.14,34721372.28,41632163.49,-57204949.6,41619002.31,-6558349.06,-96509474.57,35609790.75,-2875165.37,-79723485.1,93824275.81,211524039119.96,41623588.26,-13914979.99,44722508.72,41621428.77,41626782.04,41630396.95,-60160844.51,-85682622.67,41625426.06,-48192295.34,50280670.18,66201373.54,-65892397.87,41633648.22,-99686818.81,98857684.55,98034357.99,-54698520.44,-2526754.16,52697503.46,-820224.75,20434245.22,-65876863.95,-85130441.42,-31463412.98,8839277.35,41625370.21,74466685.6,6725741.66,41628932.95,20447160.38,48707871.58,21070244.08,-7045090.61,-60210075.32,43469697.6,4824144000000,-48663032.22,-6217739.8,66744956.45,-95873888.59,-96390147.16
58653668.66,47415373.69,41631520.37,22163280.36,-57326541,-12282436.51,-40955208.25,99200198.45,-34930005.67,254053537.68,68498577.63,9484482.53,-4274219.12,-5850969.08,79625556.62,30954494.53,39150209.8,-40691584.83,41631458.37,81897433.2,50326851.25,-92031579.04,72839532.49,-2576734.78,-80960894.47,41625496.78,-44867887.64,51265989.1,51720644.93,41623462.54,62983560.63,-77064536.41,63099277.39,476243.09,-10281556.94,-32755265.04,-10962544.64,41627807.71,67143968.39,33485778.14,-737731.38,12749559.82,41619500.98,50452887519.98,16806730.33,-54042443.79,41622212.01,66127414.87,41630499.98,94823434.8,41619466.16,54515639.04,-73735710.49,12297154.57,-71930905.18,2955456.13,-29430912.58,213113564101.92,41625527.13,-45414553.46,44593942.86,41624977.28,41628495.39,41626481.72,-52492575.79,5711816.26,41625749.73,-87147565.68,43327022.08,6786823.32,83878409.41,41635037.59,-71493523.78,-76169418.02,685893.66,24970024.68,-51299592.83,-21776372.4,-97613194.47,53006312.53,88562948.93,3094858.54,29051564.39,-46799167.7,41627025.44,88185910.7,-98030858.46,41630167.76,80156139.57,-50030604.36,-17632795.87,-93954703.33,31910360.37,43467011.2,4845484800000,82840705.74,44143831.04,-6331806.86,64840529.55,24300151.69
-10605498.48,40227463.81,41633715.36,95098682.34,25301543.65,6623098,-74087578.72,9939522.68,47029869.11,254055692.61,-28167148.35,-81951124.09,-63700373.78,10296140.07,15009353.92,99391765.2,-41403860.12,-76337949.98,41628474.25,-25899084.26,67812398.65,27860061.42,87452462.02,30064327.05,83244252.58,41627164.7,-65214639.1,6965952.47,68397895.52,41622845.09,-30810473.3,-2677869.46,34705149.37,86203473.94,84486442.26,-104128.76,32632134.29,41631540.77,45810456.06,1790342.44,-79292136.25,-81386053.43,41620503.41,670505624754.74,-62948852.95,33015329.98,41620692.06,5067085.97,41628266.83,65258478.5,41622462.43,-13530185.69,67928701.24,11869501.22,5551035.95,86972289.57,72837007.88,280133890088.22,41626977.14,67405816.2,44463161.14,41629212.92,41630066.56,41623277.6,86607857.67,-44155843.66,41627733.86,-58270022.07,42465648.99,68826917.74,99530527.3,41633499.45,56800016.54,73842771.75,-78443194.02,-81148673.95,1808393.93,40975778.8,12867483.73,82878996.6,64462173.63,79897379.71,21598566.34,-17470998.76,41626197.75,19934624.85,-7718736.05,41629275.91,-62177738.18,84519295.13,-39014117.69,-54416599.17,-76394216.52,43464051.85,4842374400000,9982497.34,1156546.12,50061349.91,-3189509.87,-69942768.88
-46458776.83,85172241.28,41633157.41,58556515.27,-30403706.68,-46900545.63,-68287391.01,-27394688.81,89565946.01,229966320.03,-57936188.57,45317733.91,-82897915.11,-52339843,-99318607.32,28977635.62,16021396.39,-34424498.26,41624334.61,-27060948.88,-1138938.44,-21285969.52,85231471.72,-69459530.78,-78462460.96,41629015.69,46075148,-6708882,71114346.61,41624649.46,65603579.71,-74458416.53,41741236.33,45904474.53,-46967333.5,23698093.25,-59930434,41633505.24,574110082.26,-98810519.04,-46408902.8,43879114.64,41623407.67,5456145630.85,-34618207.81,-10874814.39,41621629.3,-86874293,41626686.57,1100352.68,41626566.41,90643298.34,-75780143.25,-71501325.96,-3156293.33,65852081.31,57507504.41,250063461609.68,41626827.52,-68320709.9,45100741.46,41632059.47,41630020.69,41622197.48,-29011892.9,45112984.47,41630316.09,2704961.91,51136385.57,47520660.51,62954232.96,41629925.34,1021205.23,-34219471.04,-43969954.3,50992600.78,-76146474.95,-12446428.53,79337922.86,-14404464.51,54620987,96783144.44,-23800829.39,-44269279.28,41625587.46,73977278.63,-51251516.58,41627360.13,-6907918.34,24186741.4,19383578.74,60705680.76,-64871881.18,43462384.81,4814208000000,-10627157.72,71906318.2,92951453.72,10058914.32,-44848792.2
66813396.2,11015248,41630073.6,-36984860.16,-90325350.56,-46867098.73,-50292492.66,-48864406.82,-35001845.32,229969428.19,-23525510.6,-53933690.14,95905360.6,95369999.88,-17404662.69,83238016.97,77586063.79,1471292.26,41620768.16,-11756105.55,16691294.1,68647533.89,76085367.71,45576725.93,-30984651.9,41629509.49,-65680484.28,-50818245.42,60133738.26,41626967.27,24925669.11,66578101.95,45936883.85,-59268386.7,-58449370.06,-32488987.84,25167786.98,41632003.01,66229409.15,51372612.28,-96232160.63,68214570.38,41626524.81,1898876495626.1,11052099.88,-84096012.04,41624745.96,-26066320.55,41627196.08,22714386.4,41629888.9,59332530.53,-36998745.21,-23055985.39,-28014244.73,-92274494.54,-81057764.45,413189622502.69,41624998.29,26867308.84,45726708.34,41632706.3,41628013.82,41623236.17,-94015706,-13358019.14,41631773.34,-54895701.03,45727575.36,21947734.18,76988327.53,41625808.78,-8911483.16,-27775997.82,-38807943.23,67684534.64,11349807.22,8861001.58,-89330984.62,-39328260.02,-24435946.27,-76289100.45,5088429.79,-51449344.49,41624702.28,-43486846.91,65964097.41,41625865.86,82782921.38,-53979750.86,-50942088.45,-90863967.81,-99117727.51,43462652.39,4762022400000,-45169862.24,-22730651.33,85841329.28,65287084.43,-76308316.77
6419987,-84618313.07,41625922.18,-85684617.53,56413421.91,80834179.88,88080122.84,61003715.24,72263240.88,229970503.02,-69345811.18,4191913.21,-16406940.96,-61854698.25,13681595.28,97032595.01,63403424.76,-1443777.5,41619427.44,50510143.18,-63307426.45,-63002282.67,89354823.34,-20694962.66,-58999401.55,41627856.25,72286988.37,-5567653.59,66952152.96,41628460.3,40169218.71,-8589311.71,37482217.48,-53287863.79,-71031120.3,-40628376.87,33301341.19,41629043.75,42031715.81,23381060.33,20566213.97,-35390718.06,41628313.84,65225619847.66,-38919274.34,23539647.89,41629003.18,4864280.5,41629141.35,-21639167.12,41631080.26,-67684942.71,-62598698.29,92332290.12,-77743751.72,-38870868.83,14203940.93,389488852215.69,41622627.35,99160729.02,45473780.82,41631080.09,41624749.03,41625395.97,-8088184.8,-98550259.98,41630959.45,-31747575.82,41705817.18,-27149438.14,-71826419.06,41622839.28,-2851564.96,-63121601.85,-77246989.84,-95717832.21,73768316.38,82865624.03,79949732.95,31596316.01,3120475.84,86768438.34,-91428670.28,-84248281.25,41624127.91,-5076254.93,-26146266.91,41626002.14,-28562485.55,3924524.05,25185763.58,4469021.18,-55525834.53,43464260.26,4687459200000,-72650326.57,26627243.31,75089344.27,91015584.14,-5311593.12
-73493518.93,46174977.85,41622616.82,72916203.27,-86086078.04,12437624.52,99059259.76,-10296487.48,-24826951.03,78135129.22,7012692.41,26573858.48,80280010.24,-80485457.53,-50562910.27,35651218.16,44921045.81,3359376.6,41621249.28,14881663.7,-77259064.3,-94249499.14,11872228.35,-17873886.49,1192007.25,41624540.42,4470267.02,-60775117.76,60634335.79,41628544.45,76524516.05,-70867256.9,62697239.5,40725519.26,62853906.71,42793787.13,-28346934.39,41628924.14,502766607.99,46299197,-65731177.62,-85650867.98,41628305.36,135182182.76,12876115.18,-16899175.59,41633646.16,5975358.12,41631486.5,-19303923.29,41630016.68,3435937.67,-61146042.9,-90630546.36,59041549.14,-32306636.79,65465193.3,299406581564.59,41621499.1,92712846.91,45224824.55,41628809.09,41622022.55,41627550.44,-63569473.92,-10105678.17,41628162.3,-66085151.69,44718768.18,32717247.81,-40619139.52,41622694.39,-10506983.14,-17963821.4,57433582.37,15054564.29,-1974410.96,5863937.52,-6825861.17,-43178097.25,-12400665.93,32516729.62,47595346.49,80035845.46,41626970.31,37188807.67,-67988249.67,41628207.94,-17021395.16,-43835001.59,-11876617.73,56179460.79,-41387866.77,43465783.99,4592851200000,-51107649.09,-55500095.59,-47341745.26,-3745780.86,78026397.15
61234298.7,33462435.05,41621515.22,90318634.47,-57685353.15,41485251.62,-48581701.23,12618278.82,241748.8,86003157.51,29947406.98,5512484.82,78834104.9,81135003.83,42890916.37,-99184696.56,29106130.9,13975448.89,41624418.48,83217120.02,-80761414.77,66762963.81,-48678861.08,94615351,-97878628.74,41621117.68,2625360.46,45810293.36,24735272.73,41626883.72,46377678.81,-28960699.66,-37474141.97,29712979.42,-16561009.43,12245158.41,62249024.66,41623999.28,1821494208.57,19435102.39,-85358768.1,-77794662.54,41626751.16,240329361.38,-68473169.7,-92060781.8,41636135.25,41298646.77,41632433.79,-77967585.76,41627792.2,55530390.12,-15016418.87,2187580.37,95319058.38,6215096.52,89833059.43,296689736284.92,41622436.1,-43259254.62,45860457.56,41627051.31,41621181.73,41627585.81,-53430768.29,-5271136.55,41623984.61,-39514969.22,51913742.19,-40273127.57,36259208.12,41624274.08,-11024.07,25298218.54,-85341195.96,44178619.08,-42572143.94,-10111895.4,-68827891.59,69981427.04,99050432.17,50073943.02,23639884.86,-59866221.55,41629068.97,-83442485.34,14711605.48,41630490.4,24533817.33,-50969635.14,-46626583.39,-68496467.66,4898765.89,43010953.91,4480358400000,99024922.84,15659019.76,-99888028.48,-1708914.55,-47986025.09
16480489.02,94524533.53,41622731.85,20960610.64,17198633.05,98639010.72,-65499490.86,-32482891.48,-60016656.77,130272295.52,-34155406.94,-36051900.71,-28685632.55,81845088.97,42091987.55,-35949255.82,67436426.29,-436496.45,41627729.48,71962780.96,23887259.32,-45242441.11,-84958170.32,-19671741.7,7287981.2,41619388.68,4307785.73,59402017.31,56604993.92,41624786.58,15669383.82,-29677616.66,51103471.27,29002696.39,-81298297.34,-31455806.34,-80502132.38,41624205.64,1046047536.23,-21127517.87,-13010271.97,84675928.76,41625270.35,5026046337.79,96014869.78,-26036174.63,41634502.7,44912389.45,41630581.71,-37014985.63,41626031.88,52875589.18,-8540510.57,-14976208.99,-81803563.28,-9424262.64,24127166.51,271332281135.83,41625632.08,37612402.14,46252641.46,41627183.29,41623055.94,41625948.18,-38052385.86,-18847472.24,41620628.1,-42891477.38,56620049.86,-25875008.42,-14240839.33,41626813.65,-28391317.4,14075366.05,-5869156.69,-61725216.5,46094942.05,-74241698.62,-95092222.11,45066311.55,44563055.38,52305407.5,71607081.1,7885183.38,41631278.39,81247834.35,-94567350.4,41631723.95,84181122.98,38985186.39,-23838546.42,-43568809.95,-25928796.04,30739256.9,4353609600000,-18891329.99,66517916.66,46083642.34,-81178955.94,53294927.69
13319709.89,-29761518.06,41625150.89,-87153189.67,-58756053.29,68698972.7,-74371015.82,-51142997.42,-46711102.64,179454988.38,25531109.89,67157227.31,-7968324.47,-28162020.78,40951685.03,41055670,31244701.88,-16752064.89,41629668.56,38380907.13,82662948.48,-99909355.73,-8886703.67,61626714.36,77765127.39,41620407.41,-30365593.31,35440721.34,-14803930.47,41623939.04,-39366637.36,2093644.92,18860924.62,-39797305.35,-57774627.85,43355591.45,56798786.64,41625935.42,79780232.86,9491741.94,28094217.14,33260365.31,41625229.6,581509396023.03,-33499012.75,-50905833,41631339.89,96678243.32,41627166.34,27964856.58,41625923.13,-52100454.01,30976234.25,82597076.93,-40475015.98,9797768.12,80020097.84,329456193646.05,41629839.43,-37255098.16,46154964.82,41628881.16,41626974.22,41623811.47,-74782102.36,41182997.43,41619668,-81223570.94,45871008.88,-7790407.75,41805520.33,41628661.03,-25142433.81,-44765385.65,-22558176.22,-60370964.72,10975092.05,11398783.75,-52253180.89,-1062305.26,-95912713.21,-12012051.61,-40984264.05,56274942.76,41632008.01,-31262872.69,3444373.52,41630766.21,-92003500.58,69756598.5,22057697.62,-59899698.26,77254542.31,30611454.58,4216233600000,79363960.58,4111372.82,15862206.82,-29135804.26,-9465517.43
-60726831.23,-4414672.04,41627120.93,13299385.74,76939431.97,28833373.23,-1999646.89,14428598.61,-23033670.38,305964015.2,95372989.22,-32314784.35,94421276.06,-20902961.59,-81907572.62,-26634602.62,-77207710.83,1212138.16,41629318.76,76133955,-59260012.65,302503.5,85874303.95,-85761314.37,-622635.83,41623879.07,69840921.66,-3244402.85,34880305.57,41625734.61,3116576.66,-73805291.41,43026021.64,62795477.47,-25578898.77,942040.81,-96322700.96,41627021.35,834020455.51,23497888.11,-82380616.05,47783654.57,41627013.44,10879084436.81,41649197,98897554.68,41627152.2,-87681264.2,41623220.96,56442622.18,41627519.05,7287099.88,-48166811.3,-77607765.42,-82715505.75,-47103559.02,27510132.07,328830677499.16,41633111.08,-1608941.48,47641572.21,41630857.2,41631232.08,41622481.63,73643635.62,-64093287.51,41621281.41,17773648.07,56872080.22,9668115.01,76377163.28,41628719.78,41434010.52,-70267562.27,62063835.35,47586572.56,54120794.67,37739811.16,-55649308.6,64909667.42,82641370.55,-87963331.41,13311212.73,-79055394.9,41630070.37,-99050966.61,-88883427.56,41627487.71,-2733339.42,-11181140.36,97384787.31,-16703602.68,-45630506.46,-14913903.8,4072464000000,-56705448.55,79621640.96,57559876.62,-7282937.75,-62840951
-2725416.85,82233270.69,41627430.73,99695004.07,45863732.27,31760207.99,-6174194.38,89196088.65,-80391511.41,321511550.73,52838813.76,-85534880.31,89784416.18,-31973447.23,96103892.2,-25138584.33,-64018780.62,1644615.86,41627450.41,22684972.64,-9880057.95,-26987612.14,-58155148.14,-9761436.71,25933704.13,41628287.52,-12029224.16,1835476.13,12434518.4,41629133.16,-55541689.28,-81013153.64,58802815.18,64651247.88,-9769721.7,-41401465.35,36786741.8,41626346.48,465631961.7,-72745615.37,45016818.66,-21985368.51,41629869.2,2024692374.53,-6794048.6,42178186.63,41624237.71,-40781211.21,41620539.12,44766816.91,41629710.92,-7655286,95010918.31,95988737.96,-12751312.63,4422643.15,-11973629.08,323987856961.97,41633951.54,40707378.59,48150520.14,41631444.19,41633981.38,41623244.12,-23393765.69,45580058.14,41624594.93,-71626811.84,47868067.98,58445009.66,-52197421.44,41627395.26,-81397690.49,-16109226.76,50657978.21,70099174.35,-51359053.88,-94168439.64,91749565.51,60505202.37,-99627251.31,39525926.06,33662001.13,-69288424.47,41627254.25,75602552.71,86570955.45,41623223.2,-15989294.23,22330430.18,8110968.01,-77718453.22,85094180.45,-115002602.95,3925843200000,-57840672.46,25169258.63,-72203188.54,168299.34,-34090327.45
23525859.21,-5406640.41,41626009.61,-70016295.05,44643299.67,95415619.7,55945790.43,-33396016.83,-15726194.69,329340909.67,66565030.94,-34753039.69,-13877798.61,13219535.89,-30564204.87,-50990974.28,-82966391.77,43685104.21,41625977.63,32878804.96,94939852.21,61704432.92,17646736.01,2503473.64,68764426.22,41631686.01,72098267.87,21208433.66,-47817670.93,41633017.67,-68319690.7,20720320.59,10467932.52,80253336.24,41324397.4,11463636.11,73197959.97,41626836.13,225818755.65,62446633.34,-12719356.79,-65097515.01,41632304.05,12316065166.48,-52064144.88,80149165.34,41624786.42,-32897094.9,41621051.03,44433076.16,41630885.65,37703134.19,88742042.08,-8291749.28,85558785.66,9911487.67,66803366.89,258168902257.58,41632118.87,-11743744.5,47855291.27,41630035.81,41634148.24,41626535.09,56172959.84,-44089792.73,41628161.23,70870237.53,46891868.94,-14176806.55,80210264.37,41625469.69,-44782452.14,-33114195.39,-16191700.44,672142.6,-20603926.48,44306288.29,-15463629.89,76728837.07,39970535.16,-79594095.29,46822795.74,78050523.03,41622799.45,-49965069.44,85937081.11,41620120.33,-93357185.14,35006795.61,-15859849.04,-383943.45,-52532009.12,-115000475.49,3780950400000,-34498871.17,-10312165.71,31504782.32,-27397253.44,23700430.78
1312226.08,90691827.12,41623955.22,35743541.58,-42437540,61194001.36,-83824907.24,-33158420.66,-89031939.87,358080829.36,-30135837.27,30898246.56,-52215011.32,-40661029.58,-51086513.68,89299225.77,39164040,-96741146.25,41625819.97,-86635011.35,-12009939.16,12792400.98,-86507745.32,10063579.54,43022388.85,41632715.15,91829735.29,-58043385.41,-11771745.16,41635229.32,-18051167.16,-33245817.15,-69639891.17,82819291.17,49992108.28,-75558287.77,61535205.09,41622881.76,141847335.71,51977183.21,-64029257.67,87011015.8,41632693.6,2446828735171.25,22324607.22,-85862878.26,41626108.27,20588902.28,41623719.92,70534226.49,41629893.54,56242453.34,82895183.89,-54796312.03,-15656177.34,30499993.56,93184488.06,502306163411.8,41628510.54,94123560.97,48737957.64,41626700.39,41632115.57,41630635.57,31652361.88,-47441541.06,41630092.56,50413568.48,54152396.17,9041343.52,-287730.68,41624782.76,-95815278.66,33917518.9,-72987354.13,-19058464.4,76873173.35,-45989538.57,-63069613.7,8701691.12,-64536885.68,-4295694.06,9465736.43,76060919.44,41619664.55,88862863.23,-32392914,41619421.95,-71262890.09,24415098.22,48036092.05,48583325.75,63580863.27,-125049998.23,3641932800000,-49253029.91,95589028.94,1691324.29,-84980691.53,21918792.18
50569403.93,-63078690.68,41622874.24,86115801.55,-33753215.64,95347567.23,72970122.84,97590640.52,-51043775.75,396601185.08,-61035822.32,91514179.44,71006122.22,76972865.95,93347336.47,-83387136.48,-51546153.5,-7696767.3,41627400.29,98063809.34,-58611886.45,82001797.81,31877633.63,21302101.5,82908106.45,41631286.9,-54595275.9,-90935856.42,97093812.86,41635222.63,55073980.03,49337565.24,67838457.14,-79158688.06,-47257304.31,-24169342.52,-97315087.37,41620816.38,1049856452.09,51065704.32,-84459539.69,-93522853.97,41630483.81,903464429.16,57398038.64,-86214037.18,41627626.44,7858270.6,41627872.32,63270612.77,41626772.34,15615518.48,-47708594.79,-74100885.73,-358638.04,42886105.97,-62388539.8,312508861738.46,41624925.13,-52498632.99,49659008.05,41623022.94,41629228.45,41633650.6,51694221.47,-77355138.25,41629799.45,99837973.08,51316049.28,61491372.08,-61307981.74,41626410.8,-2111738.49,-18572667.37,-99588151.5,-24378318.29,21949965.12,-47581405.15,-58611451.27,-72440974.36,-6173188.83,-61093589.38,52717019.03,54084928.65,41620217.6,-91095771.47,75421133.32,41621446.96,38253619.88,90426379.88,62979375.03,-71358457.97,-98982780.22,-112608137.77,3513110400000,-67013628.98,36241185.81,-77520399.85,-93780366.39,69556699.49
-5451586.1,86415380.76,41623913.35,41539162.36,-69735154.49,-17169857.72,79908880.68,25643045.68,-23548994.37,457375200.14,-27393498.65,2316576.97,-67857861.23,53431108.41,30018424.72,98584691.83,99811134.49,97155905.26,41629969.79,93326188.15,74301509.05,-96166917.38,-84595606.64,-67329666.44,22909916.26,41628561.75,42353624.31,-36240681.38,-57203709.77,41632215.08,10695878.36,15001100.61,96435686.4,-12097693.16,-40985550.5,44461300.77,-35789272.46,41619401.43,406213578.23,66119046.06,-33882693.31,-85326597.91,41626462.31,3495439037.64,79654460.47,59976433.46,41627557.56,17524592.57,41631498.59,37963626.46,41622807.96,-85768749.55,95933473.98,21938327.93,15971730.34,-81775187.62,-6139400.16,306335843306.66,41622991.49,44841422.76,49351591.13,41620939.18,41627152.89,41634129.49,-32340599.28,41574602.57,41627991.15,64376175.75,48016880.18,-3071359.09,57579633.59,41629799.95,-20668544.63,38533045.86,50164020.66,72209732,18833572.08,15484907.47,-28207430.2,-52285234.35,40443293.99,32017545.2,-4192461.95,54871099.44,41622676.82,24713925.22,36325655.37,41625188.82,-19533612.59,21232340.79,92885095.18,25896925.6,-90380374.16,-134066625.97,3397593600000,75389968.14,-82759946.76,-34348461.27,-84795050.09,-52947677.92
44819481.71,-14259268.66,41627035.59,39353823.48,80389699.22,-11871260.27,-27914120.69,-23023449.67,-50313545.17,413914113.3,6817551.31,-26350454.2,92972353.24,95139876.1,-51818997.7,4595834.2,-9427670,-23089851.13,41632113,-79921016.87,48364973.97,69701989.65,-33870211.97,4786206.43,-56849265.26,41626243.73,84927110.97,-60815417.52,85448523.59,41628059.01,-57843485.26,1805524.75,-34801030.89,82395810.59,-42172442.75,69967630.04,-40337663.51,41621319.71,180270050.05,-92959891.16,8028395.5,4969693.24,41622405.57,86692942830.36,72927597.1,-54057626.05,41626042.03,98910412.31,41633044.26,-87070734.31,41619884.9,-72608898.5,42117061.72,-47545047.08,-39563304.17,1051652.91,88080971.95,314991617457.79,41623331.01,-28723503.31,49043054.1,41621446.34,41626887.38,41631951.02,98898520.69,-74109231.1,41626269.97,93807170.95,48554365.44,-23722230.91,50753007.03,41633286.16,80676097.95,20712549.34,-29754814.19,-81295236.62,95468253.24,25587804.38,-74897372.17,38756508.96,3764619.42,34916737.82,-28240208.7,20369526.55,41625740.51,-29135295.79,37029362.72,41628911.69,-19584940.58,-80261328.61,61615250.03,99700933.13,77989847.69,-134066719.88,3299011200000,-59942765.42,75459946.8,30978227.3,64649105.46,-43672416.27
-3602113.76,28397287.21,41630961.25,93829651.14,54532873.44,2295034.96,2460558.15,55349404.52,59370172.99,429115075.44,32000098.02,-51971212.08,47012706.87,91062462.69,-23690869.67,-10426283.1,65993973.38,-91844054.28,41632231.68,-77923561.09,-79820842.3,54517001.67,58795365.8,30622216.9,-87480973.12,41625598.1,-59093327.41,90951497.84,57420398.99,41624671.06,-81653779.88,53916823.03,-60930359.03,49882404.61,-47792296.57,23491499.08,-56272770.95,41626867.93,1237431131.57,-89080918.21,28128167.06,-96050132.72,41620082.91,1025422189.28,-43419029.5,-60842396.02,41623507.9,73079134.14,41632055.96,-58709818.64,41619480.47,-47544096.8,807834.8,-43082048.83,-76917954.11,28094865.35,62597935.53,315070124639.44,41625209.68,-8151096.96,49979376.8,41624523.55,41628228.45,41628060.38,-21943181.86,-6540.25,41625931.77,-26697284.19,53013792.14,25669544.65,67652599.74,41635355.13,6599935.58,78057476.69,-36433145.94,-50848452.42,-62195891.25,-35134688.25,-84702570.64,95639461.1,37352781.83,24967019.78,-42281379.7,82548195.1,41627957.17,-21242872.73,-26400019.71,41630904.49,78038831.47,2532410.86,98173466.44,90846861.33,-12792003.25,-134069051.77,3220214400000,49987095.19,61520588.55,-41304367.91,-70217337.39,-90125880.89
96030659.45,-16821778.21,41633818.83,38723295.74,42878113.71,37572328.35,-10201206.23,-13829489.9,26329143.94,429116526.93,-22939758.02,78870185.09,-49181884.77,90396060.64,-45029203.3,63345205.54,-69979753.84,49141080.09,41629841.85,-11529406.09,38978171.49,38043533.29,24160328.36,-5061496.54,96284458.07,41626748.62,-13252137.35,-77666247.84,-40087100.94,41623115.97,60186752.39,-51287132.69,92448674.81,-84637628.14,-56255937.3,-14980882.56,-95605950.12,41631358.84,52601876.59,75281921.75,63712293.74,32023349.85,41620414.73,4289260376412.26,70285963.59,-65755988.55,41621536.46,-15790624.33,41629827.38,-42827653.02,41621860.92,82327270.88,-90330841.76,-35103254.03,-73617552.71,-58292142.46,-38745017.18,743493557050.52,41627112.22,-9835928.45,49665905.38,41628789.6,41629942.79,41624315.55,17725524.54,40261901.89,41627410.09,54729340.13,44372754.72,-62641874.07,65916477.69,41634757.87,85468763.97,45806011.01,49418257.36,-90047550.96,9320086.47,31814360.02,17850100.06,56308987.17,77357585.53,5457578.23,-25645368.85,17420107.09,41628335.06,83588666.8,-27508162.72,41630584.4,27493842.45,-52817318.77,10074799.44,-51945372.2,-15602487.74,-134072174.4,3163968000000,61358132.95,-53909545.35,-45025570.87,-65220358.68,50296231.89
-20661504.79,-91597041.55,41634150.05,-39756747.28,-31433461.02,38228359.29,56508003.1,97343314.74,-81775686.43,429119600.01,-32948118.91,-51006650.91,85700750.04,-58830628,69320057.87,87437771.64,21943583.63,64347835.85,41625786.05,-76717021.3,-35157109.37,-26936798.32,-92785009.01,-88690814.49,4980504.5,41628648.1,70722094.42,24239010.1,-21599683.16,41624129.8,8961055.99,-77183153.4,40674354.57,-49467857.76,39566763.41,52917964.55,50565429.02,41633611.13,50427255.36,-30729087.83,-99409081.71,-80044184.77,41622982,134283354116.97,-52113279.29,10113574.79,41621583.43,76132733.59,41627888.31,-20986820.74,41625927.8,-65105472.79,-55916513.59,-70642901.4,14570131.01,-40551634.59,68817886.84,698770954753.18,41627635.83,-3461591.85,49351133.71,41632329.56,41630539.26,41622366.14,-78557192.61,-28845924.68,41629910.43,-94560582.3,42607092.45,-16048473.07,-7763387.3,41631644.57,9176218.78,11293976.82,-978767.5,81389165.68,-99235377.13,13880790.12,21160241.05,9351860.84,-94526623.01,-65480406.5,-85916210.45,48888822.94,41627088.2,30820203.37,35928625.78,41628670.7,58012765.29,-81994820.13,-18621943.46,-54075577.23,-32661115.42,-134074401.85,3130963200000,31508935.14,-51134755.82,23274303,-93170806.25,48729245.09
-91113753.36,-49297428.49,41631710.5,13166145.13,-61157700.39,-95649281.45,65283321.91,-89992314.73,-28844127.46,98229663.5,-20042182.9,83201983.5,39597956.69,-76368997.8,-79031555.24,47229748.94,83499745.22,66441766.04,41622099.8,38266703.05,21707135.45,77461034.81,-56885270.79,-38579582.93,31588233.73,41629732.14,-44992307.09,29220078.08,16503704.11,41626702.29,9576732.8,58274488.57,17915444.83,70848250.54,1183944.73,95507566.22,-48031920.97,41634157.89,705430276.25,87103146.85,-68162428.94,-89020523.83,41626376.58,12546476462.98,80884432.95,-83761876.48,41624591.65,-38400176.12,41627520.4,-90882782.96,41629802.19,-57303774.5,-27834872.54,12498745.16,96152141,-72629753.5,-24769215.9,698937697962.98,41626410.63,-21886006.53,50284082.07,41633606.5,41629208.63,41623057.76,-18094166.85,7038242.57,41632028.06,-86173892.35,55456844.72,97414197.4,-80326442.5,41627605.57,49302474.1,40501772.05,-7463347.33,98901671.54,2297258.59,86067093.33,45528967.39,-37327324.98,93099900.83,22705411.21,-7789613.47,-29353154.31,41626247.78,20649366.72,-50403428.13,41626895.74,-10453088.45,-94280485.36,42927500.44,-40959516.55,-77921211.01,-134074748.57,3122928000000,-65290763.53,-19319866.96,-27664764.94,-83122106.89,-22011502.75
53825653.47,-26788258.42,41627618.25,-14487471.08,19362249.31,671827.38,47333149.29,16735389.01,95502892.58,131918220.31,26402326.96,-31612376.87,5656726.43,-94609445.96,69273441.37,-41225076.71,39224583.18,-72222157.21,41620039.32,28169419.12,94867790.39,-8936623.05,-86419977.08,-49046820.63,-11490386.86,41628877.53,4441063.44,19421822.91,-901905.83,41628813.16,-21903526.97,2745189.66,-47145774.6,-91023238.43,86304642.3,-25178969.25,-72294716.88,41630429.08,958962451.7,24543413.09,79945297.97,94146959.26,41628736.74,8731830324.71,-67088488.49,-11015289.68,41628740.45,-40301540.53,41629010.56,88592078.43,41631823,23079989.33,67978398.23,59296978.98,-50387591.34,-64186482.99,-12804257.61,699608416251.34,41624066.98,1828831.4,50921394.21,41632579.34,41626303.18,41625130.86,375308.31,-14298258.77,41631964.76,3422633.62,57719361.64,42335400.03,-9506127.05,41624065.77,-45051231.31,55869292.75,-31579957.28,668735.83,97284035.13,-6652330.12,40638776.96,-45206807.71,-50799923.68,-35213110.07,7626626.12,5897440.28,41625155.52,72844460.65,35831507.33,41626286.18,-53955318.26,22886611.54,72171873.79,-60209802.92,49906073.58,-133245023.59,3139430400000,-748835.68,-55531727.69,64758357.5,80638758.12,45311836.29
-38289749.27,-69963251,41623765.39,72897747.64,-80947247.1,18012926.36,56851504.17,-76347472.93,76475469.27,307128398.9,13805698.41,-84132078.63,-66781935.83,80126915.86,18102906.73,67945746.09,-14229817.3,66869014.76,41620808.57,36640853.7,4104560.08,7211429.54,87320730.54,-41307518.22,-33966804.22,41626113.55,98917864.56,-63065969.22,-67259906.86,41629368.65,-62304253.26,72038341.51,-72577202.93,21693764.99,32781727.72,-21997682.97,-83612242.05,41631409.73,85287767.09,4861167.55,55013604.2,98340409.81,41629189.15,210591873277.99,-71370314.2,-27828318.76,41632844.99,-63662361.43,41631162.83,91914173.54,41631406.46,-81075009.46,-84559868.39,943148.26,-99735273.9,-56600349.38,15464954.32,719435999986.05,41622288.75,5931870.2,50709665.68,41630270.01,41623281.39,41627373.71,20331699.57,-56740184.96,41629512.89,14688065.07,45263001.21,-58325351.12,722569.62,41622833.15,72384296.42,35974781.44,49905155.73,52925582.05,6751357.32,-94970661.54,85651867.11,97285011.91,-4692826.9,-59466282.13,-36803039.07,39378918.37,41626460.01,46071905.78,-70674773.58,41627582.02,1918219.76,78087985.78,13693518.94,52624035.84,-8799594.35,-133243314.07,3180470400000,-59441625.56,-40072644.27,40810307.46,-16069364.17,-44037668.37
-16314183.1,47014556.13,41621817.6,-60981462.26,49971730.42,-28694756.07,4079459.81,45913039.22,-86215934.54,368880137.7,-49346779.84,-18378848.46,-18263398.01,95534538.67,89773120.1,16456785.38,-4168859.92,-73357456.69,41623899.71,-17511361.62,-3773810.17,44619114.01,4228249.99,-8473881.25,-86989429.09,41622674.32,-52647700.99,4984529.86,51490987.1,41628070.63,49837314.73,-92733622.62,-82526271.28,-10434257.39,98303422.46,60804503.54,-88738316.56,41628201.7,151959318.41,75072488.14,42700215.71,-91398696.37,41627974.24,287233942428.4,-80952619.38,30457808.95,41635149.25,31694909.37,41632481.37,-61919182.69,41629294.24,83943444.33,54834913.78,-73327967.14,-49920682.25,59647818.08,31942109.36,503476520669.22,41622510.23,-41408051.5,50498740.08,41628121.7,41621809.85,41628338.3,-96861150.85,-67354260.45,41625558.52,-9114803.51,49506120.45,-65498945.27,51805753.77,41623924.67,-64570055.05,12332325.87,19731790.63,33581152.14,-51519628.09,32810006.37,17476283.9,-91296550.91,91817289.66,5686028.57,82027276.77,-55714986.56,41628896.36,-90307123.75,-95194728.17,41629994.94,-93866776.85,-55706531.46,87809890.38,-73172361.72,46434002.23,-133242682.13,3244665600000,87088946.75,-86714694.27,-95095137.2,-35977159.18,-21611123.59
59727157.47,9638616.89,41622355.31,-69965108.99,-21229047.12,87889952.8,61293047.5,-29674329.23,92610202.09,419791820.59,92667258.71,54615885.61,10860986.79,73394747.64,-98702941.61,-56595375.05,58519507.48,-27908330.31,41627411.7,83215113.63,56267090.36,-77099388.82,72783791.77,-34821994.25,-37463167.12,41620352.94,42867914.42,95753629.16,28586236.1,41626095.9,-66629874.7,82128307.5,71069404.88,-95184031.83,22422277.42,-46157918.97,-4771073.66,41623959.21,681629010.69,39469730.71,-6562835.07,-56576668.05,41626262.36,47933500666.36,-92001482.26,10248857.51,41634135.58,-82320009.52,41631642.84,-544524.83,41627062.59,85759031.11,25942800.45,-46322116.14,-28974921.31,85766813.93,49794600.84,508179521294.12,41625068.04,-83991235.78,51137951.63,41627423.59,41622957.16,41627205.96,40249243.96,-91043700.69,41621680.49,21853703.73,60451697.6,14038753.37,24963059.09,41626397.53,-8795193.69,72795773.31,-81945501.52,-89191884.18,-33017453.46,1218419,55883940.7,31863089.95,-74276703.75,46817838.75,-57779158.93,-7137297.91,41631287.82,-67423891.15,-52245056.41,41631719.19,-35614436.96,5963264.53,58709868.17,97558776.74,-2437574.87,-155920300.3,3330547200000,20752284.16,-34587716.13,-99930988.82,68744679.2,61731990.52
-93027011.85,65816078.19,41624627.96,-65316704,-57429692.71,7437122.02,38831893.29,99495122.69,-88451832.57,324173364.39,43384208.68,-20133310.33,-74553452.23,71032908.69,17372462.56,27212453.58,6599723.91,-94258567.48,41630116.93,97541834.76,-35053515.79,-63907124.82,-94721915.18,8332951.54,7315182.52,41620514.97,-9821211.29,-31832327.58,22478809.07,41624818.23,34913655.26,-75423263.06,81777377.23,-39517559.47,-5003671.09,98064689.49,16856454.44,41627456.71,287332464.74,1148223.26,87060474.91,3782296.94,41625692.18,87412032256.41,-61697712.95,-30506477.76,41631436.44,71810982.75,41628649.64,25003870.85,41626179.87,-49453323.76,27077030.94,-23822927.53,98642784.32,-37780659.03,-71997349.29,516571176072.57,41629213.01,-78346265.16,51276487.36,41628575.71,41626394.32,41625261.41,-14173898.66,19497152.54,41620003.48,-91048338.86,52261973.26,18413230.4,-7559532.83,41628704.87,-48439373.47,-95255712.27,53917407.89,-90915115.06,-6074424.17,-34720418.5,-45813907.49,10425934.85,-4038913.66,50596694.16,-78856976.58,-19751404.45,41632824.76,-78784729.59,-14010279.38,41631698.78,-82021969.92,-3193405.35,5443522.91,-69576289.86,-31004506.95,-155923011.76,3435091200000,-73222951.51,-35475409.75,95306041.29,-86341126.83,58266108.02
-17600254.66,50546577.32,41627047.17,-8647969.21,-8335918.09,-52702480.9,99668972.19,-12019249.77,-84034410.36,253674147.19,-9940390.13,56801521.23,89770521.64,-60526756.22,67252252.67,-14233176.99,34722749.03,41068566.4,41630553.95,-81341578,-28720451.14,60990945.51,-37986209.67,14770032.43,27079269.21,41623323.72,31368676.47,26736870.71,-21797682.91,41625634.32,-57554973.26,-34135332.49,22170221.3,47246182.42,9733690.01,57592151.06,11766602.99,41627110.87,199282945.5,-24535834.16,86631992.73,-71807442.06,41626922.88,240602697766.05,-32541343.66,-70597337.62,41627681.9,88684674.42,41624670.08,-31926696.4,41627151.24,-46649220.53,52495496.53,77403620.04,80507153.91,86963917.56,-99184914.98,531962147535.48,41633006.17,-1576505.25,51399821.56,41630415.28,41630730.17,41623584.66,-56962973.45,-42236481.52,41621019.17,-49016215.87,51487203.67,81011785.62,-15003927.68,41629365.1,56804924.82,-66906528.39,-18345259.74,26403793.36,25633080.71,-17155448.82,-67321267.77,77275066.16,-61476481.68,-88399702.27,41909077.04,64130743.87,41631017.79,78461771.45,18620860.72,41629170.37,-16583413.55,-15950406.45,72491900.99,35834723.27,-47855397.11,-180724032.54,3555619200000,-18296051.08,18946018.66,67808238.5,16767985.65,61930586.44
70459511.98,12480389.57,41628130.14,11280826.42,-66478730.13,-74405252.6,99774836.22,-85360841.81,-88188171.81,320195340.83,-25000796.13,-8035609.58,-24243955.94,51143822.98,54388943.02,-45305269.41,77933409.87,-26503902.7,41629170.7,-33208728.1,13679925.62,-18698842.37,44660928.71,23732166.12,-87348607.83,41627614.61,65814325,3481715.88,-3298515.49,41628432.63,-63266877.01,22323446.79,-81967620.04,-62173012.83,42522022.58,44163160.26,40993611.39,41628077.13,788982407.54,-73891059.17,3767899.41,36603990.6,41629586.86,3750385740.16,-70613213.99,29877121.79,41625071.52,-74926957.53,41621644.62,-24720386.28,41629236.3,-33224471.38,-25510468.13,-42627650.63,-21748270.65,-44440935.89,-37626408.33,532234641993.14,41634728.02,29007539.48,51584859.98,41631494.66,41634030.69,41623772.83,71960629.42,-56761907.84,41624260.45,8126853.47,52788134.24,-47884582.06,6104974.4,41628367.65,-15034409.63,36174347.73,-6723277.4,-90577630.79,49876993.62,-74908969.89,-12748409.73,-76993260.49,-58046776.05,88268562.65,-39095626.48,-9343025.73,41627513.7,-1663651.3,-36308271.39,41625156.5,68747139.4,-81353733.07,-22562669.47,-10663160.39,20337023.28,-250811823.5,3688502400000,63745842.31,-87707620.11,16840548.13,50537627.48,84253782.09
41627170.27,89419371.57,30171093.35,41626480.16,5083058.56,20426281.33,-81520557.78,-173520.83,-87090744.76,-40838211.3,41626313.1,41634955.82,41360295.45,92315827.4,-47556590.86,320198151.26,-49707912.81,3830371200000,41633616.71,107372202799.87,45390171.86,-20625827.61,120574036.05,44554914.16,-87201339.48,-46341468.26,-81312295.46,-73824654.36,-4591815.14,59316505.18,41630636.35,5463581.09,21341207.79,-88175653.17,31522698.19,41627339.37,68449550.74,41621519.58,-47477479.63,7048615.67,-46492075.61,54773284.34,83583013.19,61006895.52,-24895584.71,41622668.12,-79853022.87,-250810381.52,-52471291.95,72325414.24,-51693615.13,-77700381.66,-78386146.29,33441430.73,-84595048.84,-78218253.23,-97620607.44,-59438880.09,-96892448.06,-58531036.7,77364795.48,71539739.95,-86980461.46,-95903016.32,41631493.33,41632051.95,-76890499.8,77796189.83,41630898.04,-15654562.95,-23892596.45,-87217387.85,-14515072.25,52349918.15,-71486254.12,-49138262.92,-96900818.62,11940796.29,-69597616.47,-26591535.92,51474189.01,-40595080.43,-9641586.76,41624678.26,41628131.26,-90077603.33,-62483655.01,85091929.74,40652321.94,22310371.94,41627354.58,41620815.84,41632278.93,40635978434,-71866622.99,-68841823.97,-72030088.3,47730749.76,72944359.86,68771762.38
41626551.06,-3801620.06,36587185.76,41625228.75,-53210497.68,24484716.89,-94278744.22,32904344.64,-59943656.59,-57916123.72,41630317.36,41633372.43,6148517.34,-28697108.64,70671702.08,588153448.95,12956072.36,3976387200000,41630277.88,94428565820.41,43353381.08,31927494.45,98614228.86,-25346332.11,14444563.17,49757851.41,14678242.29,-68449079.42,-14853258.86,63180099.22,41627773.66,69155560.19,31191530.85,-93125289.08,-55257823.28,41626592.45,-94092281.99,41620006.47,-38280974.67,11966522.61,-69358606.02,64270800.66,90680078.13,-54940775.79,-74952730.03,41618518.1,80122327.78,-250806728.68,33873817.08,-73810317.85,30012984.83,-27144110.17,69126106.1,-57963686.57,76667679.55,-50151814.1,-43047330.78,-63330497.75,14949123.66,45088401.67,-23505107.52,-93245795.34,82985512.49,29616791.31,41633328.62,41634967.04,-45451991.09,53262833.44,41630725.27,22095277.72,-46780119.46,32001710.51,66746267.41,-91685100.86,7413764.7,28178594.15,6482679.61,-39282309.41,-38084495.47,65912099.15,51434942.54,-87879620.74,-30266931.48,41626226.05,41630832.38,-92194098.21,-45415913.42,-96584268.71,-58316599.68,54475654.97,41625441.16,41623057.25,41633345.5,4846963119.95,-93243252.46,-70024916.94,49289587,-1728640.02,-99104101.06,30859704.7
41622381.31,-53300962.45,28127847.59,41626348.57,44283564.35,-53472345.24,8480153.24,47669253.94,32720982.32,-681923.86,41633946.65,41630462.99,4866416.85,10339771.02,22173339.98,669717492.15,-18284669.65,4122835200000,41626368.91,93179302551.51,43394611.72,-43078244.04,473967223.97,-76422065.69,-25173694.97,62026946.46,-26911808.36,-57167015.01,-35279811.4,80157561.1,41624160.97,98162815.47,60193878.97,-66855994.33,-93396679.22,41627688.72,-75208862.29,41621352.28,55665294.79,-1807131.45,16220954.29,-48191090.19,90022999.29,87302380.57,66008514.91,41619649.45,-12171040.72,-250802385.31,-40424497.44,-16279993.89,-31547158.22,30450457.58,-74844607.98,-45412575,97946568.61,-88114080.56,66738731.03,57416796.66,38189046.57,-75679292.27,92443548.88,-44504655.94,-71641856.58,61163517,41632590.67,41635587.43,-10323364.03,-5107658.63,41628300.65,92602776.02,-35617891.9,-17087362.12,-90710473.43,61336731.61,92222745.49,88677005.84,64928247.81,-27970397.91,-24497725.86,-51719825.51,51398218.86,-89669184.39,-25190679.79,41628303.31,41631325.58,94830408.57,-60664502.48,-73648080.9,34661275.61,13043406.8,41623906.52,41626811.25,41631860.12,53824218.73,-47495037.05,-86259338.36,-23482551.11,8039074.57,49576316.3,-66814803.16
41620471.37,11115584.13,48578033.09,41629014.95,3350321.63,-65494618.38,-27188832.07,-43336876.43,-82158837.14,-89610689.97,41635381.88,41627926.89,85586502.31,87463001.94,5198371.01,489238407.9,-41922887.17,4265308800000,41623696.51,92331863096.5,42645167.1,75364961.78,121509107.05,47906872.04,-2344618.3,99807945.96,60068481.22,56628776.82,-89079974.74,-71791067.85,41621685,-14505078.58,-48097514.28,22296113.64,-1553867.4,41630131.15,76087427.14,41624875.56,-43248346.56,94221793.24,-77180888.76,93071230.09,-99238463.61,98697187.33,32037861.99,41620851.22,-84085596.69,-283542609.89,46577589.14,-30352132.27,31203551.73,26287644.83,25678102.01,18660109.57,35574930.32,-57203051.16,-15834751.87,-99764663.25,-91146122.5,-80770542.23,38654335.96,-62917529.74,52218299.62,99277700.15,41630074.93,41633370.32,-29743459.59,-21274446.52,41624514.62,-83311105.28,91547626.5,-22958028.25,67111500.4,25212768.75,80113461.97,-64731173.95,76661312.82,-17084967.43,-84868492.48,-28052706.37,51362810.13,-36119340.45,37224013.54,41629200.95,41629843.35,-32786058.62,96950446.65,-45421186.07,87065489.46,-85272372.76,41624145.48,41631033.72,41628193.54,257431488.64,-32345603.12,17613681.7,-82579413.93,-47711962.93,-38524619.67,13871395.4
41622910.07,-88627941.58,-26767632.28,41632361.21,-9057798.49,25851636.29,-9551619.16,54106189.07,82881268.15,59061471.48,41633997.71,41627031.78,58452955.42,19674333.01,24817804.56,489236708.14,-13305286.35,4400265600000,41623301.17,71532681534.77,42718932.93,-38073265.55,80021445.78,-56955211.72,-74048180.26,84706854.29,78860761.8,-72629968.13,34158052.35,-62519660.47,41621117.58,86021911.18,24993398.96,-92464651.89,-94911994.05,41632610.97,92107468.19,41628952.98,-12422023.46,7768155.66,-5187806.44,7469066.5,12843716.17,899970.97,-51286204.34,41622787.9,-64765416.12,-283541989.96,-70046999.25,-10215081.1,-21478413.95,-33639636.2,-48154870.62,23694963.72,81423275.57,3417085.63,71095222.09,-47457124.91,77762759.87,-76289546.31,-20844904.85,89902100.34,-31561039.55,-32537485.82,41627397.19,41629220.41,-28746716.27,8529580.18,41621137.04,-28050662.98,73800636.31,6517363.15,-272556.19,2037655.21,40140207.05,15284732.28,-91409311.16,16182585.5,92902527.46,60931626.33,51326831.96,67436575.59,-65876992.72,41628337.54,41627810.18,-74388891.87,81658555.35,63871674.8,30578896.93,-74429370.1,41626569.2,41633058.93,41623918.8,2600070949.62,56669144.62,77756481.22,-40894888.47,40540487.67,-72364049,83887804.66
41628510.34,-92879467.56,-5980888.44,41634621.09,18579263.19,34291139.67,-70693419.98,-11790203.42,66370668.21,-3999066.83,41630805.8,41627643.11,64626617.42,-25522905.08,66745715.63,385489353.36,4639412.48,4523299200000,41624984.83,42936422569.3,47687814.7,46439241.71,520612210.87,61883865.96,48997561.9,14326175.36,-37078202.24,30296998.52,74837721.38,-8145266.44,41623247.93,24006629.64,-89254121.08,-51123832.21,6350592.48,41633853.5,-22432312.2,41631980.65,-18234937.5,-73126461.98,74169465.59,-66083654.84,-97332537.27,-98259762.47,63610319.92,41625007.32,-55385545.72,-283543896.38,37564456.96,-12773039.27,2471238.05,-46776799.8,-3800277.57,25239244.97,-1409687.93,26247603.05,-88817433.18,39829177.25,22965384.34,53615686.86,-2865938.57,-82964333.72,26357049.51,8892655.33,41626054.1,41624962.87,72892903.12,-67171839.59,41619877.43,48161517.38,-90628635.1,92554312.19,-8617435.91,74234101.32,-42732904.95,-92301116.16,-83260259.14,70671503.15,-57044116.96,-27591133.13,51281991.83,-39881124.84,72880081.55,41626707.66,41627029.79,-60379155.9,36892212.35,-42231185.32,-57127563.3,-64137703.08,41630295.8,41632389.67,41621043.15,1271373395.37,-89793012.46,-49504121.87,91560071.86,24785880.25,-79879771.28,-16172645.87
41631004.08,-88484591.13,63826839.84,41634774.09,-1703077.82,-40681186.29,-53601111.23,-44506774.07,-9372784.91,11808220.1,41626724.42,41629401.49,-46430236.98,-89265915.03,-87726741.26,385490160.9,-46031362.12,4630608000000,41627187.96,38238539019.14,42303998.49,48268518.72,70034164.11,83673776.14,38047230.49,87069611.84,75914272.51,94172529.06,-59468582.6,13977079.98,41627334.57,88779793.32,-52486636.94,-86426550.92,-44359125.07,41632193.23,73075530.66,41632428.58,74509681.3,85179312.93,-27640132.7,-75406079.1,7378774.09,91518579.79,96804536.91,41626019.94,56901222.25,-283547106.75,13893003.1,66682245.15,-50194859.8,17441971.98,-60017540.81,78023604.21,73761300.95,-43941039.81,3468868.59,-13453654.57,88124608.38,7949518.42,-15988241.76,-95808042.04,47145530.82,-53606977.62,41626583.9,41622958.07,-82986573.26,61314060.16,41621454.47,-71342219.04,-75643732.36,-67132274.75,35945532.92,-42751579.86,45597359.57,-94270680.68,93579778.47,-53313856.98,-42474865.74,91178885.93,51234543.32,-52346716.62,-93522030.11,41624390.25,41627822.02,82273057.28,-42730655.5,47726376.82,-61948114.92,64843949.97,41633578.82,41630518.88,41620638.79,954676538.81,-38805772.74,-62300612.5,30859821.61,-51293166.83,18053221.63,82499723.07
41633955.67,27689476.33,43634295.65,41632272.29,-40902919.2,-50370672.74,33035749.98,-92143330.04,-2419996.53,-6197809.18,41623994.53,41630480.92,-77024844.5,-31864206.32,80972357.24,385492792.77,46700427.32,4719340800000,41628429.17,30051393426.7,42214546.97,-3113847.24,54502152.99,-16457407.43,1015319.29,-34738140.24,-68407412.55,-3739544.11,29114357.8,-86048489.11,41631254.29,-44419571.25,47043527.23,-24990710.9,35281633.46,41628459.53,-63456049.53,41630847.87,40867308.96,-68531189.32,21111632.23,-23803536.66,98262434.15,-68647373.87,-33970330.13,41625169.66,-913939.94,-283549866.74,18132247.53,85963139.87,-67818910.39,95132549.71,-9912625.26,69180718.16,99854033.68,50322255.98,76931473.34,25449192.38,91008872.76,29215162.02,39870882.11,-36077628.64,-83111917.14,15099833.88,41628299.93,41623291,-50417238.72,22788120.53,41625193.88,-67080878.15,49981881.39,92230811.7,-43090559.43,30206508.57,-62902642.82,-95869219.61,-16298736.1,65674863.59,46866591.75,69287179.34,51185342.91,40650119.57,59100173.39,41623680.71,41630063.1,75650017.81,73478799.23,-32336845.01,-20382597.56,-35561783.19,41634741.58,41628272.14,41622789.08,5540565634.7,92237242.45,-57646025.59,26287511.22,80858385.94,-40950348.11,97906906.04
41634276.29,66894980.16,-7209023.99,41628183.31,79184383.55,-85553225.51,66806850.55,-89741389.26,-38908337.83,-81338839.86,41623635.4,41629771.57,-38905416.75,-96439294.68,-52106391.55,385496080.6,-58281683.53,4787078400000,41627843.01,11480980008.61,42358757.74,-6524384.09,49652246.67,-35590414.68,-68659477.07,30745626.82,39907461.02,37052616.87,-64650757.6,-42714758.54,41633342.27,-11644836.05,89941602.07,68981046.02,-85367900.6,41624235.4,-92075219.18,41628603.66,76768113.08,-30625784.43,17107442.15,63578930.16,-33914730.59,-48774105.51,-70900528.9,41623454.51,-63285768.39,-283550869.31,81723359.15,25526764.52,-84194483.92,81752169.59,-68695228.13,-12077923.22,50858605.78,19425254.33,54110498.96,55234643.79,6364430.39,59632351.05,-48270821.39,-32691511.53,-44161194.89,-20408282.01,41629740.9,41625319.8,22470795.91,3336838.78,41629380.16,-99921540.19,58658783.25,17560688.82,-19455544.35,-78808575.54,-98510043.1,-38103852.47,72673459.29,-62063368.48,-22242306.17,40867364.29,51136038.05,15921849.37,28717357.16,41625446.08,41632344.8,-21030731.14,29260418.27,92195316.18,23067447.45,43604342.7,41633098.02,41627132.14,41626229.27,54898529937.93,7926406.03,94804554.53,88912974.45,43503791.03,-47156488.73,64167564.58
41632481.62,-7039225.89,-56264986.58,41624349.82,-35100938.57,33927501.68,-43781517.5,18827178,37999805.76,-56312134.92,41625419.83,41627241.46,-61735310.56,79946206.95,70472506.32,365032348.8,-26381172.79,4832006400000,41625814.84,11111232858.35,43105721.32,78985419.25,390600254.7,-95418774.47,7851209.74,-6756593.55,54517605.2,-79361496.49,10535807.43,7941082.95,41632864.84,26509538.78,-91307781.95,99417076.84,-51032500.58,41621515.13,50277078.04,41627340.5,-87645830.04,5312005.46,6279991.67,32819781.39,74288052.21,-66895012.82,-9234495.94,41622573.73,34287533.63,-283549953.62,-51675822.44,61269766.79,-42580350.38,59118702.49,91002332.09,14046613.21,40080115.76,-24899679.49,-38261589.58,-5824981.06,39905012.54,-51441311.41,-83883892.5,-55004509.99,-53954244.56,95272397.4,41629573.68,41627819.75,-14846746.81,-73933375.47,41632167.54,-25146619.62,-33590837.4,-60093254.77,-3582444.58,-42089199.48,-88451117.28,14515454.88,-60056389.91,-4532.72,95591862.73,84642996.08,50921842.7,-40260461.11,-31803990,41629364.89,41633102.74,-40956634.17,-92362757.54,-10106318.52,36509771.15,-68774081.37,41629344.98,41628081.67,41629189.39,52870229.16,73172886.25,-83842340.03,62002365.97,33246491.86,11677186.59,38314561.86
41628477.9,5366786.87,-45194382.92,41622420.35,-4739401.31,-39602450.51,-87827058.52,64747859.57,14377755.96,96223035.77,41627828.13,41624131.92,-38984725.24,68549287.59,53008084.58,365032145.87,-9591805.13,4852396800000,41623697.69,10513888058.07,43326576.08,81719278.61,70543271.51,53076027.42,-6196597.61,-92860110.56,-50063105.04,-26158968.34,87380532.8,11597585.45,41630784.59,20434285.06,59740120.09,-49966286.7,98081766.64,41621399.26,97796529.48,41627846.22,-29804476.18,-52850159.86,2431133.35,47075499.83,-59579620.29,-30746510.78,19162992.75,41623290.48,-13139845.21,-283548134.25,91830138.02,-21939083.74,96653021.36,27611492.98,-8416988.18,52769427.13,-10921158.98,29509065,-84351232.62,65416107.57,96015780.88,-53877308.6,-70855353.31,7397118.49,5256841.94,91378882.31,41627426.55,41628920.34,93044460.46,21013798.49,41632544.93,12277344.83,76285005.8,-77870483.1,-72174886.55,39295519.8,-48797852.85,95797170.39,6607060.08,-20248648.46,97874382.12,86641518.05,50709561.23,35211831.75,33796503.82,41633597.53,41631382.02,-19866549.31,-91148073.99,51559558.51,89769775.03,-26520462.6,41625204.71,41629816.26,41630309.08,34662495961.23,-40897014.41,61220476.75,45968944.64,46688883.08,-18475387.19,6781813.91
41626637.53,28521765.41,-35291431.75,41622900.59,49218065.9,-86672165.7,8125955.58,75141796.92,-96995536.79,-80835675.11,41629544.19,41622054.15,87326842.08,-19394265.1,27359343.75,372088808.79,-54766773.62,4847990400000,41623163.73,10188085333.84,47401142.18,-5289229.62,457451040.17,-43877222.34,32961276.6,89766873.68,47139583.94,9010736.84,-34603084.32,26070591,41628246.87,-54101226.74,-29644995.66,-52263543.91,-28289974.55,41624100.91,21072398.89,41629961.5,61313383.17,-65403722.95,-2709129.38,-63018032.82,-76148284.25,20667566.15,62503210.83,41625428.22,74895208.11,-283546952.58,-86776852.68,-65143110.92,77118203.76,-72519532.5,-74420336.23,-48362172.68,61012033.45,66012366.53,-64157468.87,-17151705.68,-14475019.04,-92369842.01,-70154323.25,-8102240.11,46020212.53,84468958.05,41624170.67,41628322.1,-34705301.71,-34929296.76,41630822.76,99808907.55,13228633.58,-69834626.59,-36990099.87,-13772858.95,69606116.91,52770920.96,-43443736.25,-86281470.93,63280365.6,-23655772.05,50498496.41,94827113.32,-77521027.15,41636719.31,41627827.32,-47390255.34,-48801497.09,-16470693.4,97779341.25,-13102170.36,41622514.75,41631459.58,41629504.52,1588927639.67,-77563537.29,-34248558.53,-70487259.84,80619140.15,-8062906.17,70164529.33
41623369.04,-96392926.71,-52668334.8,41625373.59,4067046.64,47093691.37,1434261.14,24823954.91,45205012.33,-7662877.8,41629104.87,41622476.21,62306354.61,-6650665.16,-89590062.63,-172983868.25,-90510471.22,4818787200000,41624922.25,10476702671.72,45943047.36,-53949362.42,270330226.11,-95705221.1,-34892474.75,-20010171.04,63518649.13,17192755.11,47933386.95,81841439.47,41627027.68,-51978966.79,32741765.42,-47455027.08,-83959806.45,41627716.92,21910707.31,41631972.1,76163443.74,-31308300.56,67051610.4,-22741488.46,-14244511.79,28079203.65,-85171989.04,41629288.7,89248814.7,-480854008.83,-50551620.17,76552019.68,30995773.43,56914662.92,39394200.71,-25429093.64,67584421.26,-25776340.81,-86524540.81,82310123.31,-76648358.34,-46654261.54,-93635437.01,3218311.09,-60179407.06,-33601242.12,41621480.5,41626551.97,-82315994.48,-93611320.05,41628380.39,-52969300.2,-29382282.34,59569515.12,33103186.68,-2830967.47,-82719309.24,17996644.85,-59118075.79,51815076.46,-85509813.15,35119906.49,50287194.19,-94391192.98,-35483384.89,41636537.42,41623646.86,-49224472.65,-90945193.47,27769812.65,-5816196.9,20507698.24,41622269.63,41631409.19,41627666.44,2940020099.6,-92749623.22,82041776.37,-32822052.41,-47549019.95,71991576.35,49764112.26
41624643.72,65991474.59,-10209968.63,41627796.26,-61788217.59,-43306855.36,-85934805.46,-20377240,54911124.09,-1402512.42,41627152.67,41625443.3,94846003.83,19533893.31,-31776947.5,-160835369.8,-50489628.38,4765910400000,41628583.28,10532814260.86,47880713.31,-80981557.19,622837261.6,-5887946.54,-82275147.14,86819444.34,-57270964.77,84344689.4,-9965103.68,-95006668.44,41627516.79,-98440255.29,-23828564.01,84047853.57,-43945938.19,41630711.34,-14007257.1,41632461.42,-71698307.43,20365758.58,87270052.93,-59245899.08,-68152786.44,43602817.78,-33262736.15,41629621.8,-80535676.77,-929987076.83,63938522.18,-54610812.39,39927328.11,43344932.35,-43993300.51,75382818.13,32899378.3,-4579911.8,78122462.71,86844671.02,53662073.1,-33243286.61,-83504689.26,16800459.26,-46471016.96,24618651.02,41620914.25,41624957.21,88710317.81,-70670991.06,41626829.07,13069137.4,17487480.09,-34525006.44,-13893313.82,34307439.77,52550852.55,-5368921.37,-52091705.03,77929279.33,-69281232.49,-52796436.02,50092728.98,-73275090.48,-92002924.94,41633639.05,41620958.12,-59633644.59,31982648.33,39439683.1,70152588.17,15457622.95,41624142.82,41629176.6,41626417.32,818590420.48,56621862.26,80427606.19,14860612.65,-80791912.46,-48415489.08,24648249.7
41627250.62,72865998.68,-7008343.17,41629258.62,-38607708.07,76422866.59,-37659185.7,11143413.22,-4772967.74,63642766.87,41625240.93,41629775.06,-22172204.78,65242141.43,21384396.73,-160837079.32,-25963912.27,4690483200000,41632633.31,10291614046.73,43098579.62,-7719533.64,188109895.46,15899743.42,80207498.98,29801451.06,76669863.14,14508347.09,24285414,-17096385.5,41629376.61,-43015066.69,-18402853.34,78363739.69,-77782890.15,41631932.94,-81741002.04,41630752.14,33559031.8,-18961761.53,63081641.13,-88592061.97,59958611.32,39505221.38,52446718.22,41629926.17,85333375.41,-929989968.23,33119261.43,54720331.06,71736353.65,-60001585.5,-50488170.24,5795968.02,29464402.91,-43020053.87,-50019195.55,-68301741.92,-10099756.49,-79528133.55,37553478.32,-95844735.16,46618119.49,82878739.08,41623030.43,41625115.41,-17403155.91,-72549573.75,41627071.6,-52925797.75,48585232.67,67739824.93,-93161083.74,-18302372.98,-35417822.56,83749651.6,-47405346.22,73854816.88,23162937.4,35794220.8,49896384.13,28652684.72,70585713.03,41629819.9,41621115.31,-26226516.51,85831418.05,45760392.46,-21615446.39,4956647.39,41626745.4,41625548.34,41626954.6,188112861,67755491.68,-9738353.33,97805461.15,95516289.64,-55957658.28,-29599301.14
41628618.42,70118241.76,-67691915.32,41628601.47,-12609091.42,-88244030.68,-34790332.27,-70348980.88,89228609.18,94277253.39,41624752.1,41633578.62,80389496.79,-77793704.05,-93606413.57,-160836190.04,-42438814.82,4594838400000,41635138.04,10333647237.68,42771500.11,-20695683,88255416.95,16387022.83,-41859652.19,79790543.06,-22577290.95,34893827.16,58002531.58,-46659474.65,41630781.29,13755223.97,-63164755.73,-63246857.14,62985415.87,41631045.94,367716.22,41627185.06,-10727757.34,30967528.15,95096414.76,96349055.21,-47740322.25,-32539559.46,13580715.18,41625324.37,-29776763.74,-929991714.85,-17624977.16,-28955609.41,7116.65,67459042.25,-18016597.57,56500045.41,50453183.16,-21556411.3,-76728523.7,-30886754.49,88660236.66,36238787.47,35138724.76,64745402.69,59039715.08,-90776145.01,41627039.82,41627392.36,-21190879.18,-42786477.4,41628793.43,82603216.84,-195887.66,-25699944.2,-47756174.44,-88357560.65,65977143.26,73896100.47,-74640842.68,55556475.06,-20522886.6,-37003914.83,49699040.26,67294262.8,8715868.59,41626624.22,41623881.89,87846965.17,-41670275.24,-44411213.78,8842337.45,32388726.18,41628463.31,41622214.13,41629233.32,1691731874.79,-67365646.05,-44607478.72,44955822.49,69109812.13,72081499.25,-42818025.24
41628192.92,78230413.92,68750375.79,41626947.78,-47551064.13,31541809,-98730131.95,65943276.45,94977596.99,27139198.51,41626522.8,41635236.91,-99349323.69,43579713.09,-69787345.81,-175690366.5,8379181.11,4481740800000,41634900.62,10244615263.21,44361598.49,36635858.85,666694130.78,-80325104.95,-82735415.95,79292448.57,8015556.15,-51257983.37,-63478636.15,-64024454.11,41630560.17,73451623.44,-77354209.22,-26112958.74,-21241924.56,41629116.7,75595447.01,41623312.08,-94032443.72,-18584615.17,-51649990.57,-76674861.52,-80930572.05,-82465144.63,-85057374.93,41621014.83,-18381502.09,-986485043.76,64434754.56,-8836584.33,-13210528.61,-77677682.21,13067886.68,86438283.93,-58311724.12,41804895.8,-95905434.63,-74010415.33,-18346847.27,-70689222.05,-92727696.55,27146524.09,13603282.72,-74822553.1,41631194.17,41630891.79,13631939.41,-97909389.3,41630671.34,-86439862.84,27963051.82,-41423506.33,-94694992.87,-67428026.9,9379134.62,36685030.48,73989376.82,-21840040.74,97502649.62,-42490141.38,49502345.22,67409879.11,-46862283.07,41625432.04,41627887.62,729975.33,94845706.37,29874393.64,40783577.47,-30785075.03,41628392.34,41620674,41632072.48,64357869.9,-2996826.94,22003948.66,44500508.82,46282622,66031592.17,57552497.15
41625217.45,-12492765.22,-23285212.73,41625348.54,-86796996.23,-53219072.21,27017.78,-12671188.58,37914496.64,-94987923.45,41629788.63,41634245.76,19396298.09,19370364.95,19748201.38,-169922279.16,-76866504.05,4354819200000,41632008.58,9958787600.24,50302789.86,-10286019.88,640184509.81,9077616.16,-2540577.57,32621079.39,99053783.87,-84602445.1,-51467819.66,-60397732.79,41628273.9,-49349920.89,60737842.31,6667470.55,88305229.81,41627427.96,95920313.73,41620854.7,16516910.71,90641744.98,-55671999.77,50503957.66,86755242.12,-1749114.82,-45011466.01,41615718.59,31517723.35,-1932596490.07,-12836004.43,-50461568.6,76026962.5,-41515217.61,-91479030.57,-52472007.9,82750862.09,-39452090.9,23758418.41,-60977402.4,81968397.15,-80501738.38,-40387580.75,-15947429.07,7870934.65,62697036.78,41633700.08,41633934.32,26283085.82,-23677219.39,41631176.45,5974655.56,33565214.22,-8928720.49,-69620141.88,58887212.62,87725906.33,10836734.53,-34036346.02,-17808563.42,3417263.91,76213163.31,50085134.53,55199899.65,63480163.79,41625944.28,41631034.37,-51984711.12,50363307.14,-72589364.57,57211692.88,-56412809.17,41626839.75,41621991.18,41633709.76,2682270549.17,39532857.69,45522218.78,56905502.2,-3854640.25,21255646.38,50968370.31
41621609.41,91330164.43,4335661.78,41625642.11,49254460.81,-84302457.27,2023569.74,44537393.8,-68155072.85,-71974637,41633353.54,41631438.32,30494017.51,-36533906.88,49585891.35,-215079630.7,-80255536.26,4217097600000,41627944.83,4504745403.93,43930964.05,-28637122.96,249256804.33,-38014127.19,48934235.09,-42671736.52,31107100.56,-1467034.25,21435028.23,-93705700.5,41624833.31,-74501712.99,-51817629.19,-70600461.16,-99730517.63,41627499.51,57837702.47,41621180.48,-96469442.79,46079099.23,-87213251.17,-51445771.06,69792767.39,47894433.34,-27060186.73,41615034.89,7613016.81,-2596137305.45,-20144659.87,-35806835.61,-10282167.29,91429712.1,-52584403.99,-57181833.42,-225220.77,-30774284.88,-89917164.79,42849802.55,-72694836.09,36990462.45,35344251.68,-55608459.32,99995672.28,12835388.51,41633652.31,41635151.14,-12505647.58,-11469350.92,41629509.56,-1470532.96,-79045723.57,-59679017.79,78673737.86,15324137.22,39635706.32,81804459.53,55019919.63,30771870.46,-21403062.44,-74168173.63,49893182.7,-55297344.62,81336565.31,41627695.29,41632177.97,26182076.11,63892816.74,67375061.47,-64421501.12,16158801.38,41625111.46,41625484.42,41632972.89,358085525.41,-12266231.45,79444955.85,-67728666.41,40410818.2,86738492.59,67057186.87
41620492.41,67142485.21,-30989376.43,41627861.17,62506397.24,-42529301.52,-9343220.07,26983249.93,19776930.58,9989493.15,41635098.51,41628477.94,-29755652.75,-90165978.63,35089421.53,-174691053.33,97805484.93,4073241600000,41624506.27,4508177336.03,45211286.01,-74842305.45,765666867.7,57025280.04,96350539.8,-79979181.12,87059538.01,70421028.57,94690610.98,41811886.19,41621814.78,-21613582.24,-83306565.65,-50953184.61,42010555.75,41629076.9,-43231303.82,41623874.4,-12681009.91,-56953911.48,-6927187.72,-61644460.17,56802602.42,-35170184.03,-45739014.63,41616252.59,70126847.35,-4160312509.81,85055657.84,11758124.46,54058476.82,94788187.29,-87097618.42,-87128328.65,-73972985.25,35048570.85,-51009460.25,71726470.25,-19352285.74,-46790138.56,12621756.31,-5621941.13,-63364200.88,-79581370.61,41631471.21,41633720.83,99160930.12,-78489976.26,41626130.36,49049320.6,20964814.13,-45154275.53,-74809276.72,94930508.78,-82788543.66,37987544.77,9071729.8,-87031408.18,44674115.34,-11657554.62,49702970.24,72015311.73,42062742.75,41628540.41,41630954.86,-59226218.47,-76094087.38,91118716.19,70399309.24,74856187.07,41624711.81,41629708.61,41629710.89,87178702.11,66466896.27,79579041.95,-9782436,31613589.55,27509917.2,40218646.71
41622868.18,-92890556.24,13645332.66,41631080.7,-22582744.6,39676151.11,-80923083.72,-82851926.99,58515868.95,-74091758.05,41634642.33,41626475.3,60816418.13,-94122382.92,-3225021.55,-160660634.01,69325557.71,3926620800000,41623301.71,1047127493.13,47635045.67,97053614.13,2368717849.7,28103077.27,98059426.45,92939865.16,14167437.82,-88602294.37,-30748384.85,-34335396.96,41620751.37,50753518.35,-85916653.94,92221126.24,77584314.05,41631756.72,-53738089.12,41628079.02,-18390585.53,-33639677.65,-12646019.24,-57219889.42,-54318774.08,7925235.35,27435267.4,41619105.56,-47002767.12,-4160311078.3,33877442.51,-60050516.29,-8377395.9,-58557511.2,-71672307.93,52820195.63,-65600406.09,55190827.86,-5133900.06,-80742706.56,36347629.05,-4732898.26,-85767178.91,59272878.2,67177745.32,79218925.23,41628608.15,41630078.17,53482331.81,-49381253.28,41622570.99,-18786750.47,-83183722.02,53811331.81,15419044.66,88575090.98,58526598.08,41356168.16,-70903390.76,-24533630.8,48231422.75,90571864.48,49512717.35,93317776.8,54430156.83,41628584.21,41628917.08,57239722.54,90983323.46,-13292531.28,-4785966.63,16933977.02,41626417.55,41632550.22,41625401.21,52004661.01,68920117.66,78083291.48,80726859.38,64622496.01,22538606.87,-97653489.43