E4,RklUVC1Xwqd7Im0iOls3LDUzLDMxXSwibyI6WzM5Nzk5NDU0LjQyOTE5ODU2LDI4NjcxNTQzLjM0MjMwMDUyLDgzNTgwMzY3LjA2NTExNjAyXSwicCI6WzY3Miw5MTgsMzk2XX3Cpzc1wqdQSjMsQ1I3LEJOMixFWTQsSUI2LFRONCxEUDcsU1I1LFNVNixETjcsVkk0LFBINCxEUzAsVUo2LERFNCxDSjQsQlY2LFZSMCxWVDYsWko0LExGMSxBQzAsWEk5LFNXNSxQWTMsTEUwLEZGNyxNSzEsWlQ5LERYMyxTTzAsSkcwLFZBNSxERDIsSUsxLEhFNCxWQjksUUo1LENLNyxXTzIsWVI4LFNJMyxSRzksREgwLFNVMixVRzIsUk45LFRIMSxNRTQsU1o5LEJYNixDVDEsUUszLEFGNCxWVTAsUlo0LE9KOCxRQjcsWUk4LEpVNCxERjMsSU0yLEFaNSxaTDAsWVkyLFRNMyxOUzksWVQ1LFFOMyxKTDgsVVk0LEVMNCxTSzksRkk2LE9PMSxTRDYsUEUzLFNaMixCVDMsREo5LFZLMSxIQzYsQUQ4LERXMSxaVjcsRkczLFZDMixKTjgsSFIyLEVSMSxESDIsSFEyLEdVNyxMUzIsVkU0LENHOCxGUjksRks3LFRLMCxPWTbCpzA6NDU6Ti40MixOLjMwLE4uMTYsTi43NCxOLjksUi4zLFIuMTMsTi43MixOLjQzLE4uNjQsTi4yNixOLjIsTi4xLFIuMCxOLjExLE4uNjcsTi4xMixSLjQsTi40NyxSLjE3LE4uMCxOLjM3LFIuMSxOLjY1LFIuMixOLjQwLFIuMTQsUi44LE4uMjEsTi4yNyxOLjU2LFIuNixOLjcsTi4zMyxOLjgsUi4yNCxOLjM2LE4uMTAsTi4zLE4uNCxSLjIwLFIuMTAsTi41MCxOLjU1LE4uNjIsTi42MyxOLjQ0LE4uNTcsUi4xOSxOLjYsTi41MixSLjIyLE4uMjgsTi41MSxOLjQ4LE4uMjUsTi4yNCxOLjUzLFIuMjEsTi4zMSxSLjE1LFIuOSxOLjI5LE4uNTgsTi40OSxOLjQ2LE4uMzksTi4yMixOLjQ1LE4uNzAsUi4xNixOLjYxLFIuNyxOLjU5LE4uNDEsTi4xMyxOLjY4LFIuNSxSLjE4LFIuMTEsTi4xNyxOLjU0LE4uNzEsTi4yMyxOLjUsTi4zNSxOLjM4LE4uNjksUi4yMyxOLjM0LE4uMTksTi4xOCxOLjMyLE4uNzMsTi42NixOLjE1LE4uMTQsTi4yMCxSLjEyLE4uNjA=
PJ3,CR7,BN2,EY4,IB6,TN4,DP7,SR5,SU6,DN7,VI4,PH4,DS0,UJ6,DE4,CJ4,BV6,VR0,VT6,ZJ4,LF1,AC0,XI9,SW5,PY3,LE0,FF7,MK1,ZT9,DX3,SO0,JG0,VA5,DD2,IK1,HE4,VB9,QJ5,CK7,WO2,YR8,SI3,RG9,DH0,SU2,UG2,RN9,TH1,ME4,SZ9,BX6,CT1,QK3,AF4,VU0,RZ4,OJ8,QB7,YI8,JU4,DF3,IM2,AZ5,ZL0,YY2,TM3,NS9,YT5,QN3,JL8,UY4,EL4,SK9,FI6,OO1,SD6,PE3,SZ2,BT3,DJ9,VK1,HC6,AD8,DW1,ZV7,FG3,VC2,JN8,HR2,ER1,DH2,HQ2,GU7,LS2,VE4,CG8,FR9,FK7,TK0,OY6
-70979535.95,-45018392.08,-30031127.44,-11714520.84,58764846.27,152060885.67,152048109.71,-43922703.55,96084842.82,-34059396.31,-7329960.66,-23090201.59,8775917.22,2377641600000,-33111387.01,53354094.37,54666524.36,152052881.54,66512816.07,152046018.7,63983244.01,-56035034.96,152048707.63,-33568952.85,152054469.73,-90935181.17,152052232.92,152051923.38,-62872611.83,-51266398.57,-75089158,149087658.65,82436137.67,80378338.49,-63107402.8,152057900.58,38782774.58,50787049.64,-31385106.45,73817623.44,654482451.84,152053938.49,-75990214.19,35921700.09,-56629640.77,-46241144.4,3037966,62521301.12,152054734.89,52758751.13,90425801.35,152053947.14,5797167.99,-8699437.98,87700985.69,15094537.3,-39025422.27,98373418,654481490.35,-73862205.23,152057238.49,152044795.38,-53210588.58,54940051.95,93600854.95,97633007.68,3827178.51,-71279825.52,-58402551.19,-1419189.68,152049355.85,36925706.85,152059294.92,67862073.03,-75669243.23,-68557086.58,13391461.22,152190954.67,152056047.04,152056534.26,2446153.41,90605784.02,86350071.65,27562146.93,-10501796.21,36191943.39,-85287781.71,-91271194.54,152068191.35,27424673.34,95976740.39,-78593773.94,36994664.27,-92006939.92,-82642211.16,49139170.43,-82771154.09,68214786.06,152049047.18,70445301.46
38057938.02,60310981.67,-55666521.54,-59287624.95,-55297893.11,152059017.84,152050551.2,-76143743.52,64943172.21,-74866547.09,-35779715.03,-5935857.57,82378417.05,2427148800000,-92145244.32,-65334747.71,39049979.36,152049443.08,-55292205.92,152049738.96,-74552596.29,31218010.23,152049069.64,71884986.35,152058706.12,-57630181.51,152054977.19,152048168.1,86765085.79,-94782928.92,55100782.12,146438709.86,44059063.92,1311220.16,-17150297.5,152055179.74,86990047.34,35346048.31,-64076460.91,92138466.87,577394773.59,152057526.7,-21068993.3,-13793563.96,-21943870.48,-5285131.5,-82480526.06,-7248070.69,152051233.65,69634878.02,90757359.4,152056184.71,6308303.3,-48613783.54,15083852.58,15748876.04,-32209496.02,-19620242.22,615941330.92,10504872.95,152054781.5,152047101.94,24400698.44,-68395038.37,-77240668.61,32853251.03,-25867216.06,-23859177.1,60679571.62,15836165.11,152046255.18,27626518.61,152057950.67,86452504.96,-66414353.26,44887675.05,20823417.95,152137598.67,152058209.14,152053625.01,41173573.91,37042759.76,-47783788.89,-21327693.56,-13040579.66,-58059145.05,-44295752.15,-54676362.77,152060845.93,33099024.77,-78150989.15,64695868.53,-98728117.78,-38899496.51,-22717380.08,-6344285.33,29551340.58,55057296.85,152046628.45,-35999528.95
23494108.17,-12586399.48,69954802.82,21229012.44,90332909.46,152054815.62,152054283.46,35019369.65,-64632068.21,10111666.86,-73185366.7,90362676.82,-92552856.34,2452464000000,-53440410.9,94346349.69,82142992.69,152048296.33,33627742.88,152054444.79,-75605442.25,10517934.46,152052248.51,-47436896.99,152060778.7,57007812.23,152055335.2,152046684.55,53454381.18,47697013.02,-50746292.66,145743491.89,-10598634.4,44421304.16,-36657430.64,152066763.77,-44085059.97,-66734832.89,-89256401.15,50356821.46,23784048835.62,152058342.2,26496031.03,55677816.11,-62428631.38,77671328.68,-10334939.24,-43910210.52,155141375.61,-58276376.07,35141843.08,152055571.61,67209317.68,-67757320.43,-91351667.82,95532082.72,-2541194.99,-89539920.08,8338647857.52,36446448.98,152051082.18,152073607.72,90735847.79,-48304532.03,7446842.97,75699376.09,69095107.44,97229909.44,-25083858.14,70823729.91,152046025.58,-33767368.46,152054742.62,48290425.85,-92791119.2,19118540.45,88006868.82,152200849.1,155151262.86,152049054.33,59695337.31,-93255128.44,-41554260.01,-45288372.33,-18752085.11,-53561089.33,28839521.25,44260342.67,152079032.71,94379211.69,-27591850.83,-63414448.59,11744040.71,-58757655.54,-25032848.28,-78640465.46,19479712.26,35211439.29,152047115.91,-7674285.62
-19476691.08,-98452944.96,-92243276.07,-99129391.54,-55971175.72,152050582.61,152056513.77,-79219344.5,24941140.27,81415733.45,73469700.46,13617697.74,-95614849.52,2453241600000,-46863623.25,48377119.8,70523026.25,152050627.1,-61476302.61,152057395.43,-35222481.81,17664651.29,152056204.91,-53489824.4,152060402.63,54720583.64,152052847.24,152048103.04,6948747.26,48538209.79,74067048.21,115729144.86,69507993.02,-87785745.55,-85819431.72,152072207.62,87573723.25,52596756.29,-20996703.4,1713761.72,5808029034.46,152055990.16,-60148479.23,60449061.11,-60516200.21,-55585334.79,-7147611.72,13010538.87,152045364.07,-40521534.09,-15864975.15,152052699.38,34650275.24,-86168514.28,3171649.46,21798295.4,-97722939.7,-99548426.06,7705995227.73,-50427586.04,152048344.01,154238480.25,-4813247.45,-59912324.8,8159573.47,-83320372.67,-53559552.08,54377719.71,51385455.59,-88139083.52,152048585.29,-63654419.86,152051735.45,-78196739.74,7359972.21,-42530350.02,21803923.25,152192405.22,155147598.16,152045318.46,27768789.11,23084561.7,24342719.38,20990387.2,3519879.74,60794496.93,-20737662.93,75043196.28,152066702.3,84019644.47,-37428888.25,-74435719.49,-80962712.34,33990221.79,86655355.64,-82774661.91,82863325.71,83389181.34,152049994.55,-58851584.42
-94790321.84,-49841843.66,-50729036.94,-40725202.58,52895731.58,152048016.9,152056267.29,-45380334.71,-73447016.23,-9402736.64,-25847958.31,76153612.74,-80574260.11,2429136000000,15631553.12,3672437.21,87743926.13,152054692.64,11447426.59,152057616.24,98483911.13,-84831246.36,152058850.96,38424600.28,152057168,52731636.75,152049421.36,152051400.54,-31680554.63,-12792975.88,-84857773.43,115725512.64,-46106518.13,98278827.01,83790869.82,152073784.62,-5429743.51,32881567.05,87837415.97,-65356705.15,3284772259.88,152051793.65,-6570072.81,-90846842.58,-14817828.78,-59430910.33,18008179.98,-43206098.99,152046454.65,-70675911.4,-77177196.78,152049454.55,18950691.78,10624362.34,-45350198.38,75534943.47,54578002.04,-62165160.92,6821749374.64,-44802909.71,152048161.41,154240018.44,86433984.84,42802382.88,-69035801.43,48176868.35,57956631.85,2449476.48,-56246435.76,-94672997.48,152052406.86,98293881.4,152050844.19,-81989482.09,31304819.77,-19542652.94,-26272412.91,152098338.1,155143079.09,152044979.05,-43188823.64,-17562449.08,26625215.98,14165220.62,-24030221.71,-80303389.35,-68710745.83,-55036851.32,152054753.31,-19602552.94,31889780.47,-78857905.68,-9616374.18,84788573.96,-79227003.62,-27342723.22,-14610289.68,-29446451.93,152054391.69,-63908046.19
76647284.46,19891622.53,30493785.55,75008054.03,-8923786.45,152046066.72,152053266.64,59625583.07,-2434901.69,64068648.3,17825705.03,86302735.82,-59230020.97,2381011200000,46590815.69,-99238989.63,74310908.3,152058964.09,-24527996.94,152055019.31,37319422.8,-28367377.49,152054986.4,-68006718.63,152053314.68,2410235.47,152047096.81,152054497.14,55644170.67,-87576765.91,48056230.95,126537192.09,9686258.09,55002809.27,-88467243.57,152073958.62,-27290989.66,-56697455.18,-31510889.19,61276097.8,1062058201.77,152048004.06,15238693.29,-90562063.18,-69575997.29,-9367845.11,62664282.03,18293172.51,152050231.34,-74743018.22,-31054110.69,152047917.15,47694217.68,24981289.62,-64171213.94,11774396.81,-88522495.47,59660430.04,5861796849.21,-44985756.91,152050569.05,154238629.14,-6451773.06,99141340.2,98643744.75,-65692977.19,39003240.67,-96340954.19,53181351.83,99933891.7,152055278.18,17715326.4,152052790.94,53792229.49,51669893.12,-20418546.03,-58751471.08,152146749.76,155140025.48,152047744.71,83048346.19,74818996.55,15974423.19,-13152780.53,-43635944.5,70430588.65,-76087843.21,-79340281.53,152060040.23,22378173.73,87910671.33,-36330342.54,72770274.79,42547539.92,-30224049.09,-87339463.34,-65689482.27,36189253.36,152057828.78,-39065157.29
-1383045.18,-42783834.69,36996642.32,-36002251.24,-8715454.23,152052586.06,152048978.73,2817621.89,48926798.92,62820265.89,-9515750.58,41845606.84,-9671346.72,2309990400000,48818421.42,-7918258.29,36479375.58,152061247.41,-74870351.39,152051198,86207473.55,64323234.9,152055354.16,42981024.19,152050740.37,34217823.2,152047430.11,152055477.14,52700651.62,-80190634.94,-76844706.41,126536195.64,-96591568,-46381195.46,-65739271.45,152080484.11,-74173653.33,66957113.29,-60859596.87,-87715907.1,7000152057099.78,152046545.64,-15442572.45,23329061.79,-47997857.32,-30195573.96,66959613.67,-16122515.41,152054813.82,13279628.36,-41838958.38,152049152.52,-73642944.52,99898089.78,-74171644.7,-2331462.87,-12241723.61,-40611395.92,1005046115192.14,-35314383.27,152054029.86,154235362.6,-20622101.31,76913045.31,49050039.23,81139921.63,-51555321.08,-73565227.88,-24461185.99,52195275.19,152055548.57,-3454581.24,152056431.9,-13089960.21,-8353221.76,-32859884.33,87932397.42,152121549.77,155139941.23,152051784.85,29371686.74,32238004.75,20123704.39,-6230159.85,79211566.7,-67638844.56,-14787908.49,80926850.8,152124267.39,45765227,79247116.07,-57523062.34,-92926348.23,-42170418.19,-70902784.56,7274250.62,16980408.47,-75057389.91,152058447.32,-25451370.12
77895560.5,84666623.93,-30940584.86,76927887.81,-96821916.66,152056559.72,152045708.77,90194418.11,69042088,-55018117.55,64699876.55,-969436.16,-87348661.18,2218147200000,-67309936.19,-51971331.55,-1256738.86,152060369.02,95453769.51,152048396.53,83416761.36,-48173051.53,152052072.04,-49206995.08,152051230.21,-70221749.83,152050506.07,152053701.52,47363660.16,65843468.32,1280077.36,126538297.81,-25029390.11,78711604.47,-2708940.98,152075035.05,-88807452.24,-27731532.36,-52551965.28,28488414.39,700152053345.35,152048034.62,16265873.33,-7210483.55,52527144.29,84246060.31,-98897638.97,20195448.75,152057883.27,72307557.07,48015629.71,152052583.27,58163178.86,-6202092.11,53479071.83,-27502987.59,-91178737.34,-31757490.55,966934354891.56,76897110.75,152056401.75,154232303,-33015852.55,-10839056.8,-16347150.38,-2954638.12,-46921424.13,-5155281.14,33097492.42,-45261646.38,152053242.28,66063817.5,152059746.01,58060723.16,41617983.68,79935173.26,-55662927.3,152054276.62,155142701.31,152055670.38,92755728.31,-10759038.08,-51432389.24,-22832312.28,44468559.71,-64381512.31,-96121822.33,93060633.56,152062888.62,-74496658.2,67046083.9,-79320708.14,-48612952.52,-36904708.77,-34690136.2,8179150.83,-5293328.14,73246149.63,152055933.11,-59138203.63
-10681200.33,-34619619.82,18296259.81,90896446.85,-13792754.57,152058583.74,152045253.79,-36666985.68,-69127933.19,40664211.04,41719634.01,74610831.7,83325845.04,2108764800000,-78376372.21,-98218088.01,-10934412.88,152056613.26,-97713027.45,152048167.63,57529062.9,42214833.25,152050036.48,-87425270.33,152053697.52,59999953.09,152054807.86,152050099.33,1610341.92,-84347114.21,91160949.83,126542569.25,45659520.23,-2431948.01,16600923.12,152079352.22,30047591.95,-36428731.69,-47717653.96,-82904329.59,11219048833.65,152051403.53,28970505.5,-79265703.54,-47989040.13,68735833.47,43957569.93,6880340.59,152057953.27,-60440953.32,-96675125.39,152056299.6,-2561299.78,16458054.93,34654145.31,-52615166.77,57887560.66,-93809997.89,860743766217.79,19224586.13,152056115.52,154231359.03,34233607.64,-6534184.91,-91117323.81,61042397.23,-72489705.7,22200130.56,65412304.32,-57305193.38,152049866.42,58113635.48,152060737.39,24615027.5,62354016.89,-99426744.84,-78423354.93,153151828.74,155146650.72,152057168.21,-26340311.45,-47168302.63,-96085157.94,10171633.62,55480855.24,24213520.16,-63214439.82,62573939.56,152165416.84,93044503.6,-92543913.74,-96033618.17,-93936466.03,10345446.02,55198556.5,74135069.04,2058829.68,-29650680.52,152051625.39,11884682.63
41131818.25,-89957263.86,1800606.13,-52228374.06,-7626156.94,152057831.72,152047918.51,92265897.9,73995009.14,-41471877.85,53947975.25,-50131900.02,38206655.73,1984521600000,-19814087.98,-79134408.67,-73539056.8,152052396.39,-5600200.38,152050523.23,-74133055.51,-76840870.33,152050815.84,40672522.09,152056785.13,-43941553.06,152058056.07,152046859.02,-8413288.23,-54719712.21,65772603.59,126546865.23,52085547.89,78905953.89,-32254860.96,152075234.98,-90185894.67,-39137802.41,-20588413.28,-75675990.38,6201428597.26,152054559.2,30252094.69,-76104197.74,58334479.75,-16445297.13,8636520.34,-55394417.27,152055174.29,-27705240.48,-86489056.22,152058135.51,53181363.71,14153483.63,-30470483.28,-23222861.01,-24815849.31,76590898.26,775289536414.47,-30687405.81,152053116.53,154233162.32,-80186662.36,17265852.32,-19766157.67,52676270.45,76508294.39,64107907.97,72727658.51,-41562932.71,152047579.54,35588079.75,152058654.57,-40082642.98,97926971.19,54922101.4,-62406857.79,152051058.86,155149555.54,152055698.62,31347757.75,90060769.46,77102744.72,-76159422.18,-67214128.66,-30778591.06,15909374.58,-16902058.46,152053061.08,-89155966.8,-41796513.56,63853754.65,-76034315.62,-21894046.02,-88404398.55,98207512.58,-35367689.67,-13320899.71,152047795.67,-1873770.3
28961315.25,-52033377.77,62883230.23,-46245940.28,-53634935.71,152055065.61,152052350.64,34619652.65,-37892964.62,-27215465.34,66061740.28,31269518.9,-68985116.88,1848614400000,90327372.78,81640842.06,-80184622.43,152049975.84,-86068364.7,152053959.6,-29231509.38,57146918.67,152054308.57,-55703740.74,152058448.79,93354711.68,152058483.11,152046024.82,-99980694.27,83842805.29,80196356.35,141579398.5,82824940.87,20649321.05,-98626960.2,152075955.79,-86393991.68,97340010.6,-64328581.24,-95426088.17,87435996573.56,152055606.57,19033747.93,-70123808.39,-62804326.53,-75197480.03,56564518.09,83419352.59,152051223.16,-68590878.92,-11417287.96,152056903.73,26092524.06,-72195814.61,-12172578.39,-62642714.66,45546746.69,-78501583.54,783967692697.41,52543053.59,152048941.91,154236699.01,-67726480.36,41523109.31,27164294.37,-77681629.26,-15982865.61,62009990.18,57893382.87,-18980707.32,152047966.22,75400656.24,152054188.91,-74578777.68,91683835.31,-76006799.81,58541491.07,152120406.84,155149866.76,152052559.13,-64004245.2,-98952636.29,20750457.73,56244196.07,41628728.08,74215339.1,-11557393.47,-61694803.53,152071407.66,-29941656.36,-68116569.5,25870270.84,-11848544.37,-58035001.34,-36188893.13,80296953.47,29757852.94,35025118.9,152046404.38,-71050026.98
90847742.18,-97829146.36,32756074.94,-92623136.4,35179121.75,152051817.4,152056245.23,-55374016.74,-54655675.77,47452014.32,-90093530.9,-95761055.92,-13529811.62,1705363200000,76611005.61,37836696.93,614967.4,152050464.41,11113530.6,152056295.98,62227136.13,-35909365.06,152058351.85,52661376.73,152057425.07,89277875.32,152055797.84,152048212.16,14133307.64,73085659.9,24620894.71,141578340.39,7442098.15,82819151.88,-22679782.52,152077796.23,-14380096.96,70151479.63,-80049710.04,70013179.83,210152048882.5,152053901.23,39818549.42,30097524.9,-30534645.02,34523701.14,11629241.3,25483733.21,152048343.42,73924582.16,75426510.23,152053090.98,45036918.65,-67434565.83,45538134.34,-44829149.74,55254692.62,-25351414.17,804925160931.24,-5179241.27,152045842.71,154239884.05,-96900293.69,95824374.26,-70617987.3,4632077.46,-14068031.45,13385690.28,-90694496.71,-88486967.61,152051009.63,81390839.59,152050004.04,24506361.24,33868188.77,84329602.13,-55264446.93,152055886.66,155147583.55,152049218.74,-90058761.87,29610653.74,-52591195.66,82250787.74,94439679.72,-94659017.52,-66591647.53,66022594.35,152048239.75,13237926.62,-39469204.74,91128283.08,22211479.16,86655790.72,50052442.24,-84815830.15,-1506193.06,62865510.38,152047988.81,55725205.77
-88080773.61,17072668.12,85969318.01,88011149.28,-8644377.05,152050128.66,152057673.26,1142406.53,39653662.38,57705553.67,-45939441.2,1026915.2,25741353.33,5879088000000,26084339.46,-46098000.89,-33120115.66,152053284.09,-16800598.62,152055998.68,39855298.2,-83745357.8,152060681.24,-11719964.15,152054036.44,-67153404.45,152051396.55,152052478.04,41459537.66,17425106.72,71824431.86,141574777.4,59917175.1,20882264.7,94062329.42,152079888.98,-79341310.52,-97543124.33,68602992.7,-71383069.46,70152052961.42,152050475.39,-65690735.06,21642341.05,-19134164.52,39891431.46,65259418.64,-24397748.72,152048080.2,-87248760.94,79613394.42,152048617.35,52299312.38,46063223.66,-8090221.66,79316739.18,83141192.29,-42669527.65,809561960834.42,41669303.03,152045583.97,154240753.84,-62475520,67265502.03,-20611065.68,16235041.08,-65438675.84,6763335.08,33664269.53,-15524976.12,152055203.4,6569964.47,152048017.66,-36952715.03,83738663.7,-55683794.78,57052313.12,152056907.26,155144230.26,152048215.92,91108837.32,12057136.26,-25691337.06,25223104.41,35073753.06,-53321750.54,98556114.71,67436836.31,152048189.67,-13432371.85,-19086020.61,99959299.61,57896108.72,-41444289.75,-19178255.14,-70171236.04,-74378350.16,79034718.28,152051454.62,73426488.96
-65833322.24,91515383.98,-27554621.11,-18375588.08,89359278.1,152051210.54,152056093.9,4020307.52,81900087.56,-14386513.27,1140998,-28539258.68,-24575626.25,5733763200000,78339740.75,85194335.07,-71759984.33,152056629.47,-80881896.67,152053042.92,30055634.55,54096502.97,152059937.45,91037624.12,152050139.54,55110655.15,152047570.04,152056672.19,-67965308.48,-19600391.07,-85289398.5,141570713.05,-53037922.12,-2321119.26,44013082.29,152080545.18,-80278037.31,-37275533.46,-49320284.13,49593560.29,140152055940.18,152047411.09,90915180.21,-58528900.07,79886213.83,-87897267.32,-15372282.28,36606802.61,152050423.05,-97242361.21,59052098.64,152045790.54,-41155278.24,62299709.02,-123193.53,-65449702.36,32907509.59,46799238.58,822996360219.33,-57031384.37,152048412.41,154238601.72,-77421477.42,17255897.79,14401772.08,36181606.91,83694072,51233276.84,7976956.3,75205274.8,152058280.7,72755276.51,152049233.23,-30384698.16,-34878927.87,84558109.42,652054.69,152057194.55,155141963.77,152049952,-65671958.93,67217069.58,-20362585.38,-38818067.5,19136802.89,7298463.76,27909691.2,-32456010.92,152052782.85,68610420.62,-9224771.21,-5929085.95,20691258.72,1523217.57,77492213.69,30710822.53,68506815.71,-55052352.77,152054687.5,-65913326.17
-12435686.4,83044126.1,-89818371.75,78361159.99,44521949.23,152054618.48,152052634.34,-50648446.8,62178783.8,-12994435.34,-27645438.47,69483092.02,42856236.32,5594140800000,-43246539.53,-86367929.02,99270718.29,152058391.22,-78896813.03,152048970.3,48473159.03,40144000.94,152056396.61,-92088453.01,152047958.8,27936227.15,152046250.43,152058633.71,94632998.25,95774657.4,55602720.9,141568341.18,93640688.65,69330102.95,-80489403.72,152083238.86,26664551.91,29130223.01,32636130.38,79539367.66,8120152056277.94,152046656.72,-75027586.9,-73510769.73,-11312977.94,22107227.63,-42796464.78,26345347.67,152053838.27,42110547.62,95841333.78,152046039.22,53448069.06,-62002192.36,47527845.26,64504152.01,-13774860.78,-23670212.38,1634683084536.32,31060808.93,152052915.8,154234411.78,-52508408.51,65618425.52,33683659.52,-54675647.72,13251162.5,35961595.84,61225978.91,1559724.81,152058508.89,-72484765.91,152052937.27,59636999.38,93493999.41,78613909.17,-35908750.71,152134227.66,155142319.56,152053398.1,-90074208.31,-34957348.69,-49560738.54,62265875.43,-1257575.93,67874356.6,-56352379.7,-79179103.1,152137089.1,-74900716.78,19937239.23,87755214.51,60642896.49,-79305245.05,-68895002.74,94313190.07,65323352.7,-13041769.29,152055784.42,29358434.11
-51446517.57,-7670840.47,-17768793.08,-89979861.51,24411344.13,152058928.83,152049421.06,5737109.16,84740876.79,50649556.11,-3266564.92,45482301.74,5760508.32,5463417600000,-9490146.25,76752520.54,-29632476.27,152057815.99,-1368903.52,152046040.77,-25354581.64,92345885.47,152052272.78,-12813252.87,152049264.39,42580765.76,152047957.71,152057487.4,-44437460.34,-3929855.91,-31387141.15,141568825.88,47094860.62,-92635652.15,-82839601.46,152077906.53,-96100688.77,44695834.43,-35034421.35,-13849420.62,70152053996.85,152048897.48,-30992633.35,-14277087.55,-2108231.97,-20926874,82922466.55,84922657.16,152056168.6,16997970.87,-94141372.52,152049134.69,27647015.3,-19577067.06,76781705.14,-2931142.32,82160823.17,-43858595.64,1641592081589.11,31495173.9,152056794.77,154230340.68,64786422.11,55498161.67,-71746654.81,-69521899.72,-71450373.69,-96588301.83,-44086060.7,84511741.36,152055669.29,-86160175.96,152057108.91,27537475.31,58340527.06,-78334997.1,41860977.14,152050434.16,155145309.48,152056474.44,42424942.24,98743508.64,-53201843.34,73466911.96,50525656.49,-92616065.59,-88152150.19,75258872.18,152059407.48,-86890369.69,-83837721.11,56162123.74,-95988173.99,-37077142.04,-57106353.01,2770779.02,67111720.03,566764.21,152054142.05,40593981.08
-13468472.98,1306373.54,-16952999.27,-60756590.04,-16057923.67,152061047.74,152048356.46,5798309.47,35502014.73,71599372.16,18438515.52,-63651408.4,-81448852.73,5345481600000,-64233391.41,81608982.51,-68324367.5,152054475.88,-70242931.51,152045966.01,14297286.72,72616778.26,152049017.15,-67692735.73,152052873.26,-49024321.55,152051542.69,152053760.04,-54205170.15,-73262610.02,-3907885.87,141571673.7,56116282.93,67575276.8,72891534.71,152072008.65,54092401.12,-44916787.89,-26119783.55,47109242.23,210152050640.35,152053132.49,3432639.19,71749832.09,64535176.4,-77917143.28,-90173692.55,-62086635.81,152055887.43,-36078758.34,52892270.1,152053335.94,-52344818.68,-40828127.83,17297161.52,73356713.77,3200786.87,67964740.16,962592081308.64,59645953.27,152058126.59,154228534.65,-29884257.59,-19840911.89,-96591829.55,25344538.58,-88010852.44,-25964237.71,31879673.03,-4827906.22,152051196.92,76790283.83,152059552.42,65599646,-41460695.23,-96537219.32,69800326.14,152050121.66,155149385.7,152057246.85,5574146.77,67581102.93,48501013.25,97676048.28,19602337.65,36690114.73,54265420,-67527451.83,152060530.78,-645063.53,-93513219.32,-84877243.15,-61415717.95,32784100.27,-13844061.81,37791346.37,96327632.76,71390949.05,152050797.5,94398883.66
-14020164.17,87924396.68,12231923.82,85621257.27,-92099436.09,152060152.18,152050034.67,57301220.73,-13232912.12,94376905.17,88321671.57,74772544.81,56958091.38,5244998400000,38808976.44,67565177.17,-97102752.41,152051013,39929568.22,152048937.5,24300526.06,-16542637.45,152048727.15,-78775648.91,152057773.93,-70031750.01,152054865.88,152049683.59,-71283457.18,3254592.58,22330468.43,141575047.9,-5914559.96,-99222089.81,68275658.71,152068289.49,94895985.44,40369902.65,41971827.63,3046715.43,10522418737.09,152057202.71,-95710473.56,88941301.38,-2115808.49,78295698.48,-26099628.88,27291866.25,152052994.66,85162564.29,-89001935.35,152056373.59,-78356719.66,-62030670.32,-27811077.94,90094250.02,-14484662.6,9929207.67,893629120697.54,-34385281.37,152056412.79,154229943.81,-92285150.51,-14508862.01,83533365.44,73469582.36,-38982143.53,-1638893.94,72891409.56,50756749.07,152047398.76,71478296.09,152059115,-18079047.03,-74313302.83,63998726.96,-46182953.18,152057454.02,155152295.63,152055050.65,10034259.26,-2660378.26,50161533.13,86291762.14,-74869085.67,54956994.63,-2235110.4,27613733.28,152058114.51,-17816764.59,69114924.92,10719517.1,-56230127.7,-89840641.87,62550568.11,-42454231.41,-64565415.24,-59907065.32,152047829.27,81321854.24
33286711.52,-23358550.7,-36374815.37,-202719.9,6922427.23,152056819.34,152053409.88,-48676354.75,-46519292.58,-13715492.64,-22397189.82,46429712.37,54765548,5162918400000,-45238607.7,-56318668.27,-16330630.45,152049066.2,88051491.76,152053498.64,-31521086.63,-4754402.03,152051645.19,96089627.52,152061354.34,15300582.49,152056024.88,152047318.83,-41205580.33,-1197643.7,-56519579.56,141576842.02,-99154227.24,-4331080.51,-7753729.94,152067682,-32617364.32,-95039578.31,25657084.33,-90429268.57,1070258571.09,152058977.29,98020685.27,62244537.71,79930327.47,-50673671.86,-53972396.43,56952853.58,152049043.3,-96866665.22,-65597794.29,152056717.71,-11437909.43,23831264.03,-55383856.22,46487995.69,96779786.75,55668985.97,892614245115.63,-50775478.42,152052825.26,154233799.22,-88602874.51,-69327194.27,-48627254.97,68478912.62,62521367.72,-47404042.9,-64561277.81,34642377.17,152046187.36,25391083.36,152056305.8,23590944.15,-64348141.85,-8640383.79,1611779.37,152064267.88,155152348.31,152050902.75,34248243.01,50370421.51,-21294946.98,-92805233.5,-38209856.97,20039324.06,53534378.2,23846647.74,152053103.73,627591.91,45025924.44,8536698.87,-87041908.47,-47850054.78,-49748472.65,15340123.54,50745759.68,-82100854.03,152047158.42,-70525978.67
-96550254.4,40640025.06,-68455208.16,-26001336.62,-81791117.88,152052354.83,152056403.94,-3799444.29,51406162.05,-10050885.05,-63116539.09,-64224495.21,-71954722.11,5102611200000,-6943619.34,17279261.25,18018306.04,152050093.4,5058753.91,152057336.03,-58403664.26,-14491133.5,152055674.84,65311511.96,152061352.01,-23518918.8,152054434.62,152047843.54,8581210.26,93136884.07,90128502.89,141575901.42,-46468337.68,-25683037.75,65469367.16,152069903.35,19251720.97,17413304.51,-23723307.63,-73546113.96,6201434329.14,152057533.68,-77891840.4,-17891685.41,76193047.79,3217099.92,-3729959.63,66954904.2,152046278.03,-51813307.11,-64941602.45,152054415.83,75908280.98,-37987836.91,-15186452.92,-35603885.62,-78358796.81,-5253200.23,892614247464.9,24708002.62,152049517.09,154238045.58,-23121363.3,95076305.87,9261084.68,-24601202.33,78799097.07,-52758044.78,-61438210.94,-26242698.12,152048039.03,-56817321.47,152052971.85,6173670.31,27166478.14,77321226.16,-2384728.08,152061018.97,155149378.49,152046963.92,58457012.56,83278927.28,-9168140.28,-79523383.22,12554314.88,57577795.93,66776081.63,95367319.76,152049758.09,60253867.09,68559965.24,43253650.03,41323950.4,-85006204.43,-96685563.59,-71494967.81,-96974876.21,83187271.39,152049430.26,68456898.72
99525150.45,88027959.39,67977049.31,73429275.14,93954945.98,152048499.95,152057107.62,-25266630.05,86031281.28,9844327.17,3648426.3,-52720197.53,-84085961.76,5066064000000,-92077025.29,86235903.54,67513851.64,152053073.88,62645254.29,152058548.25,-43797479.38,-61501056.56,152058030.62,29816660.63,152058011.08,67488393.05,152051149.91,152050568.26,71677201.57,-67582651.56,29759755.05,141572698.66,-99505007.64,64544642.73,-2892882.92,152073171.33,-65090072.43,-19218712.39,-16667254.27,-32843695.7,52652055565.26,152053669.03,-54194192.65,4524061.19,35459771.96,25109086.25,75310130.66,-71906641.44,152046369.3,21435912.69,6939433.27,152051032.56,-31562529.31,21347953.62,77165046.44,-55934376.92,-98636012.76,-43988163.29,889135852160.22,86393377.75,152048391.13,154240485.59,44502426.5,30092759.81,72038336.13,-72484352.21,-30277319.42,91079336.4,37110872.95,-14784987.47,152051758.77,-67753948.62,152051219.2,10433437.01,4566934.77,-44579513.16,-45093547.26,152066521.61,155144863,152045349.23,43286021.79,-9418749.98,-46383560.49,31128398.24,29019719.17,-21907630.69,54501938.17,-18437100.34,152052050.45,19339413.39,-59132171.05,13435528.2,7041235.68,-59919984.22,-56272708.09,-21071133.05,-2163843.79,-97924468.43,152053612.79,-99354779.2
47428828.71,-62055597.76,6409336.29,-60339734.95,-67303168.82,152048366.75,152054893.7,-5187618.57,13683575.57,98783159.12,-81977192.15,22344315.42,-6205819.67,5053708800000,-35766852.47,-79929274.27,-16613135.05,152057711.1,-41254831.28,152056681.72,31996912.28,78620851.7,152058506.86,-83288935.41,152054065.01,94165626.92,152048249.48,152054008.25,-85014609.98,-51234395.42,42572222.81,141569078.18,74678078.8,70267755.64,-42352588.76,152074155,67399968.74,17259885.54,82549284.57,56234799.67,3608848438.15,152049455.69,-63115565.56,-60988487.71,88720623.13,-31413977.6,9276893.54,-37152174.5,152049457.03,-61188064.06,58271499.87,152048729.6,62214212.74,37032236.56,-1525226.07,80982063.25,32741266.57,42594193.32,868481528357.8,-24899144.9,152050023.56,154239992.65,81453508.29,-10354469.17,-27689401.63,-71926135.02,74162437.82,5266349.37,-38100402.98,-5717165.78,152055179.59,42133199.1,152052193.54,36822224.95,54116887.97,65653889.97,-8951285.27,152059894.85,155141120.25,152046953.41,-84595478.71,23531055.54,-8525751.29,-90835503.23,-29231792.31,24939521.55,54320251.91,-75333548.15,152051168.97,-66983671.55,-48001224.54,83555262.1,-80796749.87,-4645503.81,-59803314.31,42867279.32,94571864.04,-77074143.77,152057544.11,-23969966.45
34156642.13,-3304892.16,19625405.81,91932503.17,-44399548.62,152051209.57,152050808.17,-66604634.44,-92392459.95,-96590206.9,89677738.41,23874227.74,9585055.76,5066323200000,-48625759.41,-71257291.72,-88902276.37,152060840.03,52407068.55,152052954.78,92814259.77,49833047.89,152056426.37,-56901119.53,152051048.44,99528182.3,152047631.96,152055853.02,-23243668.27,-5098909.29,82642869.88,141567212.63,-4386734.02,51707597.28,86450453.93,152075444.44,-23897911.89,-84912666.63,-71302474.74,31894335.86,214527058211.48,152047090.77,92673833.07,97998313.5,-39181000.82,-69757443.08,-8700999.24,74979795.96,152054045.61,-53363306.86,75974667.21,152049011.01,66182513.47,3887523.85,-7388680.64,78578161.17,3704833.35,93700832.01,882919024532.18,80490409.98,152053350.27,154237111.61,63718054.03,1090134.5,-88705333.38,-83893553.12,91703124.23,-30562341.97,-27826595.97,74007245.6,152056397.96,-66452293.8,152055413.02,17803914.35,22046335.06,15330783.45,27585069.44,152087710.41,155140039.4,152050951.1,36787572.61,-30864588.41,-64579783.76,2299497.84,-45321486.9,43429472.62,84139549.92,77629475.18,152070854.15,37188749.73,49488521.84,-12180647.36,-91807418.52,-3011249.57,75118913.64,18316454.9,-6319957.91,40537263.11,152059125.2,94455498.73
-5224279.74,-73918738.88,-36591658.63,-61446070.61,88793779.95,152055547.77,152047013.39,-48208081.53,-54166588.75,93298602.02,12610252.61,25541323.31,-14467451.21,5103388800000,-4387732.07,55687933.64,-87949401.46,152061188.52,84250244.14,152049548.38,-58583001.08,-81764392.75,152053328.87,-56875448.57,152050815.21,-84952213.3,152049907.94,152055030.16,-22721875.3,-25402237.49,74794050.57,141568360.23,1967763.73,-99483236.47,-24627134,152072533.35,-82016151.52,10075950.04,69486937.39,89681891.61,1190152055140.06,152047686.2,7417522.13,72321813.66,-45084213.03,61895326.01,30414339.71,90923826.13,152057813.23,49432437.23,13073700.49,152051846.73,81322998.63,71594319.89,300585.75,22990132.13,-88345648.17,87185776.2,987919021922.9,-27042689.59,152056291.2,154233713.91,-11450886.59,1010553.78,73556046.4,51872267.8,98255612.84,32599772.3,88948783.85,-18727901.55,152054846.52,-26800676.41,152059032.76,-48063220.11,47622074.91,-22013649.96,-18692094.93,152060816.74,155142050.7,152055253.23,15819297.73,-26007826.96,83054235.55,-28057877.67,34690146.65,-80442302.8,18158627.06,-68968450.14,152067991.82,53397291.54,-60103670.64,-86517280,-2605125.35,98076615.63,-37901897.69,35882008.45,-18052270.09,-5882155.69,152057489.08,22688542.09
37727009.16,-33634573.42,68454811.27,-21155294.89,12049341.4,152058060.06,152045575.19,44857229.18,-38134291.28,-63293519.16,-50675836.33,-89578866.88,-73485366.65,5166201600000,-34063214.06,-30605096.88,51940144.79,152057764.71,-66858917.54,152048355.22,22107225.38,84694678.2,152050318.85,-4340062.46,152052407.66,94233213.6,152054011.07,152051769.26,54180545.46,91106615.2,-30814935.92,134194126.8,48573060.87,13738922.39,-31116402.45,152068538.35,-57872353.45,3649658.8,61050879.99,28693709.08,36448346909.75,152050671.12,40814468.07,10809409.68,6568800.04,20531186.49,-40131086.6,-99240498.33,152058884.23,57757614.41,-28809810.99,152055672.96,-18065015.2,83378170.9,-75186273.67,-33321496.92,-24573572.62,-61231384.52,179548651789.26,-82194415.64,152056950.87,151852197.6,3751650.49,-4724334.58,52139406.43,75641582.15,-27423602.05,-15675328.68,-3373106.27,7519375.34,152051583.4,17205698.04,152060892.74,-44985682.34,54689766.99,82234702.49,-52994493.33,152075333.23,155145912.35,152057380.04,-51017068.67,90712262.84,-40451089.18,-86886390.27,-32340261.17,-84174422.85,-84616664.61,-78035930.22,152065701.37,-11995665,50944321.15,-95477729.55,46753560.83,50869559.93,11300813.53,35247924.95,81913585.01,92111163.43,152053477.58,-10093151.96
39890234.35,22622921.41,-37096373.21,2996291.1,-3419024.52,152058605.37,152047367.11,-89024070.44,56066708.14,-90355055.32,-31695554.93,33886560.77,-48740555.2,5248540800000,-74727668.44,-14570392.43,-57894017.07,152053680.71,16342082.98,152049956.53,15823174.73,63520745.01,152050453.07,98440617.04,152055803.41,-54559255.9,152057794.39,152048272.97,5371029,-97323433.38,99966323.9,134198652.91,8825050.41,49980061.17,-83346423.64,152064876.58,-44158841.49,-14978521.66,-5239110.09,-63531234.65,140152046955.16,152054172.45,59612760.78,17771434.73,8409279.6,61819724.26,-4517882.14,7028391.74,152056852.39,-9619440.78,-62164910.72,152058271.74,67243167.07,-22979408.6,58582836.43,68278576.71,29134853.87,-32105051.44,186548654963.76,14419719.66,152054746.38,151853111.12,10471219.76,-67468483.82,86862947.13,-61602700.74,77940270.11,-10526341.24,2434193.61,13026747.58,152048721.66,7886159.01,152059756.97,-2697507.61,35797768.42,48440683.98,-85870575.71,152047376.84,155149429.72,152057085.26,73545896.44,-85305493.53,-93878023.19,-95380018.55,-5459845.69,-10122060.77,53914816.21,-22591377.71,152054572.16,52974704.86,41108994.64,-97258637.35,-88631385.54,-63853297.09,46645650.64,-268671.96,-82648499.61,79976589.95,152049218.88,-39216720.91
95090503.67,10732034.01,-97832645.78,-34204122.49,58083403.82,152054972.97,152051491.58,70600416.9,-357453.48,-57926215.19,12407561.61,-34404467.99,-44654356.94,5350579200000,-54922693.28,32273166.4,64708647.25,152049564,-34675992.07,152053257.45,73005597.04,48906614.38,152051785.61,96597322.22,152057252.19,34436572.35,152059183.84,152046291.77,-71396012.41,-44047428.84,-6890292.9,134201625.86,33844153.93,18180689.51,69061902.59,152063788.75,-91009717.54,72893484.2,5247964.43,-43732013.8,9658218865.51,152056073.78,25817111.16,61979497.21,76093347.1,94210175.47,62124139.87,17840951.7,152052983.02,-69646820.38,-24501688.63,152058033.7,36034257.42,-85522038.21,32234674.48,22920550.04,73654147.41,85778739.01,166499276831.06,32088760.48,152050741.77,151856243.9,13268300.3,-10891805.04,69655395.28,92890773.69,-42299037.8,-40015626.51,-40383093.28,-40295045.41,152048126.75,-18227633.06,152056041.45,63609271.61,-28816275.15,37355103.49,-90166383.27,152056633.94,155150698.45,152054104.24,-64342992,-82699227.99,-96829745.87,-87420507.72,6171286.46,63897671.38,67686755.93,9287894.79,152052037.49,81809191.73,16042714.51,73397700.29,-6845520.64,40183874.02,80374187.83,-14081174.65,14185352.16,-8674518.8,152046896.57,51644781.16
39406337.47,46521609.57,59434813.74,-36215107.99,-31334070.65,152052801.8,152055827.76,77044938.82,-7288072.63,-91609227.01,-22159175.39,19495171.33,-39924558.38,5468774400000,11963692.53,55031430.35,64462014.83,152049777.83,-74070929,152056173.5,-32696795.5,87608259.67,152057021.92,25574826.52,152057878.49,-15277547.05,152057366.91,152047706.13,-90739279.98,-84089698.37,-41464441.57,134201551.06,-63246681.57,56271984.8,49752289.93,152065226.16,-863159.31,58746336.78,65160401.74,47130966.34,280152048207.32,152055253.9,-25217783.14,-7865382.96,39258346.25,25943854.69,-37564906.79,-64239251.61,152049484.02,-37823833.36,73878413.7,152054890.15,55054087.43,1148434.96,-70992002.74,-58541710.55,50082729.73,79869905.54,193462243462.39,58448996.61,152047097.98,151859748.55,-71538037.09,13222260.34,24951605.17,2667130.11,36274103.54,66326486.49,6660232.5,98894061.62,152050380.11,81075348.17,152051615.86,-88821147.81,-81573010.88,-73711133.9,39372982.3,152055940.65,155149169.44,152050621.12,-21897368.25,47420642.98,-26878977.28,38296990.11,72437060.7,63144077.79,-48974596.25,70352042.7,152049805.87,66430919.98,-34061733.2,91972362.37,-86122022.57,-47885114.67,-58872723.28,-49026648.82,-78638579.07,-62755592.01,152047590.72,45764809.31
1496257.54,12324219.06,-20806440.01,58600817.51,-18442343.99,152049913.64,152058182.74,85074336.87,80778536.1,50399986.47,70500326.05,82890330.27,-1839526.16,5600361600000,98925794.77,14691326.9,-1530553.98,152052135.44,91388152.75,152056831.13,15836738.5,-120666.67,152059593.99,40786290.9,152055311.68,51227576.32,152053250.58,152051528.52,-91784000.25,-48610185.91,-84257349.78,134198570.47,38824555.34,97777202.69,68265898,152067619.32,-26390397.92,19235067.33,92640835.43,-98256674.06,205397736.82,152052223.24,-68924525.04,-35066591.07,96137632.29,-87235484.31,24994577.91,85752508.22,152048259.34,-5959269.91,-74596295.31,152050384.82,-33763156.61,-35647723.63,-77495881.94,41489776.2,-44418998.51,-5854328.96,193375757936.5,63513478.64,152045865.02,151861488.1,35192329.13,60600779.38,2505609.09,32984734.59,12042225.21,69883928.71,69675485.76,-70014088.17,152054401.29,-71891222.22,152048785.28,-91272835.94,3995540.18,-38871596.41,-69981786.68,152112323.68,155145936.31,152048749.34,-24179231.06,-28343579.08,11539425.29,48228655.97,-16118472.43,25785969.61,87469184.55,54778585.67,152050477.63,-23174775.43,-35731921.18,-2072612.83,10367431.88,-31537539.53,54907273.11,82317387.75,-28366190.88,-74627063.25,152050694.19,-29127844.24
79252894.52,-71580449.37,75370738.05,-61665045.01,-73054389.46,152049713.49,152057493.48,76150913.54,-31534167.29,-50176930.99,20302600.99,20147007.75,63089116.01,5740761600000,-27325574.13,30766556.68,-28922320.84,152055544.08,-966738.27,152054661.61,-30562667.66,-94967743.35,152060434.84,97071377.76,152051380.11,-69893433.13,152048970.2,152055971.49,-63413048.3,-97581961.49,-56666932.51,134194370.1,20499269.12,-85974387.8,-30088236.72,152069865.98,-67351941.6,43159102.37,24943208.3,-44329348.05,312092393.92,152048831.38,63459712.84,-78075991.39,54477253.27,73558909.5,-52688500.66,65151537.68,152049848.1,76538224.25,-51652364.4,152046840.13,-55524917.41,-12822065.17,53471150.05,21472553.38,70507930.85,-63920496.35,192786821117.09,-64006718.77,152047828.93,151860268.51,-41126416.21,-25890343.72,-64023824.86,-61396467.94,-34036369.36,92396172.39,-55718056.06,-33982564.74,152058031.42,60061781.01,152049021.06,78121937.31,81074099.18,92576406.78,-96803928.3,152067370.64,155143086.47,152049602.96,5530344.56,96762716.15,9131928.71,20754904.79,3099497.13,75142217.55,15025992.04,-26810797.5,152051765.74,-5564753.83,27210820.34,-83463977.72,-673722.73,-41231224.24,-85025819.04,-68021952.47,56342999.79,78873569.73,152054290.14,-48627086.64
1816627.61,12683577.8,-82245419.26,10288001.1,18959328.77,152052145.56,152054389.43,6191194.32,-8862768.58,47169809.12,-85911340.78,-86932117.02,-10084189.98,5887036800000,79323638.12,-42722463.76,-95222415.46,152056762.73,15188055.26,152050754.35,-48409194.81,18628923.11,152056393.23,-14587900.74,152047190.38,-44016681.46,152046715.62,152058474.98,32184380.39,-9730555.31,33013340.83,134191230.67,-39471839.48,-12492566.06,60022514.1,152069299.72,-49663099.4,42131787.22,9198149.83,84927321.29,700152057116.37,152047205.22,46219768.54,-63510093.12,38627058.78,85285102.35,-59704878.19,-57893564.41,152053146.04,47673814.89,62451200.67,152046082.58,-71365903.43,33155725.31,-10876359.48,-50183068.97,-83541340.28,48050878.17,257536817108.97,-73723088.78,152052057.35,151856547,-13532949.08,25344665.59,90630322.39,16494577.98,-22194700.92,94129149.06,33125486.55,32087012.11,152059237.23,-9996740.95,152052152.24,37218447.45,-67798403.95,2498195.4,-93563978.53,152061714.76,155142486.75,152052661.94,85173288.73,-64325455.5,-43109462.28,21441083.7,-85116606.91,47451460.98,91702155.47,31379760.59,152062145.83,97355276.89,-26318957.85,16682984.09,34350429.6,26177344.21,-80586025.71,-79425940.38,-90732791.24,-15756380.81,152056261.05,59974740
27613407.06,77509044.47,43618018.83,26071531.77,64907487.52,152055852.32,152050804.16,2203087.61,57400246.97,75812157.49,-99585967.42,-32139544.97,9847906.77,1714003200000,7967608,40680082.56,-79643179.52,152057367.03,-82419262.89,152047265.23,93305610.96,-35912476.38,152051686.75,35833974.25,152047719.57,5917508.51,152047532.18,152058359.39,2684197.35,27817807.32,13905205.33,134190756.83,51551933.94,31984221.49,61402984.74,152065896.3,-87739832.14,21868220.43,-29379624.7,87895184.21,8902055588.68,152048519.54,-21490405.25,-21101309.45,30604580.71,93967550.43,-33988167.75,30136630.93,152056062.31,-762428.26,-66226990.97,152048441.12,2932379.35,-20268939.95,-27741349.32,-21631758.46,-75659821.06,16279969.18,258066134518.97,15081790.52,152056401.67,151852211.49,20753898.79,42785061.86,-73562834.75,-24002521,85876179.59,60267160.03,24301379.91,26591043.19,152057258.62,-63897632.69,152056470.46,73101039.11,-61668025.95,70566787.68,95755790.02,152052738.87,155144694.07,152056073.93,-92116545.75,-86991381.35,66217835.14,-19485697.61,93882904.37,39161972.62,-11964661.56,23114439.75,152059387.18,44466530.21,-90079459.68,82785544.75,19899504.98,5753926.21,-20893228.86,81528405.34,17059780.4,-92495290.6,152055499.51,-4465442.38
-98422540.58,84669724.42,91566399.78,-61775354.29,21093598.07,152060234.82,152048859.78,-98797877.83,-15590547.82,-55550031.21,46683297.94,-27674333.21,-2566340.95,1857427200000,6381032.62,43722233.5,-26366247.01,152055344.96,82039326.17,152046210.46,-66633149.98,80756490.78,152049330.98,52732039.12,152051277.14,67186356.07,152050767.59,152055359.57,97870802.25,42997895.16,32586695.25,134192999.53,-48593370.91,86401464.56,-83410064.09,152061226.15,-57286857.07,-72857356.13,96399759.24,-66989736.2,4072052346.76,152052298.11,48627286.13,-25055486.33,-27337044.04,46178681.22,89188824.98,71941583.52,152056736.29,98614381.65,-24630861.85,152052579.21,-53528344.2,98988453.98,-34094800.34,-13299775.74,-77242049.99,94249063.32,237020633272.05,5348952.43,152058676.25,151849549.85,-10182168.22,-27619587.12,35024206.67,78932229.2,-89958862.46,56806859.45,-72770237.27,44449981.98,152053052.18,-99664445.65,152059687.82,-8471445.91,-7366180.99,89186165.55,-63398632.11,152076901.28,155148611.16,152057720.99,94127646.45,-96474404.34,-34526330.95,-13184019.91,-2735170.62,44148072.4,21702918.43,70854240.02,152064315.75,-18240894.54,-38410037.63,-55539016.82,72637272.9,59431035.07,-5028568.43,-54518308.08,-62004600.47,-19062955.77,152052535.1,-15317850.11
-80919606.55,-95295826.53,90535020.61,53614134.46,-73782797.26,152058614.88,152049657.51,-61031659.6,-4914776.39,-33031175.48,-41614301.44,-81960979.29,-62728514.08,1993507200000,79653258.98,45748090.4,12323360.98,152050519.95,-27937782.65,152048324.67,-58942679.31,39175822.7,152046325.36,11919696.82,152054811.02,33065505.03,152054471.22,152050805.82,-20918380.26,-20815439.93,49981862.44,134196462.51,97685357.7,18191496.63,42297028.37,152057510.98,19627987.81,-38612236.36,68861011.62,69829683.03,5337234670.56,152056645.15,60653369.25,-35360547.29,-58614100.45,53336236.07,33883687.43,42146320.49,152054622.15,23802852.27,27111834.91,152056252.49,-1702678.36,18954855.78,47519068.25,-78415488.19,-53650477.86,95727040.88,118539153390.61,35201002.39,152057854.24,151849985.46,-72406090.68,89831936.8,18192440.12,60249630.44,9464508.48,-20975170.83,-72510137.21,25982865.95,152048778.29,-92754282.53,152060208.24,21080437.58,9461688.77,-92155811.3,45838385.75,152053182.63,155152085.96,152056446.28,51339088.48,70289139.21,71533567.95,-2713739.21,-59649147.25,-87398585.58,38178987.42,74124175.13,152058430.21,13592347.16,-82090577.83,-65692844.3,-18738274.55,85931627.27,67545755.54,-30529038.56,-59508119.28,-99018891.77,152049223.47,-70446046.43
40779744.12,-84454834.22,-75541486.44,-28509692.86,96348821.27,152056253.56,152052658.23,-48367890.51,11729317.14,1594094.64,-80718974.18,61466046.42,6158156.81,2118700800000,57372687.76,39688243.08,40895884.95,152047629.04,-16016313.49,152052628.24,88225580.86,-56539749.17,152048705.67,81949703.28,152058539.38,-42194923.22,152056516.04,152047604.84,-89503392.97,-29217850.63,-67750147.34,134198984.01,-20617515.32,82122294.32,-14263298.52,152056632.11,1266479.03,52041872.24,15053968.29,-31908735.68,70152048859.41,152059282.14,1195260.76,4463807.64,4181778.36,3149998.26,-87377430.64,-57362214.72,152050824.26,60606614.59,76656253.9,152057564.15,94679019.52,13237917.02,-10331467.26,33662200.84,-97191761.92,54097781.73,121909527080.01,-77790466.44,152054611.2,151853288.46,-36603736.3,-51251522.65,44806448.81,27563709.84,29045611.18,-99568367.09,18902772.41,-77957856.23,152046617.08,-64608369.65,152057997.81,-13768998.05,-36151584.18,30110532.45,-95645214.54,152052365.94,155153119.69,152052743.73,-44687411.95,-74281129.27,-72990352.71,94279911.09,-50378283.2,52610313.57,-85787237.56,93045076.01,152053591.32,-24969590.54,29121423.17,62663588.95,-39280346.3,-29923872.99,3407084.21,40994583.61,81933066.83,44153082.01,152047674.61,-7475050.62
38524818.01,63943901,-65889452.71,60355887.15,-40744579.69,152051789.72,152056002.66,-55757013.56,-75858263.85,-93226346.05,96002315.11,89329743.37,38602499.1,2228688000000,-1148086.84,-23720945.75,-69179183.58,152047693.07,-76805343.47,152056950.54,-3784429.69,46813693.04,152052546.81,-53871942.1,152059840.81,8523772.12,152055806.89,152047178.35,61672079.49,56933274.24,95878815.62,134198990.4,56078801.11,-82788629.78,-80425022.43,152058862.39,-33092267.68,33995087.35,19141024.94,-18733180.6,700152051004.03,152058809.99,-24168668.83,-43564345.07,22261924.5,-48296858.92,14110841.27,33284104.75,152047490.11,76329235.17,75191249.99,152056011.28,16399828.96,-72103835.73,-74115474.29,90001084.35,-84975152.71,69722813.11,177909530018.49,-9858911.01,152050914.92,151857705.64,-38062778.76,-42137469.18,52484265.68,83805050.11,-36390854.96,36958499.91,-69701907.87,-12983990.45,152047575.94,60095771.11,152054567.55,21464710.89,-47988044.84,90494374.68,-88946900.22,152062473.18,155151002.78,152048515.99,14136562.48,91294775.8,-33399679,46428079.06,-8603684.63,58135409.73,-84725135.74,-26308221.63,152056254.52,50301874.39,-50431891.96,52571087.77,-23157182.21,-18629888.24,54627114.55,49479142.16,-32561012.58,-7453903.44,152049028.8,36383309.72
-58292782.8,80047056.05,-49522152.02,26357417.67,84209172.69,152048353.5,152057587.79,41055481.65,-13642695.11,-25066179.96,-3991592.54,-98987288.94,-3597520.57,2321049600000,80185523.31,-83390410.8,56556162.03,152051041.89,-55277766.84,152059118.48,91592705.63,56508897.63,152059438.24,38335296.71,152061252.33,-5429379.66,152052892.33,152049572.58,-84887015.21,23231267.5,65810055.44,134196409.47,63006601.65,-48554605.47,1150106.11,152062816.59,-98633330.89,49766344.3,-90904610.03,-85822791.04,57027054808.31,152055487.87,43487839.32,-31320910.26,-28809232.46,-56224520,-56488094.73,-12059460.68,152046600.75,78209244.67,16442254.7,152052735.53,-59834873.16,-72820770.42,-85119077.24,-38926853.6,-73085977.81,87268498.96,182646413443.02,-29096530.05,152048897.33,151860935.78,81372868.72,19664287.91,-83783021.97,43188207.95,27844285.91,52052729.7,-92314480.35,-8254678.76,152050955.68,65354195.99,152052083.91,64133084.93,40387005.62,59670177.64,38558754.98,152067296.59,155146736.8,152046031.71,56893739.59,-10474003.9,-89752206.13,-79010903.85,83037783.62,8795489.8,-91032322.54,70759051.16,152052562.08,-75957874.89,-48393772.74,-63220728.58,-53619424.68,61710589.97,-56202871.58,-8844209.82,31087411.5,66855731.37,152052775.85,75542062.98
27460495.41,-84420864.42,65701067.88,-18971269.56,26637341.32,152046537.6,152056288.56,89249879.95,56579173.38,50165859.42,-76752284.73,67245589.89,98814136.36,2393452800000,60729751.51,68505210.3,75544706.8,152054904.66,-15609041.32,152058145.2,-40451341.95,-87823180.89,152057287.31,953990.39,152053812.96,-74656428.68,152049635.68,152052936.84,-82236181.99,15060677.84,5646490.65,134192724.1,-48960073.56,-78925213.14,84280227.29,152066363.18,19097251.49,60163047.76,-14251642.97,25182842.98,140152058129.8,152051090.91,79581983.14,5765515.36,-4324742.33,20213833.29,81839043.55,19934446.07,152048841,-1586311.98,-54656205.83,152049841.71,-88489602.38,-41858900.46,-6510656.71,42327079.81,70037063.32,-72989583.1,168646411396.74,52860939.76,152049647.5,151861402.05,70090705.98,72227603.79,54549737.48,-10046316.73,-55096231.77,-65259001.58,43644707.73,-54030020.51,152054771.39,-61111434.3,152052114.31,27971403.17,29485230.5,-35725079.51,19013665.27,152059556.05,155142501.02,152046665.76,19296820.19,-55260009.6,-72443926.26,-73760300.17,38815004.74,59129292.11,-48280855.25,-55642658.31,152051052.19,11744644.5,97322305.08,35631412.16,56231413.58,3142201,-2044325.45,-61023693.49,48489297.41,-69232430.62,152057007.36,28078370.41
94422971.81,-25323056.68,98243752.78,-40154402.46,-79020415.62,152048925.71,152052629.97,-8201429.69,-76685063.74,69650132.51,10385398.75,52320976.48,97989361.76,2442009600000,-77402040.13,25139987.21,-22230544.76,152059250.49,-22946557.25,152054753.96,-39574642.64,-66450947.47,152056318.34,90282561.45,152053196.58,26588699.94,152048133.69,152055650.94,9170792.88,18125240.74,22560946.61,134190134.24,-25583233.81,-97547727.75,45960663.15,152067480.84,26378206.33,-29422293.59,39485480.81,-99850798.4,12250824437.49,152047926.27,-68729516.36,73303333.86,-92545143.82,52160658.79,-21709915.35,56087962.01,152053188.34,23205776.56,-9904561.31,152049174.39,87366166.93,-26502755.33,93293868.65,-6471440.35,19509693.17,-2967896.77,169850949703.5,498114.01,152052607.28,151859107.57,82527663.66,84309802.33,60068111.64,80555986.07,-45463513.33,-56264765.06,-98495696.46,-70963892.27,152056886.54,-18625944.77,152054720.45,8164561.58,-85975433.96,-95720755.5,84199095.59,152064971.27,155140459.9,152050130.1,53563484.02,-64278669.38,-28842691.53,-15959400.11,-717596.47,-16376622.72,79282090.67,-89386878.46,152056284.98,82470184.7,-51620754.4,-2265803.91,-2794081.09,41399081.56,-87011911.73,41048303.88,-28368250.17,20401764.56,152059465.1,-42718692.41
-92923942.78,69182971.75,97255404.38,64636953.28,86770132.85,152052389.83,152048524.95,-47582752.47,83162560.07,21315217.38,20463159.06,51789326.7,729195.27,2466892800000,-24535813.75,-11622561.34,59385925.95,152060940.77,63454882.96,152050946.66,-76292076.25,-600860.81,152053902.03,99606070.06,152049937.2,46332162.89,152049497.43,152055854.31,-62154601.07,-82342693.25,17298279.7,134190300.11,-88557276.4,-23272295.87,-40939266.01,152065697.48,95441494.46,37545394.39,84088424.85,-64994148.98,157504506.46,152047560.2,24772104.48,61811623.33,72262241.41,-76863513.91,71837511.48,-64022697.54,152057456.33,-67282151.78,-39325843.91,152051248.14,40144909.9,-64574915.97,4182330.48,-37527107.45,75351096.15,77914248.06,169835487634.65,-88719065.19,152055909.05,151855596.51,-78755308.65,-71272679.42,39566654.8,-21654348.59,5898306.71,26489507.98,53102937.94,5651107.69,152056218.49,93713589.46,152058414.29,-82319601.42,-66178749.02,-94170118.44,82152177.67,152123496.69,155141578.58,152054628.37,6789127.64,88923449.64,80893218.75,37988346.29,5903619.76,-1534,-45101029.97,84322.14,152058140.31,-84127446.49,-60612073.38,-90013146.56,-53213819.35,54942675.78,-34508436.25,95802773.24,-59217180.75,14782180.55,152058798.34,59037433.29
39868580.4,-84238738.08,-67023375.72,1238993.97,-49895212.78,152057285.82,152046220.68,-45778775.83,-2331782.15,95264965.08,40491371.33,-92151598.62,-35320133.39,2466720000000,7021361.62,66529545.49,7810955.71,152058833.36,41004821.11,152048863.89,-64253258.36,-38389475.4,152050903.94,-34338776.49,152051276.71,-57517023.5,152053188.49,152053331.62,15259463.92,-40818505.14,40320872.98,134193378.27,-65294342.82,55920346.15,-52477599.92,152062185.96,88083136.32,-30243125.13,72001445.63,-93684924.19,1286311739.73,152049969.84,-56803251.4,73050181.77,-98772247.54,-5723555.71,8448794.23,33772481.49,152059490.77,48814073.39,47164006.99,152054939.29,-4179918.37,-94400030.67,48668545.37,-67258249.44,13706641.44,47399144.16,99948912821.33,-22938578.53,152057461.63,151853048.04,-28549199.69,74182841.45,46334011.13,83732174.21,-39090654.84,61092988.84,-463104.16,-39455213.73,152053335.3,-8765206.55,152061003.02,53582080.9,-874869.6,47967075.99,-3430336.75,152061737.9,155145109.16,152057848.24,-73487695.6,-21349482.46,-24458369.42,10535178.85,-35180571.88,-7863904.4,936457.68,-989209.34,152059204.62,7740842.33,-49122245.05,-31223610.33,23317325.95,36673005.54,-59613892.89,-91173157.6,-37421471.49,-69863221.22,152055323.33,36424108.61
-52557971.58,49021132.42,-19875421.53,-9277819.35,89619326.88,152057752.93,152047043.81,-8684826.8,-72337403.77,-48652239.58,4289975.29,-39141249.11,-49318038.72,2441404800000,59505609.52,-85407268.17,-23900939.95,152054009.91,-21359082.51,152049581.21,62486798.07,-48417582.22,152049081.45,9883103.28,152053652.54,-22214107.86,152057290.66,152049542.95,-96272515.38,-48849526.39,-85409375.46,134197898.33,-96782513.06,94607686.21,-4314195.22,152058802.56,86784234.48,-37079241.51,-88888014.45,73623010.85,39527048314.78,152053593.13,99340821.93,-40115527.18,72912247.44,87554773.55,94299247.3,-16052279.29,152058349.56,1655845.5,-27206189.05,152058115.79,-76267058.14,33082057.83,-59453751.81,-49608354.92,-12525031.47,59306037.76,103011415163.07,75052294.52,152056166.95,151853019.78,31931767.92,-86112039.81,82340180.82,-86883015.3,-85549394.47,-18815330.62,47584069.57,-94088749.26,152050109.28,-92824774.75,152060845.3,-67161651.95,-19032465.92,58559567.06,-2357171.25,152053086.35,155149032.96,152058234.77,3764276.13,-61038331.12,-39148321.85,-36819167.17,-87820957.47,59438230.43,-60391294.04,-40430721.12,152057930.27,-62964489.11,34882615.04,54490582.03,97090378.8,71295914.5,36887733.48,-87863689.33,96407422.89,-4364480.12,152050856.65,-96322002.4
-24192307.31,-29612612.89,-63811796.32,-60734316.88,-88197760.72,152056702.25,152050650.69,8384828.07,55438392.91,42499602.37,73360036.53,-63936067.27,-74532060.84,2392502400000,-43785990.36,49848257.69,-60207683.31,152050554.28,43921190.21,152052520.05,-37291818.2,50384216.8,152051403.68,31227380.8,152056883.63,31157535.28,152059568.57,152047130.26,87924407.39,-74156018.28,29681981.59,134201555.34,-31778745.2,15824195.46,-98479155.36,152057646.15,11301585.97,15475987.62,96860455.85,91655621.88,280152046420.13,152056243.1,-78230836.76,88324807.35,-66258893.35,-24785760.57,90625661.71,46761970.95,152054805.8,-98909739.55,-33628226.87,152058850.23,-58781620.79,2838340.74,80273043.35,-61866433.7,63215576.73,-59580122.34,130619419523.89,84670009.32,152052575.55,151855553.51,1540548.13,-34755629.5,19649595.71,-89034003.8,57140887.93,87821083.74,52354276.86,39660873.99,152048626.54,96578898.67,152057807.31,-60077400.67,-99977377.85,69075673.02,-23059709.99,152051780.71,155151206,152055831.18,58949724.36,-57532571.1,-76587751.96,12779249.93,88582623.1,-95082840.95,-65804149.53,63711560.88,152054006.34,-29128273.68,-55412398.28,31202858.19,11301663.56,-36646183.36,-82371203.98,52453850.74,-80825315.79,80670104.35,152047714.81,51001046.27
-37186109.26,30118397.56,73286045.28,25041999.93,82234224.03,152053435.48,152055200.36,55610406.17,-39445675.9,97766173.74,-55540955.51,54450453.25,-53698329.77,2320704000000,35370903.35,-44299011.19,-44479133.1,152049893.15,77010635.76,152055794.65,68169015.2,-57437833.23,152056086.88,35250977.99,152058553.55,-88589712.23,152058713.94,152047587.89,58398716.74,-24097720.44,3966994.49,131791676.18,-38003448.73,-30946938.51,-29663463.22,152059211.11,58008114.19,81190025.04,-90027512.51,-37708616.71,2582603269.87,152056358.29,-52793359.13,-91107800.48,-86767202.06,-69351932.38,85585506.84,25086826.95,152050894.87,43246173.42,95309678.72,152056530.3,-33899046.29,-72816114.87,-11388907.93,-45474552.26,25035114.24,2940966.79,130343960743.92,-59875185.8,152048598.13,145832508.86,-69028653.99,-47238437.84,-63431967.51,-58549540.42,39004915.6,27821669.47,-20529995.49,-43217796.77,152049953.71,-31651367.67,152053374.43,-977550.44,82227260.06,13960862.82,-25447126.6,152084576.85,155150560.73,152051891.36,28159217.11,52791655.16,9790410.38,-48620950.36,-20601351.6,-46673234.89,77658343.57,-52120152.69,152053410.19,-47974895.48,99790786.81,-26414576.23,3331497.95,74658138.16,49131831.27,-69551820.25,-45717337.48,14882173.07,152047432.27,-37658572.58
-3083258.8,308458.14,76362016.58,-17959041.17,-68982592.45,152051239.71,152058384.05,50232744.11,41193446.16,-59945386.72,17246844.71,6852457.57,-71586971.18,2228342400000,-83374159.91,94467949.12,-5868803.41,152051125.19,86106954.55,152057340.14,-6811308.67,-1156209.86,152059501.22,-39315041.29,152056538.54,55778693.29,152055108.26,152050657.85,-19477709.82,99386391.1,91559139.36,131789450.59,-44045309.67,-5569829.95,-85673871.55,152062360.27,48650332.27,-89706740.41,39122494.39,-56701236.83,272145232.6,152053921.48,-24887107.04,-83000914.47,48881148.51,62358585.65,74807084.74,-53477410.79,152048763.34,-2371457.33,-74962636.86,152052236.5,-20258349.46,-53282808.73,99752232.99,-90263063.47,77610729.02,80651183.5,123355972003.2,-29654679.24,152046472.76,145834987.83,30496769,8508223.12,-33753235.56,-45494187.28,-50458903.84,57271592.35,-40499144.35,-20406803.94,152053567.63,-82466912.34,152049850.25,-89580777.36,92833566.66,-71126347.55,-40676877.08,152090453.41,155147687.01,152049590.7,-19581359.63,-2195206.13,35430851.1,-22006622.83,-69859658.19,35870459.77,57945805.21,-67236258.21,152050190.35,90738134.49,-6747211.23,40667076.47,19508805.47,-73869365.31,-1568865.45,64692056.71,61353125.68,-41486375.07,152049961.52,-8535338.08