E4,SU5FVC1XMsKneyJtIjpbNTksMzcsNTNdLCJvIjpbMjEwNTQ5MjAuMTc2OTgyODA1LDQwMTI0ODU0LjA4ODk3ODEzNCw2NjY0NDUwMS42MzI0NjYyMDRdLCJwIjpbNzEwLDg5Myw0XX3Cpzc1wqdRUDksVFQyLElCNCxVRDQsUVk4LFFXMCxYQjQsQks5LEtDMSxZSzQsVk43LE1KMixMUTIsQVMzLE5FMyxBSTYsUEU3LFJFMyxUUjUsTEMyLFFGMixGUzQsVlQ5LEFFMixSUzAsUUk2LFZPMSxJRTIsSUUwLFhJOSxaSTAsRlAyLEZYMCxITjcsQ1k4LExQNSxITTcsVlcwLERQNSxNUTIsT1o2LElENixYRDMsWFIxLFFZNixJRTQsT0Q0LElBNSxLUjQsV0M3LEtQNyxEUTIsQlA5LFBaNixUSTQsVUs3LEFPNixNSDAsT0MxLFlKOSxYUDUsTEI2LEpVNSxFUTgsWEUxLFlEMCxQTDQsQlk1LE9FMyxLTzYsVko2LENTMCxRQTcsSkMwLFhXMixBSDMsVVU2LEpFMyxKVjUsS1ExLFlHMixOVDgsQ0s2LFFEOSxXWDEsREowLEVZNyxPQzAsUks4LFdYNyxLRDcsRUg3LE5HMSxKWDksUkQ1LEdKMyxBVDksQ1o3LEpKNCxUWjnCpzA6Mzk6Ti4zMSxSLjYsTi4xNixOLjExLE4uMixSLjE2LE4uNixOLjQ0LE4uMTAsUi45LE4uNjcsTi45LE4uNTMsTi41LE4uMSxSLjQsUi4yMixOLjQ1LE4uNTIsUi4yLFIuMTIsUi4yNCxOLjU4LE4uMjUsTi4yNyxOLjQ5LE4uNTksTi4xNSxOLjQxLE4uNzAsTi42NSxSLjgsTi43MSxSLjIwLE4uNTYsTi4zNCxOLjIwLE4uMjksTi4yNCxOLjQwLE4uNTEsTi42NixOLjM1LE4uMzgsUi4xMSxSLjE3LE4uNTcsTi42MSxSLjIxLFIuMTQsTi4xOCxOLjE5LE4uNjQsUi4xNSxOLjIzLFIuMjMsUi43LE4uNTQsTi40NixSLjE5LE4uNjksTi4xNCxOLjIxLE4uNTUsTi40OCxSLjMsUi4xLFIuMTMsTi42MCxOLjQyLE4uOCxOLjIyLE4uMCxOLjQ3LE4uMjgsTi4zOSxOLjI2LE4uMyxOLjYyLE4uMzMsUi4wLE4uNzMsTi4zMixSLjUsTi40MyxOLjMwLE4uNyxSLjE4LE4uNCxOLjc0LE4uNTAsUi4xMCxOLjE3LE4uMTIsTi42MyxOLjM2LE4uNjgsTi43MixOLjEzLE4uMzd8Mzk6MjE6Ui4zLE4uMixOLjEwLFIuMTMsTi4xNyxSLjE0LE4uMSxOLjUsTi40LE4uNDQsUi41LFIuOCxOLjE1LE4uNjAsTi41OCxOLjM4LFIuMSxOLjcxLE4uNzAsTi40MyxOLjY4LE4uMzMsUi4xNSxOLjksTi4zNyxOLjU3LE4uNjMsTi4zNixOLjQwLFIuNixOLjIyLE4uNjksTi41NSxSLjAsTi4yMyxOLjE2LE4uNTAsUi4yLE4uNjIsTi41MSxOLjIxLFIuMjQsTi42LE4uMTksTi43MixOLjE0LE4uMzUsTi4zMCxOLjUyLE4uMTIsTi41NixOLjEzLE4uNjYsTi4zOSxOLjcsTi4xOCxOLjQxLE4uMjQsTi40OCxOLjQ2LFIuNCxSLjE2LE4uMzIsUi4yMCxOLjUzLE4uMyxOLjY3LE4uNzMsTi40MixOLjgsTi43NCxOLjExLFIuMTIsUi4xOCxOLjMxLE4uMjksTi40NSxOLjYxLFIuMTAsUi43LFIuMTksTi4yNixSLjIzLFIuOSxOLjY1LE4uMjUsTi4zNCxOLjY0LFIuMTcsTi4wLFIuMTEsTi4yMCxOLjQ3LFIuMjIsUi4yMSxOLjU0LE4uNDksTi4yNyxOLjU5LE4uMjg=
QP9,TT2,IB4,UD4,QY8,QW0,XB4,BK9,KC1,YK4,VN7,MJ2,LQ2,AS3,NE3,AI6,PE7,RE3,TR5,LC2,QF2,FS4,VT9,AE2,RS0,QI6,VO1,IE2,IE0,XI9,ZI0,FP2,FX0,HN7,CY8,LP5,HM7,VW0,DP5,MQ2,OZ6,ID6,XD3,XR1,QY6,IE4,OD4,IA5,KR4,WC7,KP7,DQ2,BP9,PZ6,TI4,UK7,AO6,MH0,OC1,YJ9,XP5,LB6,JU5,EQ8,XE1,YD0,PL4,BY5,OE3,KO6,VJ6,CS0,QA7,JC0,XW2,AH3,UU6,JE3,JV5,KQ1,YG2,NT8,CK6,QD9,WX1,DJ0,EY7,OC0,RK8,WX7,KD7,EH7,NG1,JX9,RD5,GJ3,AT9,CZ7,JJ4,TZ9
-35548264.18,123149702.48,25822359.33,32802173.92,28972973.32,127829957.85,30452598.27,94111894.76,-10025170.32,127822543.79,-68498889.9,64436593.94,-3421382.28,9670243.39,-59000732.96,127826728.48,127818805.23,31251025.21,-2407740.93,127819603.83,127825565.26,128024033.28,-17385901.2,-66691809.73,-53052440.96,-10907045.06,-87684982.82,63250206.16,37106709.35,-39865173.53,-77355063.47,127830721.73,9211068.99,127884119.87,-1491568.93,21719678.64,82502151.65,27628664.08,-69937185.54,-84306414.52,11325564.87,-46377963.41,-87745139.22,53937602.6,127827674.28,127820647.96,-63178164.3,-10807178.15,127882129.38,127819600.63,88168911.49,55392377.84,80199168.59,127825205.89,-16841572.4,128025148.72,127822762.81,69339238.4,-29707816.02,127825333.13,39780072.28,-50051413.21,95498921.27,-49443542.03,-9731225.2,127827076.5,127826607.76,127826289.4,92355424.6,95712696.73,98062514.4,88992859.34,-97606037.8,-65941433.01,-34636374.18,-29373703.39,-80328632.65,83888285.38,85332468.45,44459711.29,3030220800000,-84980385.7,-42548872.42,222957269.95,-316687.51,-51533914.36,78756352.88,127823392.05,-7564386.5,59633771.78,-65717799.79,127821036.93,-59269995.64,-16831400.45,-77350499.81,10980805.24,-91080532.07,-93212305.86,-21808256.88,16866272.5
3052126.12,115772539.28,-86569718.52,63768952.74,48304459.95,127827343.83,48854841.49,97466301.54,-68183442.44,560271747.33,84694570.26,8201294.51,67609737.12,-92885857.92,-7437091.7,127826182.8,127821170.41,-91279187.68,97376855.47,127821276.48,127824706,128018014.51,-82423548.12,95450571.15,22804515.67,14531712.1,8300651.86,-62500787.55,50473419.28,81661991.02,8635799.2,127832468.72,-74869166.91,127956557.69,75124858.63,-69549313.66,43395753.32,80683585.18,-8815402.08,88353385.38,21699425.33,-6565762.04,79709790.9,-54697100.77,127825925.71,127818914.47,-11810674.23,-98396317.21,127916449.74,127820468.25,-17382975.62,-21544314.66,-48543758.02,127828428.87,90836403.58,128016534.14,127826112.24,-64671648.79,-16521497.64,46311985.1,88425402.77,15344192.35,-39633812.26,-85367243.85,-78897219.3,127830020.14,127823224.5,127824189.73,-45867520.85,-16911381.49,56549295.16,-71888655.98,82894270.26,-42264185.97,-25650638.63,-93151758.94,23934983.18,45959361.72,-76330018.2,-49197414.66,3054585600000,7677712.2,29921301.69,224064686.03,54193106.91,-53247758.68,-39942797.14,46311370.6,20034869.73,68690023.86,22931465.42,127823236,32982954.74,25157466.28,27640612.65,93279473.83,55742275.42,-51353348.47,-9608149.56,-93621842.68
79695503.3,121341084.69,76393746.21,-76836463.63,-15508894.3,127823616.52,-81682795.93,13061378.3,-84396919.36,599564485.39,-79720050.73,38550539,66223603.47,363430.89,-13202518.63,127824518.04,127824462.26,-92971514.78,80803744.91,127825181.59,127822900.02,128011789.74,57362411.45,26889699.74,29690997.58,-92619513.89,-92856921.29,-42385845.45,22365428.88,-46613626.22,81063038.12,127826801.22,-58174736.94,128042062.36,-96967198.06,3373987.44,-61249534.1,23069910.78,-50659181.66,-78850066.26,-80544906.76,3985730.44,-59751623.29,-99333305.42,127826148.7,127819437.3,35553768.29,-81943433.5,127957148.52,127822762.68,78594241.57,6742156.03,57049461.73,127829760.3,13337604.64,127992008.02,127828343.31,14012902.03,-97026555.82,127825734.87,42300234.56,-75812849.06,-17224168.86,-16660055.54,66574881.64,127831719.69,127821167.53,127823383.21,-451516.68,82992023.23,-28839255.91,-77754508.46,-36983002.65,-323436.65,9216514.71,83350131.05,84404261.07,-80887966.5,-96029450.81,-32639869.11,3054067200000,49569426.68,-86107448.62,195614092,50501306.37,34027742.97,57771012.28,46314182.37,-73907400.95,72848498.56,-93218952.72,127826646.59,-15350443.04,-17561625.89,7926238.23,41427741.89,-6726853.78,62261152.6,1898365.32,-43188276.33
60636402.05,99279561.64,43006508.25,4685588.51,-48899042.46,127820471.66,-14560346.49,14984098.38,92791099.94,599565690.32,83140214.47,31448082.39,38082168.91,-22772582.7,87092131.23,127823110.93,127827036.71,-28751115.28,-62610691.42,127829974.96,127821520.73,128011426.58,-89366548.79,57125090.33,-43551838.84,-16597817.43,-51784201.97,-29287206.39,-81458589.91,20589360.35,59743351.69,127823461.55,-11314149.3,127931665.43,-12719462.4,-16112722.32,53180532.89,57082521.14,-93300105.22,-70545575.95,32114851.17,-7269746.17,34758022.52,29220496.25,127823681.78,127822192.76,-78090789.65,-96083136.52,127951625.37,127825022.5,35448316.07,-48035064.52,-58371958.15,127828840.49,-79227273.94,128019774.96,127828600.46,-63016165.98,96810250.84,57283103.55,-49665794.9,-77291473.12,-16617857.47,-88271599.89,6857303.3,127831401.55,127821652.8,127824248.64,-41874567.99,-36559902.16,-9286685.08,-72876620.3,53083061.17,-48505844.98,53658563.71,75301947.96,73320488.83,26845624.2,-78295842.63,-12251572.99,3029097600000,-40220119.8,23435801.1,235304317.98,-96500463.69,14388462.54,29189486.21,-24224544.8,-97123531.93,-3092434.79,-35359046.08,127829686.63,-90995548.33,73267071.41,47451598.81,62935806.77,-21755491.22,-97305063.91,-72471987.81,-59046967.86
-78410815.23,90121108.8,-82121245.61,84527851.72,4098378.12,127819293.84,7389737.68,-67585852.2,-60844029.22,599568765.7,27243150.23,-38000622.48,-36368045.68,-62060042.06,24425738.73,127823637.1,127827783.19,-55351669.66,-38948280.15,127834103.81,127821779.14,128015544.01,-78193713.09,16193346.76,9779931.96,-29891614.06,68565177.3,-68374995.24,9851453.33,22299831.39,37360194.34,127821283.56,-98447902.36,128089496.5,-17529085.99,15076140.82,-37800641.95,48635914.72,-57430130.83,45206814.6,44730811.39,-77922347.46,-38857464.24,19555365.16,127823744.32,127826023.91,53761661.34,-92660907.08,127980947.59,127825966,-10840243.92,-8138731.97,84366295.53,127826490.15,-37320112.62,128040578.74,127830606.51,-48936822.88,95770643.8,127820850.84,-69049153.25,-71913195.32,21459499.06,80974312.1,83956256.44,127829604.85,127824845.84,127826071.72,-51935213.3,-67253883.92,62987534.3,34589841.25,63662718.43,-12990955.74,86175216.81,-65420214.13,83712025.3,-92887978.42,43829190.18,65811697.69,2979763200000,-33958984.12,-63421597.1,221229179.01,5517129.49,-41962523.96,-82002828.67,-24225104.34,91029.4,-29780529.53,-20507709.33,127830867.16,-99876884.82,-47135845.83,80314119.56,5984660.75,17319179.68,-71555709.24,62004619.76,-1209544.06
87183302.68,-131028637.29,-35294002.51,14763648.64,11562583.71,127820409.11,-95450591.11,68928065.63,65115404.04,599572214.09,88481859.29,15621203.53,-24542376.54,-83091414.83,-83071580.48,127827144.49,127826701.72,-41668864.09,87442797.9,127836658.78,127823971.63,128032488.83,84839638.4,67901347.04,-47329774.07,-77321965.57,-9234054.99,10557562.99,35332049.81,88965864.28,-62140942.74,127822074.71,-6492846.38,128058964.84,92148859.86,23507663.61,-90343556.16,14418200.1,-1437785.39,-11079280.97,15454348.93,-22296065.14,-92985112.38,21297883.08,127820272.91,127829210.78,75827089.91,58807670.56,127994969.74,127825216.38,95370958.76,20130363.94,-73727833.99,127824193.56,54207510.45,128209916.11,127829961.37,83841712.09,-29820042.39,127819339.49,-39966586.39,-6165850.81,-17222243.43,-37197271.23,-75408908.26,127827973.03,127829852.26,127827478.69,-59928504.03,43749212.21,-15598984.74,-77363074.66,-35888824.88,-41769076.26,35640854.1,4904978.31,-57914671.6,79718880.86,68225524.66,22493775.7,2907705600000,83803471.72,89468752.64,319584475.22,-97280598.04,-91807700.09,90124325.14,-24227868.53,23251348.96,-23314433.57,48864465.36,127829590.15,8581263.99,-75394855.15,45399060.42,-1860199.03,5591753.46,45088492.94,63595789.24,24594604.16
-88896960.03,-241474426.45,60226312.81,-30832348.88,-93172561.63,127822967.5,-46924579.54,54577292.2,41560490.55,599574449.99,-30681725.11,34687925,98051719.92,18067853.71,-12189990.96,127833611.57,127824842.25,13675410,-17554906.89,127838022.98,127827252.79,128075987.33,-89699739.69,-6685845.2,-74745506.23,44747041.23,-19050629.55,-96419040,55147454.66,43663786.89,25401945.48,127824826.93,7072153.56,127900097.94,-50132665.89,34298397.12,-26368142.1,-29594109.14,-17688410.12,90115043.86,87358128.46,35322789.78,-97956341.76,-16935613.09,127819307.85,127830381.15,20236419.27,-38230368.82,127980593.98,127823496.19,62114271.75,1306438.61,-92713769.18,127823245.52,-19011208.41,128107800.4,127830516.31,-97551806.77,-82966861.3,127820047.31,-66200116.76,54971660.77,-20318061.36,-35400227.74,70791506.22,127828582.73,127835435.4,127827273,58146816.82,-47742150.39,43605166.71,-97373686.6,32972684.6,36272596.53,14782895.07,86735964.9,63821480.65,38284750.13,-96221861.76,51348842.12,2815171200000,-95941633.8,-33638550.2,315744431.68,91767207.32,7210580.95,-24193899.4,-24231657.15,48885989.86,76457344.63,49847212.02,127826484.05,-64805014.34,11089382.05,56355273.44,71397308.85,20719795.75,46423577.87,-41424958.6,-33276746.62
78425201.48,-240391715.31,-90893853.11,53608563.26,31480123.18,127825427.93,-35450254.28,-76169505.34,68353365.68,8074717186.22,18999388.78,88593195.05,-2289125.7,-35233514.69,7191794.03,127842160.94,127823649.7,-64775419.91,78868037,127839876.13,127830049.48,128139266.12,-21841880.15,42438263.51,90406415,-46314359.45,18289452.71,22031230.44,-73767044.84,64331239.2,20667239.6,127830833.67,18725521.85,127830088.02,-62208374.11,-97132227.97,-41668974.57,99638884.66,-74959335.68,-29432516.7,-32980511.01,29519835.22,-65343917.61,52545041.08,127819885.41,127829216.95,29759763.44,-22687995.45,127959202.17,127822173.61,-16840119.89,-78715952.79,22402973.16,127824012.13,-8169084.43,128533757.62,127831260.05,82211603.44,90761816.73,-17530983271.92,23505747.62,-20994108.63,62158326.29,79250228.87,-744994.54,127828669.2,127840968.89,127825163.89,92362037.43,-16708422.16,21745183.28,-80579143.06,9293582.57,-20727823.09,-22172342.79,25384834.94,-94610072.12,-23485302.49,91380127.72,-43530816.14,2704665600000,76008303.65,-83282959.03,17918221959.59,93798740.62,50240710.61,63258928.88,-17683040942.5,-26062746.52,-10264472.13,-77057313.07,127823054.36,-91177681.21,-54920247.6,74334713.39,-48794492.55,-64669664.47,15257646.87,58537735.36,3115372.13
40882350.94,-243377690.72,1998336.35,-32593334.46,63008760.94,127826502.73,-78351578.48,-61948194.93,91263255.49,21226396733.81,-11181982.17,68305024.77,26799561.5,-45474350.73,92921785.69,127844120.19,127824093.15,72836730.26,98064615.6,127840165.55,127830920.34,128216100.95,7574145.07,-72312939.79,-75033247.21,41376269.56,-23149459.01,16504832.33,-3743653.79,-87331488.93,-4595661.64,127825672.18,59543696.18,127829375.43,-7562198.93,-56218610.9,59182692.14,87577898.39,-90557793.5,83229951.71,-26697361.13,18522849.66,-76134278.27,-70994361.99,127823111.41,127826596.16,46581639.07,77559669.38,127941696.94,127822441.34,-20982748.23,6371235.63,46778538.02,127825770.89,33846337.51,128320729.68,127833300.05,16199627.87,51929428.37,11140589786.62,-94328887.06,-33204533.08,-24272661.72,31747541.29,-38824844.9,127832372.79,127840926.08,127822012.78,84335929.63,64545275.56,27124754.71,46865698.32,-71149538.8,-62349659.88,76108856.33,-46717848.17,-76447159.37,-67440833.09,72790260.95,-65807234.47,2579644800000,35259494.04,-64005811.97,7771457748.67,74838837.7,-44090379.25,63752498.6,-6670278959.08,-65485647.5,51349720.42,37025890.37,127820892.68,-83165874.32,75005949.09,-19136950.1,-98005999.16,-49252931.22,-35489680.08,45678099.42,57886919.63
-69571305.03,-252162261.44,-38762287.94,-17031616.41,96304723.57,127825834.81,-29048057.86,-98050007.69,-18361800.99,21226394748.06,-94551810.71,-21840972.05,46945020.65,42721429.62,29713195.88,127842806.24,127826078.41,-41611377.47,71743565.37,127835043.1,127829356.34,128296280.74,-68504819.96,28252460.83,19013926.06,72620630.9,23655613.67,-96659094.6,13187116.63,-90345919.16,56319816.63,127825073.65,-84119764.78,127826577.14,-51137660.69,-96629950.95,64032648.12,26701988.61,45735020.5,-73496282.2,-3125999.26,-56929608.91,-17071132.08,-37505957.58,127826662.71,127824072.09,-87228382.61,-35625444.53,127928328.46,127824578,64100374.28,24767169.34,-70663496.05,127827153.4,-40141924.72,128355925.98,127835368.39,75078908.09,76066546.36,-9129423510.03,-16792575.81,10961366.08,-12550310.46,-13790427.48,81662701.27,127834338.79,127835627.19,127819391.63,-75661655.8,37285555.04,87495055.84,-59056093.18,-77290902.24,-12328613.52,-76642040.47,83054656.11,20685179.35,-37699184.07,88778978.98,77861052.87,2443305600000,15402880.46,76839189.49,5191885606.62,-66636541.11,-15063124.58,95513305.74,-15927531014.99,10281467.4,14019751.44,68643433.68,127820821.62,71684118.54,-72299835.14,64220942.23,50104455.8,-28718314.93,-37863559.78,-97580148.16,93122070.71
51226778.19,-296365132.87,-23220219.45,-5133787.51,-44335298.04,127824563.71,81923440.56,-41607113.82,-20378708.98,21226393687.98,-21921647.41,57651423.3,93264211.48,44180808.5,-52361048.09,127836402.42,127828480.88,-67311423.58,38074618.19,127835114.89,127826330.98,128338358.7,72872490.63,76471417.13,-60202310.38,54509099.47,-63325622.52,80721724.15,27379702.26,-28029355.44,-37533470.16,127822121.92,58690879.57,127822829.57,-25144555.83,53391475.96,41710179.22,88338971.14,91081813.62,-46867566.79,95930835.29,-73075755.34,49949685.46,58556826.65,127829946.22,127823245.97,-11804142.02,64591710.62,127923470.74,127827901.46,-5103943.47,68769307.52,-38759158.53,127827131.63,38433628.99,128528159.41,127838691.42,-62559733.81,67094949.71,9645763980.06,57604674.64,46785034.98,-10936057.58,-86521348.28,23070979.33,127834012.97,127833347.85,127819036.43,-7885579.17,-68601410.05,-5275707.02,-29426001.64,-11297903.91,77554323.15,91887367.11,54555636.23,47744487.59,53653328.16,-26658818.86,-4112437.5,2299881600000,42881234.97,5368402.91,5787960227.66,4632501.85,3194964.91,56399400.34,-6409595112.36,98300094.04,17454925.25,19605493.14,127822647.91,-35834626.96,-83576791.36,17806418.62,37700651.4,61178282.94,-81863045.02,93035186.63,-62591321.76
-80909135.88,-347407393.23,64437917.04,7796736.06,-35384688.04,127824105.42,23891965.14,-84630484.11,71568435.89,21226394274.8,-45844260.73,-42306885.06,32623615.74,10012248.82,-82095427.44,127835354.47,127829783,-54859118.3,-69114064.72,127835875.36,127823423.84,128387438.02,-4677857.11,72616399.96,61804613.08,-64410897.03,-86542386.65,-45248827.56,-31398370.77,11121547.55,-79542961.37,127822155.9,-92125808.67,127819783.04,-15119921.86,14550416.17,3705844.17,62208720.72,-40383778.39,80402885.87,-70525848.2,46249687.64,95961425.05,-40074371.08,127830551.34,127824523.17,22686512.33,-5309935.93,127913346.77,127830865.08,-83197052.09,62666599.84,-22296009.33,127825454.55,-55450115.98,128487781.34,127836260.82,88446332.74,-51966131.07,432446483,-19128588.32,58088883.73,-78332810.58,81913701.59,-47208059.79,127832111.47,127831926.29,127821460.93,355120.12,94807702.63,-8750270.04,-89037143.02,58014745.91,-23657694.69,7439656.74,61946520.91,29306414.7,14850837.38,12853804.52,6358255.93,2153347200000,38299041.19,34155809.39,8390048993.73,50723669.79,-38836496.31,-40412622.63,-6104975415.3,-52847045.46,47792951.31,3006576.29,127825125.55,-25595245.54,57912136.87,-55626066.23,38794866.23,14901284.45,63571815.18,-66245562.92,8988755.38
-1754834.17,-337262584.11,97398304.34,-49731438.73,-95117670.42,127824350.09,-79722793.82,99489162.53,26595598.89,21226396133.52,77550035.66,72170380.07,5020296.17,-883648.28,-7541406.36,127833852.5,127828956.47,65179591.25,48367413.79,127838137.46,127821352.38,128441864.53,44596804.43,99889778.41,-53267597.17,-74851068.52,-14816082.38,73432172.91,-80810842.62,-29390952.06,-41836904.77,127822306.52,90882778.57,127819200.35,-97932320.11,-6846294.47,-99456583.3,-18831178.51,-85218318.9,-78757937.28,-65587880.13,-716511,72257982.8,-73545902.55,127827376.73,127826297.24,91144938.84,-70051820.25,127895402.04,127831484.93,42402280.48,77399113.53,84173435.34,127822471.45,32080140.77,128439268.29,127833138.49,-68141869.78,52136392.8,-10088507176.12,74322206.19,-92704383.58,65260849.29,8688896.99,-89685330.13,127836316.06,127835592.64,127824944.69,20188881.71,20232753.94,96439028.47,-7685280.93,-86822138.18,91488041.88,-91367866.9,-73820230.68,-24897254.69,-45907760.26,36944047.58,-62557906.46,2008022400000,-4744381.48,80130348,3136077606.86,-49359243.09,97594830.21,50903702.25,-16321307968.43,98722154.57,-91803616.59,65294150.22,127826333.27,-52264347.3,-1904751.73,-29305174.77,85589723.32,28867008.34,48903268.08,-57598951.03,-79599205.26
59745026.3,-264845262.23,52686669.39,63919321.95,-95783377.71,127826333.45,-11165577.35,93422879.3,-57859627.89,23512995873.05,96928662.65,-46983706.73,47559082.06,-353956.46,-18155328.02,127830472.63,127826087.97,94734834.13,-59270437.54,127837100.88,127821506.79,128422800.29,96540695.41,77186080.38,-52507428.07,-44051788.36,-41549819.71,-17736204.86,-52664229.05,90158042.32,17545965.26,127822160.92,42701723.74,127820807.85,-44909732.95,-91716827.24,92103235.92,20350582.97,4229781.29,11555082.62,15737732.2,89257879.82,-86749596.27,-16441120.42,127824850.95,127827790.3,60983241.52,-22743225.11,127887550.28,127829709.52,-34544390.54,-41869648.03,58153196.15,127820047.96,89612369.44,128354804.77,127829659.53,49667087.71,2944631.02,127823887.95,54453444.62,92248063.13,78845195.8,-30542411.46,95516167.37,127832485.83,127839300.39,127830543.92,59447665.95,72011597.69,-3899985.11,-981804.72,-63682655.08,-55553636.81,10673343.89,-11830005.42,-60986362.28,-22747674.41,-18471232.77,-63776104.07,1868227200000,34218134.94,20728702.42,3096008065.86,9750297.5,-24387966.73,77034138.29,-16321308562.54,91275079.08,29491642.54,-6634980.73,127825860.61,38811162.12,-58549904.28,-75359264.21,-21420633.23,-93700511.46,-61132325.07,-3211752.9,68948827.79
-18884493.08,-242912379.38,-56203302.04,95781654.62,40978290.34,127829366.31,38100362.67,-65644021.46,72707840.63,23512996390.54,21363944.91,78186680.73,-39738508.72,-34020473.4,51579090.44,127833814.56,127822389.12,-37985929.64,60039383.13,127835609.58,127823408.74,128445685.42,40625126.8,56318059.48,-24424618.15,67328626.06,50599576.2,-23313998.39,-34295784.08,-36100766.08,10872353.26,127826908.22,-88299099.97,127823694.23,95402539.61,-98625136.06,97132040.17,46869677.11,47081625.03,-77647278.03,18445920.22,-63395275.56,46118750.82,-6313406.28,127824102.41,127827734.88,-32754174.68,-32916343.9,127861786.38,127826257.97,-81589267.43,81958193.9,72348314.96,127819647.07,-43462135.95,128438799.37,127827602.24,37154332.1,80015385.21,-131075265.67,-58220457.97,1143177.01,59738028.09,-46790123.74,60039787.3,127830719.22,127837579.26,127832797.8,-64154037.41,30520135.71,4028731.21,12794787.98,-35704500.13,-14243133.03,-79001665.11,-62388742.07,-33252567.07,80233711.34,57565309.86,96042584.63,6057763200000,-79899229.8,-21158461.84,4302961940.55,-64103295.91,10980575.81,-75892454.64,-16580208158.02,63299065.85,42101835.86,-64545088.21,127824160.05,7902790.95,-21251820.78,-36681139.27,20117525.99,40012511.84,33317054.88,-66684649.44,5819297.72
36709897.02,-206959214.11,-73110553.15,73933805.18,65496436.47,127831854.47,14005863.27,-73398483.17,47403563.89,23512994857.76,-27933269.94,13734961.91,88124579.53,-73371717.81,66615412.01,127836011.86,127819576.67,82773011.25,-41666896.08,127833680.78,127825823.86,128446750.77,95243068.71,-47949733.27,87154229.58,92153843.59,99771382.91,95706869.64,36099068.41,-60605347.09,-90688621.7,127830399.25,54179547.34,127826670.62,-96054011.94,9335964.57,-71895491.4,-54243999.72,3428946.28,-2069715.62,98992967.4,-79518857.17,29858338.34,92275320.21,127824987.67,127825936.94,-80500693.14,12130912.9,127836891.65,127822779.61,-88922061.74,80014483.05,-92750547.54,127821687.53,-24106104.18,128342315.93,127828085.18,-44407914.69,-46880402.97,-221869739.53,1226175.14,-74711820.69,88963638.59,7418785.25,-7929131.22,127834398.43,127842120.8,127832974.1,-91745898.66,51669879.54,-39496459.59,60478216.23,49354272.62,8517704.27,79223176.34,-1638409.37,-93066869.73,82289400.62,-69444721.35,-1914411.76,5940432000000,-97549857.45,33363506.28,3189567962.97,10864350.32,-88015295.97,27652761.52,-16929902559.1,41523709.95,-51359130.86,36080762.27,127822462.18,-12064385.49,-98479884.9,-17005869.07,59902664.5,-52964086.3,-61665230.85,38505378.87,55791407.11
38068637.88,-184651130.33,52789851.49,-25600977.21,-865641.76,127832226.5,99480250.32,-87584556.69,-6553993.28,25006523902.57,-11785387.37,-96827006.83,28953503.66,94387540.99,-23614406.4,127836881.48,127818962.93,-65111738.84,30590185.17,127831334.85,127827312.66,128445775.54,76146886.39,-99517309.34,97447924.78,-46109991.37,-25536586.81,38656245.01,14956444.59,-8385338.3,-49875432.81,127832183.47,85708674.54,127830126.32,24906300.28,23613639.54,47989362.94,-48156585.94,-10025142.25,-55583929.27,-27270700.92,53063097.63,-87815360.79,-5976660.2,127825979.02,127823249.7,-58225720.82,67225965.59,127826904.36,127820860.11,-80119884.84,38069256.75,13547373.38,127825298.27,44982651.72,128308347.39,127830536.66,77842589.46,90472750.58,7345554627.27,-99145461.71,67112905.59,-98930092.23,95985059.38,28246460.59,127836553.68,127838860.84,127832647.46,-65062105.23,-31846870.4,-22606463,-503955.55,76842432.63,76902520.8,78673794.06,-83584498.45,-34281430,-12664216.08,-30009203.88,5644522.37,5839689600000,-60941936.53,93369658.59,1444594837.16,27015381.75,26174236.68,-62306038.88,-9712172863.4,-72984491.65,-10529816.14,76644315.07,127822060.53,-869466.3,-39595572.51,67975684.29,-65422328.99,7451254.43,-20553014.46,15399032.05,33656060.24
4005302.33,-193102171.42,12625201.25,8768856.57,-67647833.79,127830234.84,86444260.97,94719068.25,-85259371.23,25006520605.72,15306959.49,-90613329.68,-71248047.46,35169499.02,34885344.24,127835877.19,127820760.5,20956250.61,50666641.23,127830838.54,127827012.24,128422172.4,-88590738.97,63496768.05,-1269587.63,-70910847.92,74998385.54,-11774032.39,78172845.69,-22348807.76,-11792324.71,127831376.79,62056642.2,127828550.75,-86886496.96,93922010.72,16882352.56,3036401.93,-1300729.84,37108236.83,57071197.79,95080700.51,-54167913.46,60920466.2,127828115.31,127821074.68,-33815723.41,31536891.86,127824129.47,127821151.06,90097923.72,-62526060.18,3597571.7,127828924.47,-86766166.54,128286795.7,127833970.16,58900779.4,62326999.84,2664826535.96,-71209886.63,-74885003.55,-37334324.86,-90685012.53,-39850150.68,127837535.86,127834089.44,127830367.4,-52449847.18,87259482.8,-49300991.18,5150825.93,20973579.32,5437837.85,39518195.91,-12171739.07,-16748089.79,-41040883.09,-11798058.45,-26352722.11,5758387200000,83961772.73,35169354.02,1623186031.11,54982185.84,-97759816.66,12818161.76,-7175170998.69,9779092.76,-70104652.09,-40813313.24,127823688.04,63190147.76,-25860856.59,-4217446.99,-55205014.66,-17889981.87,-74539710.49,74432375.64,-71335665.32
-25832126.52,-167562008.17,33077104.4,-5197857.15,81568207.71,127826656.24,90188992.8,-17818316.61,-81109824.41,25006518754.28,64529232.36,-4582983.33,4520912.96,37581618.45,83837002.24,127834716.19,127823986.14,10748137.24,45809508.05,127834436.18,127825415.58,128397855.26,43553395.84,25562618.29,13783995.14,17317876.8,-42849093.06,39475893.92,-53274850.31,9616208.35,-75409363.11,127829304.28,80156592.8,127826973.17,94751228.59,-24833647.73,86640655.26,95071210.62,-27021824.14,16850464.16,-25047562.34,94659467.12,49917338.01,-12808851.16,127828514.28,127820877.11,-80344928.07,-98572607.93,127822911.88,127823260.26,23197179.19,33567540.44,23337449.23,127830953.83,93436936.2,128293865.84,127836726.09,-19867065.2,57030286.53,-196083420.82,8963005.33,-24814041.59,60675025.64,-93931320.86,-15351940.85,127839767.16,127831942.24,127829061.99,37672158.76,94117851.15,-58585904.09,-13539282.43,-33738084.8,-77053015.56,-88574390.65,-42964200.75,-63365148.24,-60881556.93,74176033.58,45803644.64,5699116800000,-59084657.53,55970926.01,1366328265.22,89281729.15,91412027.38,94341518.17,-7499078222.79,64649920.45,22116633.71,-74468089.54,127826848.87,96982491.74,12275486.09,8209131,-54062050.58,-86831816.89,42642048.16,70524817.4,85303860.39
63749533.86,-165988715.32,-7176741.73,79830115.37,41269249.23,127823110.14,38286090.77,87711717.56,-19598800.65,25006519300.12,-30330018.47,27874900.48,-95532280.66,-78134197.18,-85503006.38,127832150.35,127827014.01,-46108370.06,-91367731.12,127837599.71,127823758.55,128374507.93,-96584540.63,5235638.27,-97976553.41,-84780587.99,92229938.21,-71839267.16,87737089.19,77744010.95,-52679485.68,127825761.71,15787002.18,127828080.89,-10484434.95,11453764.17,-46533183,-6571942.75,-52495454.79,45014715.6,-20615647.04,3003653.17,-67064859.27,57871374.14,127826769.8,127823037.08,56471887.94,26081993.88,127823896.76,127825818.81,-4017123.79,62786506.75,-63035422.03,127830645.9,-35650803.57,128268210.27,127837630.48,-19614189.47,-70911862.23,13647910877.21,83865715.28,-87556510.62,-23517328.28,37898430,1345106.59,127839828.1,127829543.82,127829399.14,78836061.03,43214411.77,94587976.71,87307365.43,66694191.73,-20867001.68,81815347.89,-96727788.51,49031076.28,38510156.93,-41549032.15,43527826.43,5663174400000,79176150.95,32290156.55,1099790152.81,50676345.56,-91681573.99,70729031.11,6021009933.12,70663622.96,-13713966.46,-70247326.99,127830119.22,44504022.83,-10704997.13,-56458556.85,-62703164.97,26337646.49,34460526.88,-20486872.23,-10048717.76
-93970608.85,-175172519.24,-86733877.32,-49641782.73,815965.36,127821239.86,-66188617.5,55199542.77,-77415479.97,25006522004.65,-17569353.18,-32840681.67,-76462406.46,8149414.72,-11647462.35,127831043.98,127828466.06,10368662.62,-76934480.57,127841156.3,127823440.56,128353389.34,54177912.03,-13615364.33,92515440.77,41680140.56,-45235445.64,89271446.55,-2009054.81,28516099.49,28864109.71,127823238.43,-28837075.86,127825808.57,-52750552.65,90561137.12,-94704396.72,96097777.03,9190996.59,70850504.75,-3460310.62,53749630.24,-20197740.1,42107723.23,127823958.38,127826762.69,-52498033.36,-15468293.79,127825866.03,127827385.82,68463628.82,90037358.55,98954411.31,127828503.28,5576312.89,128345909.76,127836673.2,-65729442.67,22715999.9,-5729668223.72,-84632357.45,89521704.24,98229118.92,863159.26,5518031.48,127837502.26,127831128.84,127831147.16,-50448232.37,-48035634.61,58610526.46,-80373674.11,-16795155.63,20751996.04,42051565.06,-77451777.26,-84543742.13,-93399952.4,36562310.73,-36448151.15,5651856000000,14621262.26,-231224.9,1716117786.42,-78899507.04,-27304405.51,35511959.2,163519624.62,61448871.51,636884.56,-55904662.81,127831910.64,-36352417.42,-53343990.7,47981994.34,34573658.79,69313548.28,49285302.88,-74430005.85,81156974.31
-18011656.56,-257078293.07,-55471987.27,-46225510.8,-81248881.28,127821773.71,35085245.06,77233987.12,54980364.95,25006525565.5,-32586871.58,32665016.28,-37478566.22,-23538764.91,-61674663.7,127831660.74,127827941.58,9386271.34,92448474.15,127842159.28,127825104.96,128354331.99,-1489046.66,-87172831.35,42400947.58,-4645905.25,-75272687.86,-57467807.7,11612116.55,-66066424.64,-69597017.15,127822345.58,9876333.43,127833233.65,8940292.66,-6114767.56,-16966784.2,78748442.53,-21708562.02,87213070.71,-59801898.1,-36455271.63,85354657.74,-49309858.21,127821950.59,127830412.24,15997296.66,82350838.29,127828227.46,127827228.71,10095935.32,-89007935.36,-33831637.77,127825914.99,37402883.57,128224889.86,127834840.34,-66128902.2,48735625.19,127820291.31,-38660269.46,-84106505.22,70886731.46,41377065.89,-27670634.02,127833844.8,127833939.53,127833067.91,75966829.59,-56471459.99,-49894424.55,-80654396.11,-67043936.48,40316292.85,-87687688.1,53813039.4,-1337736,-78641281.04,97920861.87,73935401.06,5665420800000,46375604.9,-1155683.29,581302322.44,-52333389.77,-89876265.69,3972202.98,163517473.38,66040959.7,-71248225.44,-20948318.7,127831303.86,-7415038.94,25046001.77,-29645817.03,-96157842.41,22404767.77,53291813.6,-34638384.37,-80585566.78
-12691065.08,-270863567.53,41563692.89,23984386.89,-99938948.98,127824106.97,60518612.3,-40504849.12,97212016.75,25614678266.23,26910831.19,52736821.92,-90578350.7,27221192.94,46750464.57,127834193.04,127826181.9,77898425.87,-52278905.76,127840468.65,127828290.55,128356632.67,-39848257.78,8893597.55,43054045.67,64452276.45,-69272403.79,-20775582.21,-20607253.21,-61434308.15,47427384.83,127823320.03,42689116.65,127838041.64,-64367333.46,94114744.8,40902397.55,11952341.99,87059654.81,81954509.94,62428761.5,-71569293.42,97765239.29,-78194194.74,127818791.81,127832435.42,-1890197.23,-41562006.52,127829388.41,127825767.87,9815472.5,-52224016.42,82071191.86,127824327.71,14564857.51,128154191.08,127833460.13,-73630081.93,-97378985.28,127820247.74,44062284.26,2129669.64,-13292136.48,56830934.01,32737037.39,127830320.23,127836378.8,127834016.34,-34807337.67,15875.18,60678920.05,-7664922.59,70074991.42,11024711.52,-2642173.32,48189263.13,-70444713.04,44005663.7,-84395897.63,-70488289.94,5703523200000,-95672343.31,70347834.54,626202675.14,63194822.11,-97731829.79,-15085535.18,163513823.54,-42547169.26,-19339263.2,-62441583.06,127828535.76,-6322158.78,57615577.99,-48348905.22,-63187079.99,-48237427.21,12368881.41,82967177.3,-78968956.08
-22617022.89,-252611742.32,-71871993.3,26335374.79,-96583797.23,127826934.04,-9299494.2,72733204.31,5738642.8,25614679084.64,-55095761.88,-58076823.17,-62708156.97,49228351.86,36000987.81,127837930.45,127824587.14,44416876.3,89149989.78,127838036.23,127831406.5,128358649.35,-58108520.94,-28783980.8,-4342678.47,19283735.15,-60434232.88,36184329.29,-66325290.55,-50394206.95,80672184.67,127825336.94,-72792446.34,127831625,99995953.17,2595599.92,10744784.72,-5373443.03,4069887.72,22452460.39,94572761.8,64741718.36,-59584943.01,96676888.75,127820205.7,127831958.18,96682542.91,-84569981.35,127828015.39,127824152.95,50516966.67,-17070633.02,-36877598.55,127824529.96,-92102668.02,128234775.3,127833639.97,-48412623.56,-25088528.55,127822506.78,-1650825.16,5888547.96,-4531230.07,16455706.62,25592120.54,127829556.89,127837993.21,127832621.02,52138800.08,-76920295.17,-48983643.16,58099623.82,64131123.67,-24375548.69,70343385.95,-59964636.53,92192063.92,-18371791.55,8746119.52,-75009797.77,5765385600000,55945498.98,-62780176.84,1206254583.7,71587477.22,73857455.37,68962697.37,163510324.03,98163747.38,98568918.95,-82380231.26,127824980.13,-72996937.16,90143880.03,37442228.09,-24384838.79,-58279764.32,-15564600.39,-74680347.91,-88124289.84
-93659045.81,-180480624.96,34698187.89,57927528.57,24722564.39,127828780.99,23026270.42,11270274.25,-63839813.73,25614677942.87,75848180.03,-69829260.2,7884043.88,59843341.37,-82183323.31,127840179.62,127824367.77,-76105185.08,39693536.15,127834936.1,127833024.29,128359014.73,88640042.85,-95892221.14,-97149537.44,59651569.62,-39388955.86,-30566936.06,-41498893.27,-91606164.63,25450614.25,127826322.15,-92867670.98,127831972.02,-74653536.84,30923502.13,97547375.57,-80358332.78,98926112.28,23411542.32,37748031.22,86850360.3,76460323.02,-87420961.02,127823998.47,127829661.38,-67207121.5,-94915439.25,127825815.35,127823849.71,75288176.18,-29957997.87,-85354206.58,127826146.45,-23747429.95,128265450.46,127835362.33,-25908692.18,-24630132.39,696291214.6,-95075917.78,-65917553.98,90306753.83,2626830.05,82935061.99,127830250.3,127837522.26,127830069.26,5060437.37,-58453623.13,13997485.41,85834349.8,58991968.21,97402265.57,-57112672.49,-16086094.03,42025524.26,32660941.78,86802839.96,54474389.73,5848588800000,-18571315.37,-18796901.88,1406409358.21,82232401.28,-26982096.97,64048084.55,731973563.67,-15172814.58,19414449.51,-17192310.07,127822324.22,-73030679.06,-59984551.99,-23786370.38,85294574.8,-70354423.87,-14384983.12,-63580563,89433984.8
67847467.68,-156356730.7,56723919.13,56539528.66,95049168.71,127828731,29127536.34,82205492.03,9737414.91,25614675876.98,82443160.03,-246541.73,56737179.88,-46258104.97,5583224.73,127840757.57,127825818.47,-81743880.08,4997777.25,127832744.61,127832130.87,128355856.98,-47394270.01,53221703.43,29345509.71,90266506.2,60336172.47,-97753568.71,75735958.94,50882813.25,-89082865.23,127826081.27,66034325.24,127832903.54,73951744.3,-12886134.38,-83009919.98,-52263892.29,73032350.06,-28485792.34,80260667.18,37255234.78,-16204050.34,93583696.82,127826643.01,127826831.79,-30683512.6,-89084342.4,127824523.33,127825395.1,-46200953.46,27286208.8,22547751.59,127827853.27,36007871.07,128267658.28,127837503.21,80607865.56,-54261922.71,1065929723.66,51489986.34,1318741.44,-77285685.41,20846781.12,15960314.15,127832608.32,127835077.62,127827187.24,56243405.61,68500034.13,-63050433.97,82992852.9,75224543.1,-63123916.75,-13926145.37,91751546.22,89207615.23,64981272.25,-24484837,93110545.1,5950972800000,6332777.31,-97011982.11,949273733.11,-15505646.13,-93995746.93,39392253.16,1670074236.58,-19722086.56,35886622.02,-32584743.1,127821629.09,95060903.89,-34269995.87,-29174542.45,-95698309.04,14965555.75,-44523233.95,-55542217.3,-8296241.2
-58223439.1,-123459312.59,-30513886.43,-92402242.71,50600720.94,127827272.35,93187624.24,-6746095.45,-9191991.75,25614674341.25,-94792223.83,-44604603.52,-5356781.84,92834406.76,35991783.4,127839231.56,127828130.12,-5722302.32,-21304545.73,127832896.64,127829162.08,128351428.8,82987380.24,54972761.79,76672697.63,-35313660.75,-9118577.5,-64511944.74,-69927235.16,-33126679.39,26131687.92,127824519.74,75449214.62,127826425.69,-12668524.71,16346215.66,3492918.66,-35994824.52,34056264.73,-1761028.56,70217657.81,-87934519.29,96835523.32,8568522.77,127829666.41,127825084.38,-61285867.13,-18194073.92,127824617.76,127828339.36,4810075.37,-68910025.97,12978269.25,127828326.44,47182519.38,128175564.24,127838664.51,-57648157.45,51131614.46,-7004029542.56,-32607895.52,80587594.48,-91031277.66,-89794226.62,47969609.13,127835601.46,127833195.77,127825943.01,5435053.87,-37658776.74,-49764861.88,39252131.92,72551541.13,11770853.64,15657666.36,86269285.39,-81167298.72,-91282168.07,-3239334.3,-33615873.41,6069945600000,45868149.25,-71620768.32,258811589.2,-81637488.83,1045286.73,-9677029.97,-5461784201.12,25677143.1,-36223873.09,85107738.9,127822936.47,83747096.44,-57267433.97,-74712950.98,-9968031.44,48110901.22,-60041578.94,-11632227.48,-57780193.54
35695973.72,-88906559.65,35215417.62,8712444.85,69745327.96,127825601.44,-40664840.9,-91754472.97,34184007.15,24807603504.86,-42687579.21,12887419.52,-14586857.07,88008715.58,57879289.13,127835243.86,127829848.59,90199158.54,3498020.75,127834394.5,127825514.73,128347138.1,23991205.01,-93086979.76,-57559914.57,80521189.56,91832573.46,32976714.17,23062881.14,-22840337.51,85952713.07,127821885.69,-8325726.23,127824212.36,-31808452.31,51283159.82,-11878324.08,-22434200.73,29401857.86,-87964612.72,-2823783.12,-7426738.13,-67170282.91,-29627903.42,127829505.3,127825196.13,-74915791.69,-76072.49,127827133.96,127831263.27,62299145.77,-79680840.46,-53662107.98,127826904.59,-96209141.09,128231539.24,127837839.83,-66696342.34,95231317.37,1729338540.85,-49024183.87,34330693.2,89393342.31,-83157603.37,9222928.5,127836238.24,127832940.7,127825377.23,39173930.51,-46725085.55,60898619.52,-26162984.66,-76917179.39,-64996468.16,76042814.36,18849619.69,-47185723.18,-20454553.34,-12700160.08,-49808391.35,1881532800000,90088543.08,-83405122.34,1060396661.71,-865808.41,-35255668.61,-47942434.33,-3860273397.09,85120916.46,-51597799.72,-73639162.32,127825159.11,30111629.21,11361505.58,-22750174.78,-95256684.93,-50559726.74,20729795.22,85600815.97,-31893598.66
-65417856.24,-74257437.3,-66143171.37,59219096.25,-58109964.18,127825182.33,-45213989.5,-21473963.93,-8862855.12,24807605026.53,89102271.75,-16003060.54,19817730.89,-91406491.57,-50295011.87,127832610,127829720.79,13535193.19,46340452.96,127835177.7,127822846.07,128344189.98,1598875.98,48835564.43,32903387.9,-83828648.26,70330421.59,5531877.49,48916004.66,-15747552.46,-54020272.7,127821052.92,-12094488.69,127826131.53,-11544280.92,-89654020.64,1554914.75,47706452.73,-6730740.91,66583654.57,5038625.7,-8391922.33,-72416431.78,-10062056.33,127828968.46,127826744.58,-94804973.26,-18163898.87,127831316.74,127832576.11,-4903892.49,67581585.52,-8633706.73,127824137.73,-23533624.72,128318117.83,127835077.17,-8559281.37,-86373710.47,110128137.16,-24861044.03,35360059.38,13281506.69,52919796.11,67450032.14,127835687.22,127833735.22,127828598.28,-47284932.17,5273982.64,63352735.4,-45855904.09,-40154245.37,-27492084.59,18734496.15,-37012309.35,22610875.61,76924552.2,39977086.83,-74396105.1,2022278400000,-44437656.41,-15943091.29,748152629.52,53299102.12,-79014903.51,51964339.97,-3877971483.86,98920802.68,-43842341.31,53375159.64,127826862.88,-13311023.78,-28949539.59,-29154126.42,73627611.39,83766736.82,13023985.53,39861120.45,-53121952.19
-24479811.99,-81937345.05,79889588.8,3615474.8,8994768.92,127826599.34,27329411.72,-29497808.47,67947706.55,24807607025.56,-35388403.58,-41502148.72,-32215223.49,-65721699.6,-27788746.25,127830307.24,127827446.51,37351214.26,-12395450.78,127835074.49,127822285.93,128345038.85,-13756663.92,44073623.94,-72511562.63,69644503.26,-81855431.08,40961181.57,-20821196.57,-26240036.59,-26317277.29,127821469.94,11934555.78,127840088.83,-24260859.2,52585698.81,-2915141.49,-96602781.38,53284757.97,-62481723.71,-26158620.63,-98067470.27,-81445012.6,35474260.93,127826671.94,127828486.81,-97243468.61,56167997.26,127836244.11,127831459.93,-11557915.46,-98522617.89,-74904956.17,127821418.24,83904628.74,128333446.97,127831548.83,-5996494.27,-26813499.75,127825108.55,62436875.1,79402361.49,-27796908.58,-90905943.12,14815189.24,127833595.2,127836413.46,127832450.83,-11830803.05,-3976782.88,70101789.98,-66184255.15,86330547.65,23292777.91,-64634620.96,-43591644.64,16046296.68,92284206.79,2339694.12,23618413.57,2168035200000,-57460662.97,-71117197.05,830218880.59,62064549.41,71142022.34,6692468.83,-3877971437.11,56034955.82,39550987.94,11126479.85,127827006.11,55263852.06,-2936311.14,-40279545.58,69502495.81,23957010.52,49487990.64,98389354.46,92575507.61
36256652.25,-72858364.24,-63956559.64,-63412292.62,11709011.91,127829347.99,58711926.17,-63885994.06,24685675.97,24807608062.85,-55062014.63,-5898520.3,88149722.1,32986925.76,-15823380.12,127830577.51,127823905.31,19738721.26,-5690890.29,127833014.34,127823793.14,128346725.2,-33269014.03,70776080.52,-81481929.64,-75455263.44,-94500112.67,30478316.39,-42606517.25,-46825948.95,70777693.39,127824176.35,17025518.3,127853721.36,10125044.89,4970963.18,56284527.54,-40165686.13,-34022815.51,92428348.86,38905762.15,-57767760.98,62316064.96,-39751319.81,127824767.33,127829053.44,-39890484.47,-73632911.04,127840639.94,127828302.37,16182619.34,95135914.41,14765206.5,127820295.06,35484458.25,128325944.87,127828925.86,92497947.43,-59892892.24,1814467995.2,64332042.77,-43706519.81,77497448.26,25704765.49,47146892.28,127831668.25,127838078.38,127835216.57,-40569631.93,-85518228.56,92323153.03,82062435,79191399.69,1791440.51,12809089.13,-17411157.81,-93557210.53,-88107116.63,-810419.77,42900102.48,2314569600000,-92977698.05,98281172.31,505934325.79,52880386.74,45092417.65,-92815373.38,-2191328081.99,46350876.61,-31046511.8,-62886630.15,127825613.73,-42880500.65,84657689.81,7750510.61,-31574802.66,81887546.55,-52368993.8,30335168.67,-4073263.43
-73611871.18,-47204904.21,-46403631.06,-26204937.96,-18628610.15,127832027.57,90283538.92,24819638.24,30641913.88,24807607161.6,47311300.5,-86074447.96,-95698280.61,38183241.78,1072277.69,127831402.52,127820722.41,-29970376.6,11973447.46,127830222.44,127826257.26,128347829.18,-6701305.67,-71474772.28,20414898.78,90089762,56087271.37,-8654359.03,16033611.49,99845507.74,-31810901.69,127827136.03,-52621926.62,127834470.69,-3854753.68,-1064354.21,86740066.42,31880873.96,-4479175.67,33057835.4,27395114.59,-32041397.71,76237146.77,15245627.88,127824422.63,127827803.98,-6921119.08,52810689.81,127839755.05,127824535.37,68127669.09,48571365.22,91941009.52,127821578.18,98620183.08,128291163.18,127828492.14,10002457.75,45183962.24,3973785375.38,-132300.2,7456870.97,19296942.58,92636414.76,80985056.55,127830838.75,127838187.1,127835794.75,70315142.81,-71387024.06,-87962442.24,-44218149.63,-15452033.63,-5261574.31,8723724.06,-836024.75,-86729528.3,-63947853.08,-23514613.95,-71207501.09,2457993600000,21124162.51,87707436.27,959645871.04,76638450.02,-96085812.03,86460260.65,1654632437.45,82148003.44,82279990.88,-39423970.68,127823727.95,-62614420.67,-18365607.22,61736025.72,-19825768.48,-11039821.27,-47564771.04,-14421656.38,-18887.1
-48496799.13,-38233994.93,-82797940.45,-87146320.98,35752503.88,127833107.1,-29269224.57,-12489134.42,-21168537.12,23772085955.73,3698144.86,-52639534.03,-20722140.78,37008106.2,765530.69,127833018.96,127819409.64,-91159921.31,-88015308.7,127828160.64,127828294.12,128347148.01,-17298850.98,-26689315.17,-2998676.18,-60851789.65,-21670121.19,29703839.48,21270147.85,66357448.67,83243618.99,127829701.15,37460030.3,127840440.15,77073243.52,-43962665.92,82830011.38,32356090.18,10638274.88,47498629.21,-66293073.08,89172316.41,16227440.62,49835017.91,127825665.54,127825366.53,-14539283.74,43394565.03,127837185.32,127821967.06,88570634.2,-3589314.11,7234644.96,127824859.78,94092771.73,128238231.22,127830448.04,-63014572.85,14348850.32,127824675.45,48046341.3,-63087797.55,-3003166.05,-12643578.18,39427727.71,127832171.26,127835392.03,127835846.63,19295666.16,-29978876.27,85455538.01,-46173175.21,-82288128.24,93649915.79,32459074.95,3921436.29,-23768793.98,6423560.83,-6349879.66,17568335.81,2593728000000,34872234.43,-6076779.35,742855858.75,24948759.02,-44876262.44,-63131605.73,1654631886.58,-28549661.06,-61974524.48,-11459844.15,127822786.56,-29114680.53,33047551.02,95302597.47,-72449211.74,-73643320.1,-21602371.88,-23407003.14,8141217.82
79319721.45,-44320326.11,21072644.01,28951687.98,19574676.38,127831821.87,69899108.88,21662505.51,-60391624.33,23772082560.59,-74220050.32,85212993.55,-56064874.15,11025221.18,68874820.53,127832492.43,127820557.82,-23479481.81,-24281493.52,127827224.53,127828615.84,128343364.03,-97586888.44,-9244938.75,-74860136.15,22701500.45,60487769.03,-74520563.08,31964985.7,27773743.3,-64838860.33,127829535.98,74804242.86,127834845.59,-25847957.63,69060573.8,-84856075.69,84003059.63,74384133.42,21638562.53,91803312.95,21912211.44,27993870.03,35020926.87,127827958.47,127822885.19,-20081416.45,-90236450.6,127834517.62,127821539.2,-55875243.37,-72034377.59,-69800129.84,127828708.43,-52248588.83,128302902.38,127833786.37,-93859715.26,1229127.61,1054126442.05,29654620.28,70236208.16,11438324.46,-70903785.48,43741837.71,127833971.3,127831855.8,127833385.22,92976189.75,56367764.7,-92753333.58,-63798899.84,-47840914.27,-98491417.11,-37627567.05,-91036063.21,-32872358.09,69320093.22,88157231.92,91700145.3,2717971200000,19969381.93,-91713794.56,1041341066.58,-75403563.91,-12474760.06,-63126900.69,2580933111.04,69428447.6,-25658284.64,46953635.47,127823767.51,-30657601.74,80608956.1,-59583612.2,-55575512.02,-39662832.76,-75985173.73,620009.12,-46471259.13
-5693179.08,-39114032.78,74070320.04,5110624.38,-57172052.84,127828533.16,87570244.06,47142675.25,-77480228.19,15676008411.4,35037074.74,-91999923.88,70865939.92,39688664.48,88688058.54,127831596.87,127823529.37,23427668.66,30506945.53,127829380.63,127827297.14,128342250.46,3987037.76,54786662.02,-61375649.29,84146082.43,-11904985.41,-70114174.41,1294321.93,27576940.5,-9984029.69,127827802.74,38190129.48,127857536.96,3781857.58,18231696.48,36138549.75,-68658755.88,-49856217.82,14893019.66,-80602615.88,-77426419.54,92355705.95,-49270159.76,127828064.83,127821928.44,-30925132.11,35687009.51,127835411.81,127823218.47,89768943.06,-14617521.32,-44868586.66,127831377.49,-65455083.85,128424904.88,127836928.45,-37943519.68,-58894942.57,-590627686.97,-4704920.7,-546294.26,-88893748.16,-58226934.95,8395514.96,127836032.31,127827517.25,127829727.17,6334971.51,-32852586.41,-35118545.66,-21555917.45,-11526480.28,93786190.76,-48711233.88,73317252.49,86199227.92,-18639533.99,-78895232.21,-17147475.96,2827267200000,3243084.89,25359212.76,239175460.28,98629042.31,-14831353.61,52962298.41,1862480826.01,3548748.96,-72141322.22,-2249411.31,127826534.02,-47873661.6,37455549.26,-29222201.06,86445480.21,80445612.75,-50393896.67,52028913.92,-19700779.91
98941526.14,16187906.12,14177203.79,-5966761.05,-93593530.54,127824696.47,69391644.65,-10702952.93,-93787701.55,-4697605207.17,88559808.27,-34187630.3,35089641.63,87326671.83,44071666.39,127828781.98,127826820.41,-83807724.32,-51838395.06,127832211.07,127825251.62,128342710.02,-80411078.07,35666616.42,41419139.53,10479843.8,72573544.5,-68865039.26,91167608.44,-69694820.6,87580315.95,127824060.01,89026542.62,127856424.52,-57203468.03,-22205380.75,52079549.6,99046191.54,57410776.32,-77253686.03,22413043,70386370.78,12234006.85,-31760797.11,127826441.96,127823135.93,-93291097.96,66924903.23,127838000.8,127825762.41,-88034576.72,-5855161.03,-36588808.15,127831774.85,-55226901.14,128453307.84,127838455.38,51168706.4,77928009.95,2471306042.85,-71237731.13,-81659848.77,92828250.27,88385988.79,-98160124.57,127836039.72,127825687.4,127828251.07,20537886.71,23248385.14,45567316.44,-25493090.43,72191626.89,-16692021.99,19060729.65,425542.78,67635251.82,-72448258.32,-36685847.85,-55347419.1,2918419200000,-45967713.28,-19123978.68,201049362.97,-14190071.49,-20560317.6,52913535.37,4205963262.26,83534071.93,89904029.3,33584174.78,127829897.38,-97639362.99,10180943.18,-83373604.83,86814794.93,-56476106.69,-89727954.98,-31199490.78,78662096.54
-23072626.97,25674611.22,6974368.28,-13025718.11,-52273281.44,127822092.94,-13697949.31,-95773607.12,8683108.16,-19492551553.01,-28739982.64,-61500492.76,6051988.31,28881068.57,-98856475.55,127826601.73,127828887.03,89635334.38,-70503478.87,127835481.84,127824273.48,128339107.16,74832365.36,49356227.49,-61948545.53,93798077.71,-60929284.5,21789496.58,-90008268.01,-52978872.08,-74901555.39,127820673.14,82503246.66,127834067.76,-25413153.51,58342997.43,-45165416.93,-91390500.92,23930983.08,-11705115.31,-12355891.04,-53934961.2,77853738.43,60476991.18,127824355.51,127826425.19,24346356.5,-43746267.47,127840270.97,127827850.05,-79960070.63,-18757925.34,-23956197.78,127830011.55,-14041290.75,128321897.07,127837940.74,64519481.91,28683418.04,217480108.35,-18326314.31,94418708.68,13223838.96,-22845021.69,15354365.31,127832942.58,127825952.74,127828574.38,75992946.27,-1724360.85,-11101455.4,-95858929.84,-29024012.14,28699129.29,85892340.92,-27990939.76,70459068.93,-40835167.67,-48204686.61,87986683.67,2988921600000,-28419439.69,40089045.37,855803219.05,-66931210.03,-22199417.97,53895099.11,4295620533.83,-52503171.88,86093224.03,-66667639.58,127832226.02,-3315693.16,-29054404.94,-50619199.88,-63948948.1,96943618.27,96033234.43,-3646576.82,-88879884.64
48259298.98,43076249.62,-76335071.14,-61211462.42,22788919.99,127821822.2,69262572.85,11523823.42,-73863281.76,-19492547987.23,15098929.44,46850473.53,42593024.12,-95425262.24,11437851.14,127826932.67,127828972.39,-75571997.6,-28550888.01,127837789.33,127825214.26,128348280.03,-87891913.61,10307810.26,-51674133.54,61476644.69,-11384460.27,-82864977.49,-35461392.05,-93883471.09,81811116.31,127819418.59,-45894042.11,127871624.1,37576440.3,-71840315.43,78250943.11,19348456.63,20869613.25,-85528083.46,-50442878.22,-51859547.37,85044504.76,1868919.53,127821933.59,127830233.18,-24299268.86,20742661.14,127846384.69,127828333.01,-13631683.85,-25248182.15,8443508.18,127827270.7,-67843676.16,128367230.59,127836099.4,-63325912.83,-52718776,416921460.4,-41437905.87,88061450.96,-66811668.53,99213620.07,-67490943.81,127830123.67,127828157.08,127830434.69,-54891656.61,84351780.65,-32869782.64,41552897.98,-87080247.37,-28299069.27,29795752.18,57013404.43,-42287089.81,-42894940.87,44778554.7,-58175570.09,3036441600000,-24346418.27,-36664578.66,348134075.53,17040702.1,-58173532.89,-71711313.4,4584719094.96,-23711196.61,-94209904.04,-90860020.19,127832307.83,42322831.54,-66299330.86,83474480.58,83144680.95,-56451708.83,17877724.9,32557550.3,71073133.5
62209096.76,43061410.9,-12918602.94,39140315.05,90503637.6,127823723.65,-55375742.13,9215552.31,-59231779.03,-22310864659.12,22990154.01,-97449269.34,-86999742.44,-310053.19,90520536.42,127829616.31,127827474.62,99256385.6,-38633925.22,127837808.66,127827955.27,128356216.6,74476166,15433144.47,-75706590.82,50494535.01,-68870366.32,10312236.3,8708283.29,53785854.12,-18449442.01,127820364.58,-11466665.26,127849561.85,32941845.13,75108901.44,-3085023.72,61870045.7,90950246.27,-47944059.62,8729797.39,13454883.59,-6834038.23,18373267.12,127819494.3,127832851.72,62473045.31,97982066.41,127848669.19,127827213.42,-76895140.12,-33223884.8,57197145.62,127825103.14,-18696213.77,128455581.52,127834341,-43217083.26,-41050543.86,1560758.91,-36654393.5,3999436.13,-65712762.4,67643646.89,-14338319.52,127827110.72,127831505.26,127832265.79,-16006012.58,86311219.68,12607236.11,42486516.69,88231868.19,63150040.05,32329269.74,64621042.63,-42059186,13850280.1,33354363.11,10722909.75,3059856000000,79750466.8,-76750725.75,1031845508.01,-7088094.93,73134267.83,-31066159.95,4458455800.45,19866255,37022294.26,10113800.97,127830009.85,23677939.3,-63606998.58,1577805.18,-62555214.44,34239912.22,73060205.44,62496653.08,30677954.41
127825464.93,-14372310.62,36302878.55,127830524.62,82226439.62,127825378.32,-29621764.53,54107704.33,-84699704.72,-34176635.38,535720350.71,127822168.39,-48586463.99,-95652093.74,-77565249.04,73814314.68,127833874.69,58327866.24,-32784350.85,-70097998.42,-7870682.53,91630754.47,127824594.41,35090486.48,-63000383.2,-37316157.57,-62268285.23,-98747012.13,92267485.77,68063014.59,46937232.87,-75485751.93,17557038.65,3058387200000,-76168551.51,-41744893.56,-20343438.35,127834724.54,36436091.43,-74382596.45,-11095547.68,128363900.87,23120469.87,57950046.41,38247073.13,6592050.03,63599277.1,-4934234.9,83267180.82,-58583278.62,-85673337.6,87713480.83,-71364111.29,-4483562.53,-30628346.53,27158744.27,89810053.54,-83402245.77,36506832.82,-81053912.75,127832900.17,127826603.78,-78675352.25,128084066.23,95895146.55,-38717137.37,61226833.17,-24999526.15,99590124.39,-87755857.33,-36843806.56,28993450.47,127831082.91,4458452104.42,26259900.52,-22558560.35,49734306.16,64439309.2,127826408.9,127833896.42,127822323.42,80200627.55,128466909.63,-30269538450.7,-43648811.08,-19561838.13,-30927557.44,47636095.02,127832995.19,37978319.46,127818726.02,-67665000.84,19540002.92,127825656.72,127871194.27,78039013.95,88371018.16,18156422.11,-64132153.08,92930493.11
127826005.67,-52798588.91,-19040325.14,127827987.56,77468102.41,127824432.64,11620734.29,-44074741.39,-36499203.04,89620611.91,361331857.79,127823974.73,-11948816.69,-20589744.73,-89566608.59,59378787.92,127833780.6,13719720.87,68041969.79,-62320550.18,41599187.67,44706126.7,127825769.78,23067341.23,-50557747.02,34509753.1,-28493310.64,17727824.33,-61608767.7,73861159.41,-28770071.15,-95289040.73,-98547705.54,3032121600000,-24012193.19,96925273.99,-10520193.7,127831358.56,-72710529.1,-67416082.95,62038407.54,128372316.02,82874876.76,47672352.37,-73994346.16,-22890758.56,-19600579,-75266167.1,-15382419.84,-28625510.71,19304479.49,82623494.93,63249456.89,-23068916.54,-740330.16,-91461394.6,43346853.03,34059810.54,38275948.99,-43550748.27,127836073.05,127828920.32,21512065.38,127971560.44,-65658595.39,-90411651.5,47973438.62,76181466.63,-92083022.93,37199867.05,-46390846.36,-86228954.73,127833212.19,1003232702.9,40221050.9,10024069.16,-67053871.7,57342485.72,127823213.97,127835104.14,-3327391317.74,-26535779.39,128385860.78,-30269539105.45,-37588125.02,7547251.11,-24093815.05,56681396.17,127831042.92,27709655.83,127822301.97,-42222015.47,1747634.66,127824872.8,127880100.05,60512315.04,-11884667.69,-91697154.98,24301981.25,18088650.26
127828451.29,-33057680.48,-62252486.9,127825766.44,41146422,127825320.93,-75026062.56,54518852.15,11350802.31,-63826710.96,401100258.83,127824494.89,-19682292.16,-17425114.57,-38172009.98,-31381617.68,127832338.69,-99514011.3,-33832828.2,17534758.7,-22539052.51,98687790.39,127827585.97,45841190.17,-40968034.96,45307348.58,-36542257.18,35848856.64,86069423.94,75457452.82,22093430.53,-16417449.96,-32128058.95,2982009600000,-20159662.19,47610912.97,4063923.23,127829247.88,-53824244.53,28117100.72,48116502.47,128370190.26,-96978840.81,-10763316.23,-72852881.62,-94099529.74,36814025.67,52049067.9,22469867.42,76594208.94,-7642405.95,-82746899.73,-11530478.82,89535264.07,-99709069.45,-91269516.82,-50173528.03,99882619.57,-85190566.17,-66040993.52,127837532.83,127829547.09,-69483517.25,127923933.49,4344354.76,52284924.29,69233643.57,-94624806.1,78802641.45,-78165606.59,-44029234.39,71077080.02,127833130.27,1003232638.69,-18645884.53,5999349.57,-99493891.46,3985299.66,127821817.37,127837210.11,127829380.8,-33320875.53,128333762.5,-31344170370.69,45200714.53,86434693.11,-9436017.19,69698612.76,127828175.42,-50886801.65,127825857.63,-49370989.66,29777177.63,127825756.62,127886745.21,-61930438.1,-8282543.19,-24873590.89,-60446984.33,-4846483.89
127831785.33,84521184.03,-8384227.28,127823635.82,39037030.3,127827864.66,-45972720.58,-70769082.28,-97795716.07,83818290.96,402412754.78,127823498.77,-48893336.28,-2423396.22,89242251.89,-93942295.7,127830564.81,55141742.43,54797697.77,58605665.37,33885846.61,-33544078.91,127828616.05,85178309.43,-34499582.26,10956557.76,94602232.9,71807210.08,97087387.14,62609738.01,17740357.87,64467220.76,-84381061.07,2909174400000,47481856.93,-28339035.35,7207916.51,127829220.12,51760255.15,-64963434.2,-94382217.31,128380182.41,-68335883.16,-8312855.28,-88539027.2,-97338212.8,75888941.87,-51456561.72,-98702630.04,36649300.5,31417468.47,-96211596.26,-54107496.22,83238763.49,-81822065.31,-55218408.92,41965308.39,-67644269.86,-15960112.97,91995515.25,127836788.82,127828474.05,-43582326.16,128519803.83,32631250.32,-23775935.17,-40277185.1,48606373.61,30922730.04,-25530350.77,76820894.19,-75531635.03,127830678.86,1003234763.57,41876328.8,48033302.63,25890576.26,57368442.2,127822610.35,127838795.04,127831739.52,45702503.5,128442683.14,-32835368862.89,56575413.58,-45723501.46,76131716.78,78707163.85,127825893.07,66808912.7,127828994.68,79386280.02,53381736.09,127827838.07,127954424.26,43780114.99,97645259.52,82219895.5,-85063861.95,76778106.26
127833815.21,-62688615.86,-38076615.5,127823760.38,89643450.39,127830851.32,-70191752.88,-19507734.47,6177293.42,7356796.37,582556072.81,127821519.41,31937757.63,71066993.89,90009230.46,-51452753.13,127829993.49,-90793.99,-70249841.03,-43798777.3,54597578.53,8484338.12,127827893.33,94013801.63,63017739.71,89706870.49,-45276710.03,-38181996.69,63006215.61,80750500.01,-21917966.14,40306368.44,-95339997.64,2816380800000,51916207.36,65475844.55,-64152053.42,127830678.47,39805693.07,-1749100.42,-24327478.75,128375378.41,-78947877.15,-36450829.48,-72979928.94,-39178240.43,1880187.6,-25259594.75,79128914.33,-17217004.91,-24249491.44,65087447.1,-45960422.87,8836724.74,21605388.21,98292561.01,28932970.84,-80709587.92,-25147416.79,-66322496.9,127834041.54,127826711.1,-2370364.44,127916251.2,-43353675.57,18355030.2,31239243.69,-59687039.54,37075809.04,-53454417.01,93219975.1,25065021.71,127826922.12,580219653.57,-35083715.08,88539608.74,21786975.66,-59104740.04,127824800.48,127838620.33,-295186456.88,-67695693.78,128371507.25,-39061404093.45,73617533.76,26002815.05,27294489.75,-53424142.87,127825235.45,62429361.89,127829978.5,74830775.38,71453373.6,127829807.52,127964849.66,-46460645.71,-83134714.46,98685284.96,1585354.87,97985685.85
127834076.3,-82237877.61,-4390773.05,127825755.86,97517647.68,127832709.01,-95863640.37,97043110.78,95600605.43,-76586535.6,381880448.29,127820010.24,-15710432.1,77361120.57,86359006.96,-28479929.27,127831142.34,40296822.83,-551960.64,62148260.68,69285454.48,81827756.73,127825535.52,51615898.12,-10719981.14,-6217256.96,93308354.76,76871004.42,-75132411.34,147214618.45,-60560034.85,13614618.24,78130926.85,2705270400000,62952649.03,-30597628.3,95429007.27,127832304.99,-70375798.2,85546642.4,-16513093.96,128370341.3,41490157.58,22305114.36,-20703161.32,-82811110.01,-96283070.39,95337582.68,88740038.48,63126703.33,-17490492.42,-41721493.58,10563492.36,7189436.89,-14196307.81,84219863.35,88437234.26,-25994079.63,-39247092.49,97605921.15,127830806.3,127825701.59,22057656.67,128146971.32,-92109240.86,-94205678,-56760624.97,56814183.75,19593406.45,59072971.09,-88960797,-32649351.31,127823636.81,580222106.66,76835722.68,28050897.24,-94029110.47,-55280036.15,127826931.4,127836379.83,127829567.95,-8923309.01,128305499.67,-43934271702.47,73750480.74,-94778141.85,64687810.23,-47851000.83,127826274.82,-59800559.61,127828916.29,-46459884.55,98074244.38,127830278.94,127997815.42,46185564.43,-77201947.55,81839954.34,26865812.64,78673269.9
127832768.06,4054803.27,-45031229.26,127830010.81,88378743.83,127832371.76,-66885459.55,-98177843.27,13852387.16,80669422.98,139965689.65,127820278.08,-38710451.03,-61641441.1,23766621.55,-81361602.01,127833425.86,73333726.5,44711001.9,-62621254.15,-73991.07,-15167215.14,127822705.8,-83342131.36,86215135.61,-11288725.54,-40504081.08,-29969371.01,-182797.55,233825649.21,17580880.1,45661310.41,-78195404.27,2579558400000,-90245132.43,-68634172.57,-64740105.11,127832921.03,-52787725.02,92822889.19,-74968299.59,128383428.18,-63645744.82,-86179375.2,69046978.36,-44586408.11,87758147.89,-44939577.31,-11729220.29,-93002894.38,27580476.44,-55831226.86,96215071.73,71729131.89,48347482.38,-21951353.4,25495457.34,46207964.6,-92410977.27,-12970569.61,127828753.52,127826405.22,-20144128.75,128096583.48,-99401449.26,3933598.98,49300068.16,9500758.18,25250907.74,-92980717.59,16743678.9,53740804.61,127822351.1,580222827.98,-4768555.19,-65897453.83,-4540925.52,-2817990.06,127827721.38,127832937.16,127826457.18,-83019785.06,128497082.09,-46457303115.23,85036237.86,-67544733.14,51259863.09,-96304855.91,127828109.93,8809488.21,127827355.07,96380745.35,-80810873.91,127828616.87,128025867.21,-7234302.95,-46726869.98,79282899.91,-97162261.45,-35360245.91
127830689.75,39202592.47,-18163752.99,127833359.51,10184045.93,127829772.52,8901705.49,46311479.47,-87798997.89,49053480.7,797984211.97,127822466.78,-4885976.5,333660.61,-88235641.31,-37911349.45,127835712.36,69449643.1,49490662.48,26317090.14,60601134.33,-53670887.52,127820990.76,74241902.52,-16037637.72,63029966.11,-95950970.05,57671870.79,-13317258.07,226861733.89,-94293460.05,22560524.52,66110652.59,2443046400000,81848751.1,75844878.43,-75406787.48,127831780.7,94332916.17,96792932.91,-26446661.63,128405047.76,37158189.99,-25640963.18,-62010896.11,17741483.12,40145058.62,-66335938.25,43892282.2,87500264.96,-75065273.8,-67344116.59,-6855633.96,-79217581.14,85780925.91,95650126.71,-62470057.37,-95486740.79,81908962.44,-80148737.35,127828457.4,127828713.94,9373231.74,127949221.53,-78152265.53,70934266.34,95592294.95,80273180.93,-86719737.72,38185464.72,-51080086.69,-35095554.09,127823368.71,580221806,94008580.23,99647697.27,61977892.36,-72263936.36,127826807.22,127829902.36,127824018.66,59813416.71,128607825.1,-47441998745.97,14094666.3,29363301.38,-34466546.74,-6063287.13,127829258.99,-78996444.4,127825386.54,-43221685.08,-28682106.74,127825353.49,128039678.8,1395103.67,83991531.19,68813954.45,65823147.46,10122550.91
127829613.01,37413453.19,-81866790.75,127834497.64,-75955400.73,127825916.35,-43943816.39,-26808850.77,16664946.04,-69953563.97,871966451.56,127825551.33,-7654502.35,-47670293.95,15680307.4,-74071352.21,127836882.19,32787159.15,68059798.85,92572731.56,59226737.78,-50098812.06,127821489.69,75628294.35,-48176655.32,91726419.69,79130835.16,-39332917.49,-25883173.05,257779487.98,-23836369.67,-9614269.91,-30130022.09,2299363200000,-86145280.67,-8567231.91,-98906627.31,127829769.6,25567457.53,76239889.7,-25713464.36,128428136.31,5471830.86,-68308210.43,7291982.33,-83176549.08,74722227.82,-63206783.59,51853857.46,57297117.44,-8177794.47,-49050179.96,-22514287.34,-64515994.78,-37130318.01,84704180.56,70895164.72,-10105455.23,-78931891.68,-55033038.33,127829346.66,127831423.34,-76131558.41,127895729.31,-80964438.75,-94790100.78,-83306697.66,37573990.3,-75759828.5,35248929.8,27313496.63,-41246690.17,127825654.88,580220061.07,23599431.72,-56689196.58,98694936.46,-63513956.24,127824919.44,127828776.43,127823342.15,1399881.96,128556360.69,-67447535760.64,-89670508.18,11206984.79,97602545.82,59604945.46,127828556.45,-20706359.82,127823454.29,76047068.17,94631803.57,127821951.54,128041775.8,-31908993.11,85131753.87,38023795.82,-10923348.16,-38432108
127830750.94,-12486730.59,47709596.54,127833563.24,-64971652.6,127822746.02,-66023741.03,-51719647.75,-66929747.92,-2727209.04,687922005.18,127828918.58,-5585054.46,8673535.26,84067174.69,-36890245.9,127834851.54,-25118469.88,6063926.84,-76471233.99,94623217.43,-40686567.03,127824256.74,72865832.38,-47122939.15,-53797109.72,-25463589.28,-23329406.8,-45563489.29,266830417.2,25456851.63,-71445722.31,38001484.72,2152828800000,41648220.02,-57130233.69,50072270.96,127827246.42,56353646.6,43051834.49,-61426371.53,128445576.84,30751041.8,-19479061.93,3571921.16,43538675.25,78050403.37,66985692.68,-56810802.74,-4171328.12,70774730.15,10709647.63,96418111.71,-41272135.51,45234717.72,26522885.34,22616453.02,43636887.63,12709581.08,58972494.04,127831726.46,127833095.71,78137322.53,127970783.48,38193621.47,66366099.58,-39058156.5,15918234.8,-75389611.99,97872484.93,72232866.74,81625318.32,127828033.89,580219004.83,-53630910.83,96983829.82,49834013.08,-53793894.55,127823520,127830087.66,127824430.49,35238297.35,128534436.95,-67447537976.94,18334989.67,52382438.65,-26275508,-91120518.75,127826432.63,-58460723.6,127826104.91,47211469.86,-12670502.2,127820037.49,128051415.36,59538320.33,43136338.4,36746066.44,-71380819.64,-68497042.63
127832976.77,54100030.6,-72739516.75,127831130.98,-63182522.29,127821553.83,-496526.59,51355708.53,16335503.89,-56924762.21,438916926.44,127829765.47,-28239470.1,8660873.25,10199394.65,41821009.32,127832013.78,-88236590.63,99286668.99,87169575.76,34132305.24,-92292769.83,127828098.23,-25300503.29,78498880.73,-81483445.78,-48066146.74,22838271.65,-89128862.2,234267919.62,14793273.97,19105432.6,17593394.31,2007676800000,-61143039.51,-78468024.7,-11719190.34,127826431.47,-53580574.13,53861415.98,-62996834.35,128445059.98,-49540668.21,-53187612.75,-39867727.63,-10490235.26,-69015669.63,-9523403.51,-40562330.98,-64408142.65,4064146.02,-60587449.83,15495798.22,-88442171.09,380635.81,84215295.86,15418361.86,-28008500.84,41305733.8,99157533.61,127832224.03,127832547.86,23528353.49,128326916.64,15956689.3,82773481.65,-91353706.41,-21840936.05,-5866357.64,9064879.38,12298763.95,63167007.35,127829036.26,586597481.96,-56841042.07,32161622.97,82467713.19,-71860172.17,127823796.21,127833261.43,134204158.63,22531995.7,128452808.67,-67447541315.02,-73477110.88,-61848150.5,-11356988.96,-57799484.27,127823866.84,88400606.38,127827726.39,-8491178.79,-28879181.74,127820529.42,128072509.41,19576954.39,-47056149.25,60663315.94,332591.91,-8463806.06
127835049.96,-39327410.48,68021106.57,127828739.58,-66917642.12,127822687.61,57759130.43,12575672.52,-96871179.17,27630873.07,384434463.75,127828378.64,68881887.89,-13345546.8,-14386939.35,13226420.64,127828056.14,64273314.08,-27333948.42,-84514029.97,43797492.72,-61049450.71,127831297.03,73398458.58,26911111.67,-55490844.29,-46219213,16070307.18,-93631572.22,225698818.73,-82322708.06,-88133859.77,-56908059.35,1868227200000,69785958.55,39859333.64,-95279719.32,127827726.79,90414652.53,42930073.22,-3540236.53,128441438.97,20829649.89,-46282413.55,-75142692.96,-20809377.23,-6547705.66,-67426774.71,-7127051.91,-31036423.97,93499804.49,28851579.64,83022333.22,-66925432.99,73932400.21,-48660077.31,21168618.65,6622936.12,84993386.31,-23964596.44,127831456.1,127829809.52,1812837.76,127936231.98,83708555.03,88286199.17,38357405.62,47750258.91,-73198380.32,32875401.25,-48169952.85,-16321466.41,127828287.96,535210588,-42398783.47,-28914439.29,-89788889.49,54888345.83,127826037.51,127836730.87,76438417.55,-75555835.86,128200108.11,-67447544165.92,82195727.37,-62885006.75,-70861264.97,44928854.31,127822408.9,69597870.52,127829053.71,69916724.61,-23371466.78,127823145.28,128066725.43,43532921.29,-60995132.92,-18217422.29,59589161.86,10924436.63
127835828.22,57102702.99,59391222.59,127827757.13,50510972.2,127825308.54,92203569.54,-38137960.96,79800905.01,-15485004.82,456372296.54,127825122.87,52506547.69,-45001871.96,75840309.06,14831209.89,127825604.98,-5710974.97,58988074.37,50163423.77,-9360677.46,-85587959.39,127832479.84,16178183.79,22881243.85,75659697.53,-67008832.22,-29842276.86,7367654.69,223350606.41,-72074626.77,-40480296.44,-28953619.53,6058195200000,30484046.25,-51744.46,-51003179.48,127831070.84,-12451092.78,36172068.39,-56576298.77,128437802.81,27703141.25,-84213004.21,-20487333.55,-11450049.12,33058772.21,86888758.65,-82870219.55,-34809679.19,-21830543.65,56351358.49,-88213902.25,-41052294.2,95920652.01,21380377.94,-46548947.3,-82309042.09,32971789.69,-24560028.41,127829314.34,127826068.99,68570247.24,127947231.96,-85885664.18,87644260.19,-36662401.72,-55598335.71,18000190,82439436.42,-55702849.64,26217215.75,127826544.86,552028098.87,-2568455.4,6464037.03,-28545270.85,22356108.73,127829371.68,127838855.43,144641969.42,-12193582.84,128286945.3,-67447545053.4,-20442055.39,42016416.73,-52229495.09,80028572.62,127823141.88,-4570882.1,127829639.53,-44120687.62,-8276327.7,127826565.4,128068671.39,-60675764.61,91472370.17,27726432.8,18797202.62,-29667130.54
127834522.37,-71001830.63,-64697136.95,127828550.17,54879921.86,127827879,37909594.74,-12973195.39,23971274.49,82493191.43,687157509.67,127821894.62,12024670.52,41795565.12,-20025295.04,-1334019.15,127825559.75,-33092457.17,-53461662.28,-40427111.62,86290589.23,85673197.02,127831322.42,57904930.63,-53256866.25,15502116.66,-8432515.41,-49627885.33,77721879.61,180739754.29,51310136.38,45578208.92,-80895784.52,5941468800000,-46919325.64,-13788980.51,-1501758.04,127834992.18,60427242.39,-90318492.32,37313426.92,128435749.76,-94501367.55,53929607.78,-76597580.32,-99994597.5,83733271.7,89381145.8,-7379545.3,-48053413.77,-47944855.1,-92080855.93,-96215206.53,-85260201.28,1486908.26,-94857969.09,54927534,-42138255.27,-1443958.88,-75475809.29,127827627.89,127823028.16,-92216072.09,127862626.54,88889313.6,-12959042.99,81493436.23,-24471875.31,6276492.78,-28004818.12,62918877.26,-23964597.01,127825195.29,552029499.3,-77997981.54,88858432.48,4859752.65,-35879772.63,127832193.37,127838877.42,127825022.04,-32304658.57,128406152.8,-67447543443.74,-71771130,-9670094.2,-97890246.93,48329469.07,127826011.27,33048018.77,127827133.9,-5481475.39,98488430.55,127829157.12,128004170.65,-68583860.91,48465670.26,7288240.31,11297923.53,-14693314.58
127831337.87,71239518.8,71979315.41,127829807.93,-43894154.5,127829040.01,84326970.52,-97888818.32,6844534.54,-78720987.85,250370779.17,127819850.15,-18787524.61,-12089988.98,88766004.6,-33409212.89,127827772.63,-94742950.48,-47198452.3,81974382.33,50178124.3,-29097783.88,127828678.8,-4956659.97,1250824.15,-48387675.93,93045062.33,33929919.58,65995982.28,183966879.79,11307416.44,15143499.86,-14777673.03,5841417600000,-38560117.32,73003936.18,77072201.32,127837402.42,-56438785.45,-24671768.71,-91855910.96,128430839.38,50127883.88,4937116.88,-70503076.94,46922090.54,84412220.33,28865608.87,73049927.56,32251818.32,-48617781.19,53926701.74,-72534289.95,891462.25,-3254297.57,49841839.35,17603687.65,-79731065.15,36024449.53,98557336.83,127827173.2,127822010.66,39109673.54,128263073.16,19828253.1,-65147155.27,50263552.45,33933625.44,23789714.21,-96055218.39,-73763027.93,76447312.87,127825411.33,551462355.88,70862141.83,-28368010.9,11839388.5,-53343559.08,127833026.23,127837245.29,127256291.77,-90519943.78,128221741.54,-69822375328.59,46119407.99,-44758281.85,70419232.79,-65439804.3,127829797.32,-25920889.93,127822705.39,-74708221.32,-34261854.23,127829855.14,128040433.22,-35155150.23,37508671.06,41505575.91,56130450.71,-54803291.79
127827819.47,98830831.47,-44355857.14,127831733.78,88546151.72,127828456.81,45802976.23,-42322647.53,29751046.64,76721705.31,571090907.82,127819956.37,-59637332.4,65341625.1,38034437.48,-22716436.76,127830774.39,-60453284.03,64617610.26,-59771595.58,24258617.48,-60254078.47,127826102.42,-65625494.13,56988327.97,37758191.92,-25437798.44,55249879.64,-28276538.33,223205229.63,63309105.85,80563269.75,18987500.25,5760979200000,-50140826.56,49697492.26,54731421.8,127837841.65,26844129.38,60084481.6,-92899450.7,128428013.71,-2523857.2,-70205323.17,-38574823.09,37944457.7,-17675853.34,74832747.04,75722803.68,-94448041.37,-7728321.87,19809428.73,-44154569.9,-64277709.33,90963156.74,96427528.96,50354983.97,-94147708.91,-54782771.03,34803521.07,127828895.46,127823346.41,34986379.9,127871568.7,-96890783.71,-10829261.23,86386382.05,58373107.13,-40534771.98,34767035.83,22487026.14,-70413560.2,127827572.64,526207539.3,54066352.84,-25944310.7,-43896566.4,-58606573.56,127831371.37,127835192.83,102569472.51,40649001.96,128390128.85,-71152022636.18,43675783.91,38111463.46,49463456.07,74452964.85,127832889.95,-66523767.55,127820607.07,-35938738.7,6343105.72,127828706.69,128013411.38,-14248353.97,47408182.08,-7070068.27,-13984710.35,4533113.42
127825814.29,17989146.74,36325493.67,127831628.6,23032059.71,127826787.41,-38770929.04,-83447812.11,23379160.93,-77713288.7,735105578.65,127821861.12,2177311,-25177096.53,18104273.56,77480069.88,127833565.22,-33173299.46,-28468657.13,33718863.61,-16359499.61,72338363.27,127824935.17,62383160.2,-89420511.79,25047365.08,98972113.8,73666131.47,25852447.98,220914407.26,-46538984.58,-6205412.35,-39259103.86,5702659200000,40002352.89,-82941229.7,90572287.08,127835904.05,-43331418.38,-49113201.68,-61360614.67,128443401.23,47841974.08,9465074.55,-90515953.8,-11666689.25,92227072.33,71106832.29,93777416.55,-70669447.67,90349285.86,71621798.86,-82637090.92,-3872829.63,-47187539.86,53136825.24,-87444530.4,36989038.89,74016207.42,-9665054.52,127832390.03,127826160.74,10979724.59,127855941.49,16793429.55,5052675.02,-92606403.63,31136986.16,-53613720.55,40800103.67,4377844.63,-65085967.32,127830718.71,526020938.61,-3757290.19,74435816.68,96790472.44,83091549.79,127827967.79,127834108.4,127639467.58,-42367491.24,128447886.23,-71152020451.84,92598501.53,37142802.24,94335550.01,-92808848.62,127833859.7,6114711.53,127820307.79,-70833435.02,75343556.24,127826781.7,127988075.67,22217056.22,82527537.41,-58197971.21,65561256.55,83314548.04
127826465.73,-31731658.27,-74492568.16,127829721.54,18343062.54,127825450.16,-574828.06,39662485.29,39650285.27,-25602868.18,1432826198.34,127825102.23,-4206116.32,58811290.55,-73776350.85,79581247.23,127834960.9,44189758.25,21005041.15,94723942.03,-53496733.6,40828622.69,127825577.61,-81162455.53,71415936.34,61058256.67,-93726030.9,-78467962.29,9497106.86,235711242.81,-31229282.15,26316550.81,-39839280.17,5667667200000,31132292.51,-17459465.46,-28147171.98,127834271.49,-75393711.5,-32828196.65,-48073108.86,128445622.79,-88415536.41,-66040459.36,49245375.64,48250468.6,34101435.13,-62162007.91,-92851531.94,5375602.67,-74498241.04,-64060576.56,-54297724.47,44917910.45,44393592.53,40998618.04,95928072.92,-55759428.11,9697823.2,-67010428.88,127837515.35,127828905.7,25228238.62,127833697.39,14258507.28,69006394.37,39229306.97,84362055.59,75565631.04,-21126209.18,34064600.67,48493278.9,127833329.67,19149051.98,-11114832.7,87078290.78,-25006535.86,67960795.15,127824414.88,127834710.01,-379043721.43,68664011.46,128318042.78,-71152020466.85,-60388894.5,-50190101.1,54203504.9,90328897.35,127832494.37,-79206224.22,127822272.23,44434718.96,-7073528.2,127825507.99,127973906.82,48622489.15,-57004167.16,33735804.6,57458413.98,-67994331.35
127829967.28,36469782.96,35271721.4,127826857.05,-2388250.22,127825638.61,-47337208.32,-58344636.97,-6322301.74,50332318.44,1060833847.79,127826428.74,-38215495.06,-70370667.4,-50923912.98,-44709234.11,127835132.95,-60589316.14,-98986645.81,-22572608.14,-95332108.11,44559212.57,127827308.26,48977160.12,-28126557.69,-33971134.5,-80798754.09,37648675.23,-33196911.03,238966629.9,29933833.98,-89990942.55,-98122206.71,5657385600000,-89168908.56,-78108309.24,-57112667.78,127832191.96,-505390.53,-89934606.52,-66108617.55,128440537.41,-10740980.2,13352815.18,-66098686,-57845572.04,97615932.08,-60615979.63,43379652.7,77117398.89,16542186,-34695706.09,40038226.92,89832409.11,89657573.69,-55740077.08,75840053.29,-35549787.63,-37981081.28,-54005092.57,127839832.51,127830237.08,58434405.69,127833993.12,-31052689.97,-34793811.11,5650032.68,66853007.47,8678477.56,12402482.67,77587744.73,95291479.15,127833978.6,-3368920811.2,-92352961.29,79836328.18,5312534.56,17902733.93,127822324.8,127836591.97,-3260240097.14,74391168.24,128247590.92,-71152022267.53,15362269.68,-81978717.2,-23734498.24,-64860728.17,127829701.37,8244246.13,127826173.62,73757994.37,43747958.82,127825816.04,127965181.14,44387355.52,-62765388.23,-97231028.67,85298511.92,-24012977.69
127833131.73,73739137.52,65986595.27,127824550.41,-1006499.04,127827618.68,67377706.24,-6879851.15,-90881762.69,97367059.44,443141676.42,127825814.65,5701694.09,-8617307.78,-66318876.16,-40794846.01,127833524.53,-56377889.88,-6714976.92,97997385.44,7872795.68,61782613.55,127828746.69,-3259678.99,-5322379.28,-79685285.26,-16645066.99,2817971.56,-7759222.85,246419277,16734966.72,-98423841.35,-31282947.9,5671900800000,82230670.44,5982109.03,51769421.61,127831203.92,-70909484.58,70817812.51,51698942.93,128433530.05,93124602.7,84156472.49,-4295766.17,92123926.33,44376915.45,44422125.63,-46895380.66,60010939.67,-98141610.09,45262062.14,-25812675.76,21929217.2,55832731.19,13657227.98,-43460547.87,31246270.35,-34534004.72,-30768599.07,127839400.17,127829741.13,83611074.58,127847347.99,3132886.96,43850109.06,57670914.6,12424744.49,-30150230.56,-69647732.61,-88913876.12,-57509975.23,127832177.77,-2956438418.7,-61441516.4,-45924036.65,-53208174.55,-42081279.56,127822474.04,127838464.03,540312649.81,-42976063,128196327.63,-71152024528.36,-72814144.56,-15734447.72,15176226.82,81907487.11,127827023.34,55598770.29,127830404.23,-12210855.08,-77942262.87,127827583.68,127951936.91,-87690701.72,-9551537.01,26631479.9,-39493152.77,35787653.78
127835687.8,33990865.15,90554141.06,127824179.89,-98804660.96,127830536.41,45063075.06,-12581116.77,58354396.61,79194939.37,856139645.67,127824359.71,-50402204.46,-56023558.81,-23964401.38,-47134157.68,127832188.11,68477286.66,39833209,-38010421.02,27247594.9,-12002631.97,127828700.76,-45610744.52,99995621.01,-486773.72,14372657.14,-71465854.11,95611580.44,222314063.05,-34948004.52,-83662768.84,48951577.86,5710953600000,94588272.91,28256622.54,-50915106.79,127832302.98,-86039053.4,-43789830.17,-54986550.28,128438220.55,28684754.76,36697608.62,24624714.88,50400923.2,-83748197.17,-59129789.47,51649949.34,60947281.05,58217924.59,-89511368.88,9685488.93,26960967.99,8831202.22,71673894.58,-91787654.35,-46012734.74,187973.14,71057996.13,127837473.74,127828130.15,44138940.64,127834438.77,-37728153.65,-53910717.66,67980692.94,-61843787.4,-37463843.09,-79330056.81,20444373.76,14434960.23,127828687.64,-4274477713.56,-36083558.81,35109706.09,51036297.5,-54427174.67,127824433.86,127838937.15,-1190209763.17,-13089380.95,128436781.58,-71152025802.45,91445797.67,-74462447.02,-86459461.38,-93024324.6,127825788.45,18429121.37,127831563.28,-67597046.04,-76194155.37,127829699.22,127904287.58,14841929.26,-93361433.97,47039312.9,73305806.32,-27529149.4