E4,S1JBSMKneyJtIjpbMzEsMTMsNzNdLCJvIjpbMTY5NDkwNzcuNTk0OTY3MDIzLDg4ODc5NDI0Ljk1ODA2MzksMjUxNjY0ODguNTQxNDAwNF0sInAiOls2MDIsODM3LDgwNF19wqc3NcKnVE8zLE1KMSxXRjMsU0M2LFVNMixYSDUsUU03LERNOSxXQTgsR1QwLFFRNCxLSTksVlQyLERBMSxTVTUsSkw5LFBINyxEUjgsWE44LEJYNCxIUDEsRkEzLEpPOCxVTTUsVlo4LEdBOCxUTjcsQlExLEdKNixaVTUsREs0LE1FNyxVUzQsTE4xLEtGNixVTDMsQVIxLEFUNyxEQTksVU84LFdGOCxISjAsVVMzLFdUOSxJVzIsTUE0LFJCOSxYQzIsUlgzLE9ZMyxSVzksVFA1LERRNixZQTIsTFk0LFlQMixBSTUsS1oyLElFNyxOQTQsSlAwLE5JOSxTTzMsRlQ2LFNNMyxOSzYsR1EwLEpVMixPRTUsSEc1LFFRMyxaTTIsSlE3LEJDNixSSjYsSVQzLFFLNCxRQzMsT0o1LEJOMSxMVDYsVEcxLEZHOCxQWDEsR1Y0LE5LMyxPTTIsR1E0LFBJMyxSTzIsSUE2LFZLNyxOQzUsVE00LExPOCxPQjgsTVMyLERPMSxLRDYsRU04wqcwOjQ0Ok4uMzAsTi43MyxOLjYxLE4uMSxOLjc0LE4uNjksUi4xMyxSLjE5LFIuMCxSLjIwLE4uMjgsTi4yNSxSLjI0LFIuMTAsTi41MixSLjMsTi4yMSxOLjUwLE4uMjksTi42MyxSLjksTi4wLE4uNDYsTi41OCxOLjI0LE4uMjAsUi4xLE4uMTIsTi4yLE4uMTQsTi4zOSxOLjMzLFIuMTcsTi40MyxOLjQxLE4uNzEsTi41NixOLjQ5LE4uMTMsUi4xMixOLjY3LE4uMTAsTi4zNixOLjM0LFIuMTQsUi44LE4uMTgsTi40MixSLjExLE4uNTEsTi4xNSxSLjIsTi4xMSxOLjcsTi4zMixOLjY4LE4uNzAsTi42NCxOLjM1LE4uOCxOLjU0LE4uMTYsUi4xNixOLjcyLFIuNSxOLjU3LE4uNDgsUi43LE4uNSxOLjI2LE4uNDAsTi42LE4uNTksTi40LE4uMTcsTi42MCxOLjUzLE4uMjcsTi40NSxOLjQ3LE4uMzgsTi4zNyxOLjU1LE4uMzEsTi42NixSLjE4LE4uMyxOLjksUi42LE4uNjIsTi4xOSxOLjQ0LFIuMjEsTi4yMixSLjIzLFIuMTUsUi4yMixSLjQsTi4yMyxOLjY1fDQ0OjIyOk4uNDEsTi4yNyxSLjEsTi40NCxOLjI0LE4uMzMsUi4yMixSLjksTi4zOCxOLjE2LE4uNTgsUi4xMyxSLjYsTi4yMCxSLjE5LFIuMTcsTi4xOCxOLjQ4LFIuMyxOLjQ1LE4uMzIsTi4yOCxOLjMsTi40NixSLjE2LE4uNTksTi42OSxOLjYyLE4uMTAsTi4xLE4uMjksTi4xOSxOLjUwLE4uNjEsTi44LFIuMTQsUi40LE4uMjIsTi40OSxOLjM1LFIuNyxOLjc0LE4uNTYsTi41MyxOLjUyLE4uMTIsTi41NSxOLjEzLE4uNzAsTi42MyxOLjQsUi4xMixOLjYsUi4xMCxOLjcxLE4uOSxOLjY4LFIuOCxOLjczLE4uMzEsTi4wLE4uNSxOLjIzLE4uMzAsTi4zNixOLjY0LE4uNjYsTi4xMSxSLjIwLFIuMTUsTi4yMSxSLjI0LFIuNSxOLjE3LE4uNTcsTi40MCxOLjcsUi4wLE4uNzIsTi41MSxOLjQyLFIuMTEsTi42NyxOLjQ3LE4uMzcsUi4yLE4uNTQsTi4yLE4uMjUsTi42MCxSLjE4LE4uMTQsUi4yMSxOLjE1LE4uMzQsTi42NSxSLjIzLE4uMzksTi4yNixOLjQz
TO3,MJ1,WF3,SC6,UM2,XH5,QM7,DM9,WA8,GT0,QQ4,KI9,VT2,DA1,SU5,JL9,PH7,DR8,XN8,BX4,HP1,FA3,JO8,UM5,VZ8,GA8,TN7,BQ1,GJ6,ZU5,DK4,ME7,US4,LN1,KF6,UL3,AR1,AT7,DA9,UO8,WF8,HJ0,US3,WT9,IW2,MA4,RB9,XC2,RX3,OY3,RW9,TP5,DQ6,YA2,LY4,YP2,AI5,KZ2,IE7,NA4,JP0,NI9,SO3,FT6,SM3,NK6,GQ0,JU2,OE5,HG5,QQ3,ZM2,JQ7,BC6,RJ6,IT3,QK4,QC3,OJ5,BN1,LT6,TG1,FG8,PX1,GV4,NK3,OM2,GQ4,PI3,RO2,IA6,VK7,NC5,TM4,LO8,OB8,MS2,DO1,KD6,EM8
63470089.18,51506167.55,-77515594.29,2105942.52,-72274225.62,27164817.05,130990874.36,164837588.99,2347228800000,151374718.99,51425129.31,37312434.49,131019636.73,130994655.73,-66361230.34,131002221.21,71956256.13,38842940.24,-98720915.25,-63094708.29,130997503.85,644595.67,-83957761.99,-89767945.01,-41441134.94,33072952.51,131005022.09,-67748087.49,73948523.35,-16153316.39,9167647.63,20771133.7,130998080.63,-56655494.11,89323657.14,-65238987.88,32012377.6,-12814475.14,61527606.11,130997082.84,-83757025.95,-2724487.75,2146907.8,-47984891.7,130999134.56,130990655.97,69517669.94,80720301.07,130994851.91,357093.14,-61909856.5,131010025.28,-36569910.84,41484690.24,-30759527.79,-61956941.65,-86393877.39,29669206.85,-63011226.69,-42846971.71,-66697476.7,18886618.94,130992427.46,-48217411.64,132166781.72,-95513626.58,-85363061.71,130998458.58,-54311451.83,-82851721.83,-68198339.76,65401214.08,-56097229.35,-2268461.26,11247960.15,7634460.12,-91909002.61,67793412.3,79619095.52,98410245.5,18208661.37,-58157958.53,48780742.28,-56690470.26,-4990196.12,164832591.31,-1579314.03,19185267.74,140657368.4,-79630255.75,52018779.79,43309448.93,151373244.72,-69127895.27,131016381.9,130995140.13,131000228.24,131010419.59,-18341467.66,-90442706.39
88371174.98,-66585642.67,10887583.74,91309602.77,77146851.66,-14070785.01,130992085.45,135601460.4,2300659200000,243476625.08,87395846.79,78013074.24,131018010.83,130993832.12,-1022421.03,131005527.6,-59269251.5,4700179.36,20064776.42,86630387.91,130998831.11,-21875478.22,-28516463.79,-76035114.39,11713331.46,2636505.94,131009315.62,-20413623.61,53954383.87,91210042.53,-54445743.94,-2946610.5,130998276.71,39477859.33,-11006232.79,-19670650.65,64443678.18,-66212257.41,89475348.01,130995842.65,94788332.46,-58870391.73,-89765170.8,-47600252.59,130999992.63,130990827.81,25026397.23,-88347570.79,130994575.79,-39936080.02,-84182529.76,131012375.83,485664.35,-33256526.95,36555805.99,98073412.89,-1796536.43,-95317805.68,93331943.53,38466721.8,5086775.01,80339930.72,130993753.53,-52834345.01,131255292.39,5051802.76,-98030988.16,130996395.92,96321761.3,-85266426.83,-99444319.95,93541120.56,-20896281.19,88092219.39,-54970611.88,-3729264.31,22648611.26,25371706.78,-27269222.46,-99832456.92,-91257844.12,-96851730.99,-60225109.95,19225766.53,-63144331.66,169436047.11,85046578.41,32485197.84,128582549.7,-36767629.93,89960213.41,-13778493.82,197427111.59,79787101.86,131003063.58,130992895.5,130999567.92,131013085.52,32263894.52,-62853561.09
-46496516.4,27732623.97,-59028897.29,-79591836.62,78141498.77,-71990813.5,130993668.73,133369263.75,2231280000000,134103466.1,-51996015.22,68049749.5,131018872.76,130992686.04,2146195.71,131008244.22,1669005.82,-90832949.86,-29628272.34,-34763383.24,130999601.02,90294597.84,44214219.46,90034547.54,-33545430.95,40270682.26,131015704.34,22202855.53,46155308.35,-10483927.65,60669085.96,45413073.83,130997841.11,-7006921.45,-54655326.42,70698317.19,11940266.12,-65643300.74,36168365.05,130995034.57,-41123037.5,-32144287.9,67222112.84,36112259.42,130999620.58,130992180.46,-76569801.77,4673121.29,130996056.47,87328276.8,-6108282.31,131014755.2,2244592.22,92310617.8,11756179.13,73599781.52,62984525.98,-89896389.43,-83327855.44,-14649297.79,-34791683.83,96990629.46,130995826.24,30754184.77,132331483.04,81886774.81,-94911907.86,130994107.51,41587116.51,-52023996.85,-85991514.59,-97587330.77,-65033656.7,-88866475.47,-79067876.45,84885385.62,32493215.06,-29846438.67,72369733.09,-2898722.02,-89746536.08,-43775192.73,20778231.35,-85015076.58,99837147.28,171807355.72,53157977.06,-79953679.31,135093533.39,90876737.3,-28894937,-74410801.57,176322143.91,1416093.48,131007240.75,130991156.04,130997808.49,131015807.61,87519536.82,-17241715.99
-98092400.34,-30760425.34,-89209706.23,9851176.24,-54460085.37,-84286609.5,130995294.63,178520718.03,2141078400000,160740536.68,90132204.32,59439442.77,131019069.14,130991622.97,-76193648.37,131011239.19,-85884815.16,-27274502.58,-27792479.24,19243536.27,130999336.79,59622032.95,-87997469.66,33815964.39,30478906.2,-85526654.95,131018516.32,11626573.24,7018782.35,76035862.31,-77064662.7,-36566110.94,130996650.83,-93180897.47,85894768.75,63163113.26,458756.48,12535860.98,65217834.34,130994690.98,57720076.53,42442268.14,-66730231.22,-51939827.6,130998385.84,130994167.55,-31707471.94,96333025.1,130997176.56,32216023.68,17152502.39,131014311.85,43775339.92,87783385.98,-83080169.4,30054939.08,-55226596.4,-8284138.56,51710475.06,-34112382.64,-64736756.96,2082737.71,130998219.57,-84117645.15,131681091.77,-77112882.22,64418976.89,131010929.85,97030156,51931413.14,-12717775.12,64921143.1,94762083.33,-80148625.03,89872995.1,-70864503.44,-88688066.86,11479320.14,86011205.51,55600225.2,-7072910.49,79516761.94,86520540.75,35041813.93,-12593372.36,219330335.99,-97001034.09,-9855428.37,132162401.6,-58471897.8,-20395604.88,98754141.31,172429154.28,-94789443.66,131009215.26,130990564,130995541.99,131014484.28,20548954.44,-48085884.63
-34988670.24,-98466254.65,84005516.69,-98516605,33253966.66,-7668562.47,130996193.96,139135333.61,2032560000000,998993050.41,31224628.1,51504264.76,131017769.34,130991075.43,-34026044.48,131011692.78,-94892488.05,-22387154.33,-31178999.29,25088230.21,130997929.19,13762657.94,41704421.9,3527954.29,67299604.51,-89877755.15,131016678.05,-25772861.4,5439401.89,35591302.48,-99339847.48,44163503.8,130994659.12,7917947.93,79795358.75,77087913.88,-63108896.2,94444661.25,-89216976.88,130994279.98,-10599962.02,96019061.54,42152829.33,-57929503.79,130996739.41,130996339.2,11439941.52,-31570816.2,130997989.99,-98126857.96,78052278.69,131008103.37,-92653819.18,48571572.19,-44540585.37,55746609.29,80491737.52,40141285.61,22864206.24,59999231.05,27720405.54,4625990.5,130999912.11,-75911574.45,131080115.24,-12436560.6,-56192991.76,131010106.42,39314702.69,36690051.01,-58099334.59,31353363.61,40553146.35,96534894.4,-21946648.11,-31765095.59,49899851.69,-85628739.94,-5002339.82,-27077841.19,91788844.18,-45037715.06,61281001.7,11036207.67,85639732.13,227468405.43,-51833411.86,-8295109.37,132161839.33,-60706138.01,-30726727.68,-57644487.89,337743384.76,-63805479.99,131002168.95,130991165.08,130993520.86,131013139.33,-99205467.79,88917133.11
54126460.53,34580198.65,-25005401.02,-74168722.08,37203152.25,5469295.81,130996490.62,130997811.28,1909180800000,24349743312.93,-49744259.84,19219246.49,131016560.34,130991527.69,-68420912.32,131012892.35,-15710481.76,25653616.56,45477610.52,48443184.69,127263129.51,70387475.72,-77920436.85,39946095.55,13849828.29,25412803.29,131014243.56,-64637538.93,-11397335.41,66509134.98,-24633574.42,10545921.13,130992477.17,-29660374.95,14024656.14,-40132833.67,-68461622.15,97354985.67,87358925.83,130993561.82,-80848643.62,-26186711.13,-92621749.49,4205462.96,130995297.29,130998123.68,23298958.54,-70413894.72,130997789.75,97791635.44,9006436.53,131006587.35,-47229212.73,2959220.51,40848721.94,58740868.68,-16488428.04,9050199.78,-68434023.14,-40079651.79,-25030823.55,-49850451.53,131000419.19,-1983765.57,131055576.03,-62866233.13,-9502080.33,131010260.51,-54361197.9,-77900787.56,-2925130.9,58839525.02,99976341.52,6644169.63,9427617.07,-90122152.21,-26067928.02,2004094.49,29152977.73,-68034578.37,41021458.73,-50262657.93,-98531829.64,20669344.84,-44048867.84,227469786.92,-95983085.78,-37820421.33,119141155.57,2910668.52,-42727782.1,-28412518.47,4339743997.06,-41918688.27,131011361.29,130992669.57,130992315.7,131012346.86,57795980.5,-6754680.66
-67683994.4,-90619554.58,57600613.77,76176157.67,-53237226.99,88201092.78,130996874.8,130997248.31,1774051200000,49884079815.74,-75652367.8,29276264.76,131014341.14,130993097.58,-66332968.62,131014383.56,7023955.57,-12609027.51,-84294648.17,-37105502.59,125210125.03,-82049422.86,57015633.91,9303920.52,-13180415.75,11098279.69,131012007.83,-27681066.98,30834415.45,-19259692.3,66941807.62,-97501521.66,130990956.25,36124694.23,-75338240.29,24558396.7,65459178.01,45518578.07,-76221530.88,130992644.95,-77188234.86,-14791546.56,41918293.08,-48336696.1,130994439.38,130998716.18,6371665.05,-88851016,130998773.58,-1741570.56,-59810318.63,131005698.15,27512567.17,56143293.54,-78828456.04,-44880776.23,71716900.41,59888344.37,35975346.5,-94178948.73,18130892.26,57647542.84,130999698.34,-1400383.39,131034272.62,52398846.84,-27205202.7,131011026.14,-60866781.32,-31684718.14,-79730919.32,-86598057.89,8041604.15,-57785552.87,24137630.76,-93922587.97,-3250648.37,-17497272.57,52060602.31,40008119.71,60116139.39,29482164.61,16224998.61,-51838936.02,35785590.76,227471804.12,-95490124.27,-72690302.04,110026669.24,60147853.22,91050045.14,94017870.74,10846077912.6,10260928.29,131011363.06,130994489.73,130992082.21,131009819.99,6092451.79,79069543.4
-29781652.2,-73805388.54,-92199402.81,-24487770.36,43664786.1,-32252311.75,130997481.1,130995930.15,1631232000000,2170130993579.14,43275024.78,-33732891.44,131013577.84,130995396.17,-86752943.45,131015341.2,62211916.83,-11381464.15,84625572.94,-28898569.93,125208483.48,-75841875.4,-10508282.7,-96899457.4,42172542.53,-13653045.58,131010054.39,86695141.01,-54469317.18,-87309413.91,24940021.89,62881535.27,130990605.77,-16260763.57,-21900243.37,53564007.4,90282546.27,-48823616.98,-70118721.7,130991810.74,-4724631.71,33379307.86,43119277.49,8269131.01,130994055.61,130998484.92,3209380.83,14449629.82,130998942.01,-20359214.44,84842469.8,131007092.53,63510092.59,-22592651.81,21990392.76,84779895.42,-10817227.31,-92820964.34,50193664.87,-75929293.81,96580353.85,-77496486.9,130998086.67,68340808.86,131016546.34,60789781.61,29385297.08,131011907.48,-65941240.27,-69449958.38,-91393019.31,-93334535.01,45552902.42,9442474.91,77660085.85,3276678.68,-18087524.91,-16590129.48,58894112,-71860389.05,-38516426.65,88091000.32,61894885.9,-46535650.4,-85825624.79,227473892.87,68563605.28,-1503921.3,110026372.86,-27464659,-89731635.85,36919190.9,280756692568.59,71738674.57,131020829.27,130996014.51,130992555.2,131008003.67,-68710757.47,-19430829.11
-92942219.43,-2348895.1,37598222.11,-40716617.62,-70078457.36,41302438.87,130998317.73,130994033.57,5805302400000,310130994249.72,-28818779.1,-79591792.41,131010595.73,130997709.3,-85640975.38,131014432.79,81390331.69,35610597.55,35830936.9,81344256.54,125207901.61,-33953304.26,63472209.3,-52355390.77,-14853358.15,1640586.38,131008039.12,49953706.68,-32173564.34,60530668.36,63372762.45,93731616.05,130991525.23,77233773.84,75703837.91,67168187.37,61666962.7,-91387712.02,-8955713.22,130991557.33,13629547.51,-43809516.64,-14717943.11,-3270991.93,130993807.49,130997534.74,-50449685.68,-63990459.64,130997332.85,30125.94,-55184886.55,131008560.72,58129118.46,-93562947.86,-56922172.83,36740124.24,60738713.49,54482812.53,-81118837.01,-38343290.66,40489924.61,-31188105.89,130996212.68,-7578905.1,130999406.49,63046320.04,-49396443.8,131012571.29,45941167.21,-74879684.57,6138243.95,-31125401,-90527408.96,24483325.74,-23220379.55,-93822080.92,79142707.56,-55630794.6,50945903.52,90819718.28,-89253357.54,-78997230.29,87886617.79,-69866280.16,-91962291.69,227475335.4,-26703751.64,94225874.27,110025982.42,61491866.03,-23426782.1,-31266862.59,284020504090.74,-85580949.07,131002415.9,130996928.66,130993260.52,131005787.5,47035861.27,603550.02
91192193.31,13543846.84,56317664.93,-8764037.91,-61908925.56,-64680243.81,130999074.69,130992114.75,5659632000000,310130995615.12,-52794319.39,14415322.59,131009269.06,130999321.99,43613061.52,131012662.08,-98462053.77,-71785685.24,-29315013.52,66280010.01,125208347.5,42566769.95,48372533.62,-36231583.93,-36700302.05,-20649153.57,131007110.55,-59072133.89,50853609.08,69532663.68,-28094590.84,-91183144.63,130993337.3,-72380781.56,-4636862.69,-9032891.49,44234150.07,-26713634.32,-11009329.87,130992289.03,-66020210.89,-19417556.23,-99427527.82,62740106.03,130993387.13,130996535.12,30863568.93,34735573.25,130995065.45,-91550260.56,-69751935.3,131010316.65,6889639.53,-46395996.45,-45074130.17,16071532.77,-80884105.93,-81076942.79,890505.19,-36072204.16,-92585989.15,14959504.04,130994699.54,-99865927.78,131001181.28,-63766759.74,15580329.09,131013012.97,-33874364.1,20713881.68,3899651.76,-94835374.7,-72858557.37,9054697.92,-76962296.56,-79582368.51,-15061582.61,-65620111.99,-37419383.3,68930168.09,18262319.38,99328607.32,-92890182.43,-11592828.6,71212440.95,227475598.16,-44672887.1,-73540074.43,110025168.63,77078575.63,27133104.75,-77285155.56,286631553219.91,-5610084.01,131001870.83,130997317.85,130993815.96,131004747.08,20096463.15,-53664777.58
-2626076.81,-37146304.26,-73676411.63,7241361.59,45020380.79,78990310.83,130999259.08,130990875.67,5519232000000,4098997500.43,66176472.67,-6045754.97,131008989.91,130999827.85,-97186478.99,131009932.86,-36270732.64,-99691589.37,-42421879.91,-11805456.36,125209406.67,-47285648.78,-78899495.98,-28088964.2,-40981509.02,42040651.55,131006465.12,21581082.29,-53340128.64,-49114725.08,63976495.29,-63415631.47,130995369.79,95553562.33,-88366728.91,11713302.36,47773308.02,-94523390.3,-22956345.11,130994039.33,-79290490.7,-61610854.35,87557548.87,44049499.04,130992753.02,130995730.02,-27058540.57,-62275420.58,130992854.01,-91506370.16,-16655097.91,131011149.96,-32700275.97,-78685031.84,17160932.75,-78034391.76,-64320292.3,88684555.89,57469511.56,-14097842.02,17009235.42,63113323.51,130993860.4,-79507657.96,131024391.56,93743715.95,71283422.65,131013505.85,-78751242.9,-12677456.47,38789671.85,9241561.77,-57153758.85,50686701.92,71024874.85,47735896.82,11132128.17,-15486899.49,90149355.07,89557610.01,-3675330.06,43288321.77,18538454.61,46543929.46,-60018969.96,227474593.03,16231062.75,5496213.73,110023828.33,-11366260.16,-58714061,85325917.81,287026314522.65,58560539.3,131002945.65,130997524.62,130994146.62,131004635.77,-70338817.71,13005650.63
-33423994.11,16750092.86,-91319100.35,34642360.3,-47923372.07,26598404.32,130998496.54,130990828.58,5387385600000,11851678373.12,43844300.11,-44770091.81,131011307.44,130999295.89,-85044251.7,131006970.84,99785106.19,-88720253.28,97030948.8,99259447.24,125210543.61,60349922.39,-63881310.82,66128335.6,-73443162.85,-13655027.86,131006013.46,18304415.9,-41690251.02,28445194.76,39867554.03,-8504601.61,130996996.45,-42962968.83,-22646976.74,-71409272.09,-64012782.59,-8422221.59,49299111.21,130996399.18,-57297490.19,2160169.68,84524855.06,-77574744.33,130992206.99,130995942.17,-84596781.14,-4165714.64,130991628.83,-43721124.46,29135759.91,131015029.75,78266208.52,-61100791.71,76106156.01,-7118940.98,-76988946.67,-65481651.05,54319732.76,1712039.02,30255238.81,37097178.12,130993630.05,-80707381.38,131152117.43,50410144.89,-45767607.97,131013004.09,-86444821.54,93762199.26,-25291619.55,48724339.23,-40267632.74,51509409.02,2756332.42,33711030.47,49584951.24,81982867.09,-10756534.97,-82795082.15,-71036874.24,-15865721.8,77746090.56,74110309.12,60082326.69,227472720.71,28805463.65,-35692327.34,92282479.67,-70987334.18,-90914602.12,-55691878.66,288187132774.65,-59834050.55,131022677.15,130997883.81,130994493.47,131008917.92,63893554.28,71464784.16
10014546.19,-79967441.39,-44647318.69,89244407.88,-1301102.16,54597550.14,130996768.03,130992038.27,5268240000000,3229709385.19,-25985958.33,78199141.41,131011280.88,130998145.81,60865483.4,131008086.71,-31538619.28,-21266604.47,97902156.2,-31625813.52,124840298.44,-60030106.54,89786907.36,-88393746.41,-87086011.9,-28267600.58,131010080.16,2236301.78,61812219.79,-67295560.56,1714504.26,18747371.46,130997877.54,69342654.67,70821096.25,83739448.1,-48076440.62,-78020782.2,-22197730.28,130998626.12,-20093277.71,78444144.29,-82888070.49,-52710636.63,130992209.63,130995493.49,59306240.57,29118957.19,130990983.37,70260643.64,98289710.91,131016722.75,68853982.14,10232776.1,-91646509.22,-64919151.29,-58008214.32,26076661.84,66195687.01,47584684.98,-52913875.59,-43456467.34,130993596.06,-82737141.26,131074016.1,-30296602.05,77963462.4,131014339.94,-89917337.68,51741942.12,78084261.61,-41575028.84,-42576995.42,-58303446.1,36915784.22,53172748.66,-76995088.99,71508680.46,-76079788.76,12615852.68,-92610972.41,61691490.86,-99688882.09,-87513753.73,76407809.34,227470672.7,-10442463.05,26525567.53,104487436.39,81638615.84,95813852.17,-49298839.43,288496690825.62,33538630.29,131007616.01,130998433.11,130995215.61,131011160.99,-4002071.84,95247964.17
72337612.28,88610674.65,21912800.44,21027369.78,27905525.73,-16811147.48,130994503.33,130994082.76,5165510400000,2704242658.43,10408670.3,18706022.39,131011812.81,130996962.5,-29538638.86,131010234.44,21813724.35,-16552070.64,78775884.76,-17955516.74,124840849.03,77165349.15,-34702989.25,13964852.6,-99350160.22,57613602.75,131011504.04,-72668395.76,-50593976.49,58894176.91,-66750195.54,77408633.91,130998130.7,39261070.02,-13519176.84,-46826661.38,-76174899.09,91757550.44,-28377282.33,131000040.65,-2295610.16,-3518972.21,-62985257.89,-94037761.24,130993145.34,130994894.36,-58545049.77,-27769439.76,130992246.89,84382394.95,-97238792.1,131018035.81,43670162.59,-29003836.82,16194082.68,-99740820.52,-63332218.28,1945005.02,-68768064.25,-7496480.73,19552654.83,24288736.61,130993482.13,-50572501.8,131103316.28,29321455.06,34150200.66,131016473.69,-95705628.29,98258099.33,-25467189.83,37335942.51,-78449324.76,-71509807.61,-35579924.51,-45342848.45,78617834.54,-53965559.21,16511231.6,2579466.5,70522214.09,-34435749.36,50587827.72,35635024.38,46705292.24,227469099.35,-55596722.97,-83601406.98,118747042.59,75454617.07,-46572623.3,-53709287.26,288751038592.4,81547789.79,131009816.6,130998924.86,130996507.31,131014816.79,-83473183.96,-57409595.91
67531495.07,93718370.05,76863151.7,-63639528.66,46596448.08,76995317.77,130992430.71,130996254.74,5081788800000,46056925117.36,-52680488.91,-42850108.91,131012060.91,130996108.47,-43640677.2,131009180.91,36148615.3,374389.59,-6171020.22,91450172.52,124841359.73,-49878543.32,70874915.98,16945218.68,-87714057.16,12404395.06,131009484.43,-99699819.16,81708776.22,50904824.71,-8011683.94,-37242522.39,130998115.54,9753937.87,-15594913.05,11974732.6,29867043.99,-39440638.03,-388439.72,131000266.07,-66214131.45,65550933.06,5951484.38,34323572.37,130995007.57,130993536.12,50018740.88,-47990421.81,130994536.85,-81224432.07,36207698.93,131014350.47,65400797.63,21441804.82,4443019.81,-95293357.62,29692766.66,-36272986.75,-25901084.97,-86313391.08,-10371321.45,-43949795.65,130993178.69,-95004995.06,131032879.35,47124219.55,98675816.52,131017371.44,38837708.58,-58209073.35,61469378.41,-77136122.81,41385302.24,85148795.39,-12910420.21,-42062205.79,-25207459.64,92126580.99,10836455.94,39083000.47,-94284805.92,68023764.89,-20218501.07,29134370.92,46047055.32,227468321.96,76406471.05,7976478.36,135332860.07,-44259754.11,-70628984.97,-15639628.31,293256830253.23,35439021.23,131008376.31,130998889.17,130998201.24,131014958.13,72506822.03,-35814007.87
8455005.05,-98224071.72,-25063226.42,-59544076.6,66997171.04,-50947245.47,130991243.98,130997895.8,5019580800000,17084122117.17,-52176578.69,-23903080.29,131012238.05,130995610.87,-79662369.75,131008468.52,20853838.5,-22921457.33,3208822.14,-34912375.93,124842146.42,-79367034.58,-21728793.06,50895709.63,-62373978.95,83410371.44,131008864.12,22109673,12007031.02,-42822079.58,-35443130.8,-90590310.59,130998195.61,-67851479.28,7294474.19,-72935385.86,-71897520.47,39373435.74,-98139275.23,130999418.05,31616847.63,-78679291.36,-87596860.97,42824798.61,130997352.55,130992053.22,-42113367.03,23020029.66,130995947.99,-77215613.96,50869864.11,131013250.21,-64734090,66117965.39,-73042718.6,77302567.19,18476483.87,-41289939.49,95992720.91,-43471518.43,-17171451.81,42264755.76,130992939.91,82323762.63,131037044.42,-80264330.84,46427808.28,131017189.78,56924709,-95020842.1,53992021.79,-37943936.76,-198974.12,74620945.87,-6239481.95,43122241.02,3566603.02,-81897406.44,-92776239.42,99600453.45,23529800.04,-55168505.32,-1941578.36,58922655.98,-18384781.54,227468239.52,-95602419.29,-87799508.73,144597531.54,-36982015.46,80018245.65,80892165.22,292530268013.6,92862486.31,131005652.63,130997973.72,130999781.89,131014270.35,39376290.08,-76471682.97
2892366.78,-4008009.72,-10014949.37,-71729923.4,-86041727.74,-7961095.11,130991256.83,130998684.76,4981219200000,25560682467.64,43684132.03,76003614.18,131012680.67,130995185.31,30920183.87,131008174.29,-17049327.88,56007927.97,70206796.07,-46293299.11,124843310.23,10688063.8,9551018.88,-13892875.63,79495501.12,-97863018.11,131010167.93,-46077732.04,-85894770.94,8976951.85,29798430.7,-71668506.22,130998445.92,19569657.25,-52968787.34,61664959.44,78452284.7,-12467399.56,-64322194.64,130997968.91,-21175414.95,-3642218.22,-50787952.87,-90809673.83,130999435.61,130990955.76,-71690735.92,69401878.69,130995616.49,83659713.48,-22299421.88,131013200.96,54492770.29,-58788458.86,54895701.09,-27672766.81,73799818.08,68720422.49,25162819.89,-97067683.51,67766298.29,-11231503,130993155.18,58169119.03,131057492.08,-47030035.3,11368950.02,131016289.2,2532021,62165002.07,47834028.39,-65056869.53,50985467.88,-99197206.97,-25982906.77,38609831.39,-27406118.28,90779537.63,60832829.1,6966798.45,-31143125.83,-79400695.48,-79950119.25,30627623.94,-11000220.05,227468469.13,-16417464.63,46083110.39,144599876.66,75022588.67,54760256.31,-54872212.16,290097929589.82,94612443.73,131009558.26,130996169.4,131000613.38,131013405.58,-66950805.23,77534827.02
68337827.41,53000231.12,-9071195.86,70698573.27,38633424.38,12607721.12,130992356.28,130998730.34,4966876800000,4974743405.12,-41879613.37,-8191709.52,131013787.84,130994528.88,-9820561.79,131007331.46,83067945.83,-88674173.34,-44239451.94,-22562601.58,124844600.73,15881813.29,-3934386.57,-74577811.9,61192616.1,80421919.6,131010625.62,61047559.46,77270460.46,-84208607.65,47984607.06,-9470733.06,130998658.93,64243313.32,-69238867.33,26279242.66,-61556809.48,80974147.48,25836799.07,130996548.52,64078262.95,-11933606.84,-11011884.84,7065948.09,131000588.66,130990706.89,13982568.99,-18257763.96,130996205.42,-39109767.29,45986617.22,131011178.21,45000008.94,35980529.8,65781661.89,61305425.98,-24071464.41,82556494.4,34477019.97,46580932.2,94700612.62,65916856.26,130994205.78,49143071.78,131004504.68,8684119.31,-87154394.29,131014382.19,-3023573.12,-81138284.83,-83509785.58,90628200.09,-94983407.07,-5502303.08,-11168718.27,12915141.19,-82477452.6,-31678073.36,-29560611.52,94308327.7,-60209647.18,-51520371.08,-67867747.14,-69182747.94,38996497.95,227468628.69,94248138.55,-21823295.45,144601951.35,16889969.04,56350078.29,-59875702.91,73582306805.36,-64877695.05,130995017.76,130993942.29,131000262.53,131011906.11,-3061020.05,-12883380.02
21397864.08,22242941.03,31281485.43,-76024791.89,64443895.57,-23832761,130994013.05,130998429.25,4977504000000,3958153240.53,-93215764.19,-14674059.49,131015187.95,130993533.71,-51373162.62,131006618.38,45204378.97,74014536,-54733224.5,-12359897.13,124845498.58,-83216950.18,18900253.15,-15846108.74,-27996765.74,67890784.28,131011942.41,-59741311.43,22350627.18,62948783.44,87417655.81,45904931.87,130998414.35,-99248377.43,-95487707.89,54443770.52,-90463894.31,88394434.46,-12480486.63,130995560.07,43794409.08,-96676927.45,24517596.56,-1192338.63,131000483.87,130991638.92,-35362587.56,-41263472.38,130996653.44,-7429469.19,86606317.33,131009183.22,65940061.23,63322185.31,-20720448.08,48590119.39,-35223865.35,-11916894.1,-86944578.72,67213887.9,45580477.55,-29930771.29,130996072.23,-85497031.66,131057645.22,-32748110.89,36642157.69,131012067.82,18554836.43,-88167986.86,-62690227.44,-36881680.85,-90069768.98,39922952.17,78656171.04,89399236.38,-31238786.67,-77643022.6,-36268390.25,-66327715.84,-70194356.36,-16316284.24,61795271.76,22690517.18,-48111169.45,227468592.43,-23439437.28,-28085641.98,144603183.91,86393614.44,-86304652.6,-30073048.32,42965025088.6,44581715.85,130999583.29,130992014.71,130998740.06,131010578.12,86815704.25,-51091099.58
-12908330.56,-87671372.38,-5194454.73,-37972452.68,-56452217.85,-91257813.84,130995612.71,130998182.03,5012668800000,1618992873.94,-99405510.95,34567935.18,131016396.96,130992448.68,-29523169.18,131006592.45,-84176477.3,-5375951.63,-99176660.55,19212176.03,124845480.01,-23269523.17,98434050.04,-49814667.97,-22548225.6,-21652859.32,131012422.53,76866433.7,-22957327.26,62888677.69,-25674001.38,-29624112.47,130997399.75,-86730744.14,55610461.51,-3351577.31,79788513.25,-21874905.18,54258770.53,130995050.83,-2941385.35,95096198.19,39723556.31,85861738.47,130999296.97,130994311.62,27384822.82,-72300802.39,130997482.11,17969993.36,22584823.58,131010270.56,-86710882.27,60653439.77,2108952.28,29470949.01,-23105829.94,-37676497.27,57343504.2,74921665.23,63772541.71,-63552159.18,130998325.77,-83443253.38,131142054.3,-80850980.99,-54489166.38,131009604.13,69549744.6,-27386564.97,-24520686.69,16391955.08,-82388565.15,75256791.55,-33975900.26,-64282032.34,-37863219.7,13550867.28,68567956.42,96315211.49,-41183713.19,45685980.61,-42947742.98,-24327419.54,12372554.09,227468569.54,84452194.29,-47543188.01,131323010.67,34435455.97,200464.61,42882874.3,12113826679.08,-600116.74,131006762.8,130991067.02,130996524.79,131013286.52,-30623449.43,-27665365.01
-19162818.29,56980861.9,22979541.5,-29098522.13,-60527523.11,-64636437.83,130996722.52,130998135.72,5071680000000,9461993375.38,6861389.98,54318348.5,131017088.78,130991769.01,87076972.64,131011128.68,49313422.05,38290639.94,98758580.11,55572260.33,124844318.1,77677186.91,-61189628.82,-89491277.95,82152940.11,-26977646.19,131017902.1,-4251957.61,94890384.06,-44392.51,5100393.3,54548794.01,130995628.57,76466081.43,32735149.37,-71929821.74,-76488306.74,-93390579.39,52961399.55,130994736.22,99761872.36,-31680872.58,-66211037.57,90238931.76,130997576.41,130996657.25,-35679829.68,-51394948.65,130998259.8,-16627013.96,38719688.85,131009627.76,-38831239.24,-32655244.55,92576862.77,-23296112,81463372.66,48416250.21,-14772858.04,95567994.87,70735986.84,52066508.16,131000231.03,-48213477.97,131926944.24,40477640.57,-30962350.69,131008433.77,53811368.39,80723464.2,-21356827.18,14048000.09,2537.42,92117046.58,-36477679.68,-56613531.3,54222348.32,62162858.09,-71490936.89,83647928.28,41928429.99,74396611.72,79460156.37,41624368.43,-63098886.63,227468960.5,15417242.96,93035258.86,107136291.05,-23739480.81,3108189.41,76168948.51,12650127317.2,96153417.18,131086888.51,130991397.84,130994352.66,131012672.47,-57738385.09,-30516485.99
-78619576.48,93928413.41,-83658248.98,-17982896.06,91270342.39,93448148.27,130997206.01,130998103.03,5152377600000,20716931333.15,47677200.08,44062270.5,131016373.58,130991967.56,-98715590.06,131012951.83,75077877.28,-95346782.4,-76064134.46,-33278876.8,125090347.71,-11122697.5,12597547.82,82821841.87,-43689204.96,-166270.3,131015049.54,74888785.92,-11728377.75,-41892327.86,51447082.36,-24057207.79,130993485.57,71262503.05,-37885032.18,31667326,56633816.79,55137548.82,-77591923.8,130994215.24,87565949.38,15547138.41,-75330436.62,-31597257.79,130995931.29,130999355.16,-3905111.82,-55717829.73,130997788.93,72924336.8,-16621416.99,131010233.03,80391988.02,-59144709.48,26989419.53,-86951194.39,42177801.59,-54403666.51,-39827685.56,-61587575.31,-75445422.27,19386090.56,131001053.58,-66006667.74,131108918.9,12210893.93,57759180.14,131008407.88,63144960.03,-74007788.01,-19459273.82,-73962787.86,-26621661.74,22439917.91,-90241385.73,39084821.08,77733355.57,-91721797.65,41561709.14,42122174.27,40032683.89,38502453.65,-79660534.49,-51924369.97,18206704.76,227470076.06,-48397066.41,75390512.29,96884838.49,-89658348.15,74109821.24,-79710847.92,13536652983.79,-97509937.77,131009081.55,130992784.05,130992881.2,131015819.65,-47959145.03,95369047.91
-45875060.02,39821376.63,-31712509.16,5106922.79,25926457.53,8964527.84,130997522.65,130997703,5252688000000,38880994080.7,-99872974.85,-67706792.35,131014575.52,130993301.81,37736667.05,131018556.14,-17040491.45,93880362.61,-4942820.53,-77368083.28,125088006.06,17166639.98,32534222.25,-47426049.49,21010971.09,60284837.03,131018549.06,10783770.26,94145076.71,50999490.77,59880923.82,-14605602.82,130991787.01,50268962.93,-98724870.17,-53563905.27,-43225027.69,-40654653.52,76302554.59,130993468.41,-26875180.76,-96958316.13,33732673.79,-83365113.85,130994868.18,131000378.7,-26998874.99,-68145.27,130999857.28,-15268141.96,29962008.99,131011678.38,96838957.26,87005530.14,-7644710.2,-5884503.03,21559603.66,-4610959.35,54698706.46,75680793.36,68718320.24,-24630893.15,131000641.98,-36913042.45,131000794.95,72940204.8,77345142.41,131009142.13,14393107.71,48102507.21,75070168.49,17677079.53,93346778.77,-75002902.76,92544149.05,-39526306.94,67553484.39,30575300.94,-13097128.35,-10557968.34,-32734028.52,-50855871.62,-78561954.45,-77504854.95,30465420.78,227471885.43,28596947.12,91792487.34,96884190.57,31107034.45,87628990.62,56885778.95,17101781520.48,-41824541.79,131001225.64,130994699.21,130992406.76,131014586.52,-10438941.13,-9604674.81
39876370.69,-92472532.6,-95003236.72,37660346.58,73983959.42,38050401.42,130997940.71,130996638.41,5369587200000,310130994285.15,-68688755.29,19524195.64,131012209.64,130995491.05,-76627550.55,131019713.74,59998100.26,95326210.1,-40508917.25,58722079.45,125086146.18,47723752.07,23302979.41,-9095175.53,49670723.73,15466886.06,131014936.89,-44003809.66,55950402.07,-73867264.25,70836532.22,-75566258.44,130991118.91,-73599519.98,-22152904.18,-96236687.43,-64587320.09,61409010.55,24961018.43,130992655.5,55170751.11,-10713451.95,-20573992.1,78138066.77,130994395.17,131000320.02,-71606989.76,35862000.45,130999572.76,-91896760.54,81840385.1,131011269.87,-32500565.8,63135108.84,-89194498.66,-36717024.88,-26211633.04,-66436197.84,-13506734.21,60885749.78,-43596050.98,-43215067.46,130999155.34,81406251.31,130998417.46,-49657806.85,-17566300.97,131010132.91,73691468.8,77627451.55,-65371334.23,33882674.43,-76110610.41,-88729891.76,-56185262.63,79452459.89,-90515605.49,41453637.33,-91611185.48,-80778068.02,75518687.32,67362622.66,-63462106.76,-29522824.86,79532008.83,227473946.99,-54861824.45,-1043478.31,96883788.47,94833428.74,31509559.06,46388864.93,47844456766.34,10937159.42,131002685.73,130996450.06,130992780.72,131012903.86,-40567169.1,94969781.91
-73765642.57,-59839725.98,86200733.06,-10011739.26,-21512815.3,12083181.16,130998642.59,130994944.15,5500051200000,4217464312.72,55322495.4,-18272894.88,131010280.37,130997881.5,-81887377.27,131018473.68,12909661.04,11281947.15,1847159.45,-26427160.74,126036649.67,-60302760.36,-1945950.71,14488237.37,-38964646.14,39658569.46,131012064.73,51612035.06,-56666699.8,-88938129.76,84141255.64,14415328.49,130991746.09,73457566.63,20572488.13,82470942.78,-94488307.06,-67960358.74,-43019898.7,130992248.41,21217522.53,21587863.21,16143003.48,80233918.34,130994228.46,130999257.96,1030381.32,38256475.97,130998170.06,-14004677.57,73195764.34,131012650.96,-11328983.16,77364333.05,-94515815.14,93374184.94,82803653.88,51089088.72,-6713500.62,92070692.76,47961658.32,-1681500.1,130997177.48,-3208917.71,131594883.62,-4444134.63,-17118440.92,131010958.62,42698173.87,11365824.75,95317528.1,80498402.23,99337653.62,69323330.85,-74372046.56,-72122945.98,-23880270.63,28470524.37,93853175.93,-52354385.82,93672044.85,-88437921.15,-29959258.46,-30662274.56,-8943358.71,227475573.35,-96783066.58,-30442852.66,99720269.19,35973959.52,14463563.12,-43295628.21,43660510813.28,9639211.89,131054398.11,130997587.22,130993559.16,131010035.43,-94727915.08,14237638.91
-1716638.88,74275662.35,-96450838.19,22300757.74,85001673.3,-81974618.54,130999406.45,130993054.55,5639846400000,18310008282.81,30195962.39,64750581.54,131009810.51,130999750.85,-43043580.9,131016010.89,-32019874.36,85457357.65,-53694928.73,-48556947.38,126036926.91,-44987076.56,93995594.58,34395289.62,-11366896.87,-19329562.95,131009976.11,63317471.66,-7784145.45,-68282854.15,-84323582.29,-46992626.05,130993452.52,-53765046.93,-82858908.71,-27252757.4,-75980738.53,39248706.34,49271569.71,130992735.95,14532243.67,98258225.51,72473992.63,-77891164.81,130994017.41,130997998.17,75707903.66,-51194250,130996330.99,33086387.36,13607796.6,131013275.34,29074281.65,38518991.74,33774820.24,7858313.61,99415537.65,37268967.04,-87430760.21,-35416008.74,-63149095.78,-40983380.47,130995479.94,-61875104.59,131233842.87,88499648.46,98936456.32,131011579.28,-15404924.84,12459257.5,-98439761.83,65525928.34,61352705.55,52774758.18,-63022036.23,-56408963.72,-78331545.34,63105055.2,-78490255.08,64153493.34,52824544.81,-63743619.91,8077779.52,32022256.32,89210574.56,227476150.13,-24417602.26,-57151908.59,90626271.74,-20540342.98,-91992783.86,-86921725.58,43783099312.06,-81899569.87,131038825.44,130998100.92,130994291.42,131008174.83,35261336.77,-19928984.11
-83348051.82,-4885058.58,56203999.7,11646372,-29123272.54,66171645.29,130999769.98,130991638.93,5785257600000,4197355655.2,22871187.81,-50866965.96,131009305.57,131000540.3,-42378877.62,131013202.04,97051571.14,30328323.17,6944319.35,29302602.85,126037980.35,66156323.99,-97290925.29,47418794.96,-40735760.18,-24084381.94,131010002.32,7979238.89,9499637.16,-37854627.28,-1948362.04,-83599110.97,130995586.35,21757173.69,27123000.84,48587639.08,-55922081.42,49807698.61,31376251.64,130994253.1,39592880.55,63274141.26,8990852.79,65505482.94,130993571.73,130996940.53,-36256.75,41195654.04,130994646.49,88813742.71,53350796.57,131014805.73,-33425605.44,-40044458.6,-62814683.47,-74495443.16,-71054028.35,-7091455.39,-14155076.82,-14951340.31,-25961986.21,-52603740.74,130994431.86,53485527.42,131052499.8,-5426024.85,-80133374.7,131011953.19,64963658.37,-18952341.19,-70101565.34,47580385.78,19794583.93,47332069.27,92717401.37,55432882.43,-61972603.24,-97353040.39,81055711.7,37797330.69,-34057865.64,-86786510.34,-90153966.85,31891114.44,7965895.74,227475439.2,-5236137.66,92526007.38,106590115.23,5069900.05,19117880.28,-36560216.42,41646765857.16,57920987.15,131007487.21,130998250.44,130994778.73,131007320.75,-35120133.13,-1534150.83
59179243.38,-58450607.86,79368125.98,73598118.25,-78039154.36,48449122.92,130999270.34,130991286.18,1611964800000,46056925389.08,-85523686.97,31461353.58,131009686.16,131000167.49,14464210.27,131009972.18,-82554201.41,48022101.04,-11680524.99,42535781.75,126039254.02,-29001880.67,-27267403.03,-92901071.63,4813071.17,-4443598.24,131008218.16,45933370.09,-66673683.15,28406642.05,49672471.16,12428725.85,130997437.96,40069266.88,33001680.96,-55650204.92,97221076.64,6650308.04,96089993.61,130996500.39,-29616830.46,-50347188.17,-18125188.65,-32176379.71,130993054.37,130996195.96,2613414.56,-60809303.2,130992033.72,-61392438.29,-65354651.69,131013640.6,63387759.99,12640516.92,95574087.34,-64900343.98,1024825.84,32005705.46,-48575470.4,-14039281.86,44918574.28,14135045.41,130994056.1,12440095.13,131037830.51,27915438.44,-2675502.77,131012664.96,60407329.04,6637457.73,95783394.63,93634379.96,-69817425.93,87985199.63,3974417.33,-55113594.11,69659122.53,81769795.09,68146010.1,33713706.36,71130610.32,66451138.89,39558570.89,82163999.59,-29457433.89,227473701.98,94105992.64,54822368.18,106588615.96,96362786.2,-2339059.87,34733696.22,45754982398.04,89818852.34,131010309.85,130998407.51,130995156.43,131007661.87,-32922910.09,-73454791.57
16521935.81,80850837.5,-14143059.64,-52394564.67,-9756936.72,-95846764.53,130997780.43,132381007.16,1755820800000,42229766218.11,-77351227.01,18552982.8,131010466.22,130999015.84,-46747762.79,131007387.07,-29739148.68,16279852.12,65951052.07,-82212904.56,126040287.49,-93193023.08,-93721748.09,65617064.69,99843982.25,-82362578.18,131007431.29,-74505739.37,3052819.45,-92017539.33,56391591.05,96797830.09,130998570.31,-51239393.77,-15826240.62,45602645.26,-55346606.81,47425585.8,-6299041.81,130998833.61,48123670.89,34461691.84,-58020392.69,16426537.53,130992907.1,130995670.6,29258707.71,-71150348.66,130991455.63,-56449610.95,-41300935.28,131013111.26,91494033.32,34144091.82,-24944025.42,-92692508.27,-76620114.86,4521621.28,-86739605.35,-35712618.3,-34134386.2,38943831.6,130994088.43,9468226.24,131034399.66,49175927.29,55058275.11,131013821.78,87176100.85,8049001.6,-71167360.88,11815283.77,33700483.74,67038684.88,89561886.34,-22968679.09,-79625462.54,99903994.04,-9059966.85,-52304665.03,63310957.69,7479740.18,28059416.44,22740209.64,-14259087.15,228860375.2,52300791.66,89042958.36,106587260.23,4731593.37,56992005.45,-39747976.35,49582141336.88,-59572054.57,131008754.67,130998775.52,130995758.08,131009225.89,-12591467.31,-3650528.28
-8091005.85,33095346.39,-46337147.07,7590986.82,2782529.36,65246709.29,130995648.45,130994117.2,1892764800000,2121302246.14,-54594181.76,-25784753.97,131012275.58,130997645.78,-10165889.57,131006061.76,-55306587.11,-54565990.93,22556939.36,53432456.2,120942893.32,75818653.36,47904053.39,92026719.64,-39992072.13,23557925.84,131007830.67,-59545209.86,-96923298.14,77331756.55,-95085546.86,46913203.11,130998918.79,57017182.26,-45158643.21,-46651846.83,-23418566.22,12741644.81,-89762899.02,131000478.02,-65302075.38,-61289023.12,-99533581.68,-60998902.27,130993544.1,130994871.13,52087770.52,56293969.86,130991787.72,-89952468.08,-39870762.07,131012817.42,-93751173.45,-15648582.09,26008197.48,20781109.23,-21599988.92,-18031153,63774322.43,46540839.63,2058014.86,97594253.87,130994077.16,1083611.59,131290204.38,-69954386.17,81818692.91,131015277.75,99395828.27,-7538947.43,8348103.94,-69360695.51,67883783.78,-8116378.47,-11334795.76,56184538.08,85400303.53,97271866.26,6051863.02,-29471154.19,-87094348.72,-97520692.36,-27367029.58,94227996.22,-68149745.17,228858565.99,-3499251.08,33778842.58,121244634.16,-2465420.13,15961677.1,13504562.73,49632369817.1,75905081.52,131023504.55,130999184.34,130996847.29,131010462.23,-31868226.12,-43970610.41
90605902.34,-77909888.33,75818472.24,-27369626.63,-33880736.76,-88204739.31,130993442.25,129607564.72,2018649600000,1775483060.53,-34687029.46,-99003821.91,131015248.46,130996584.68,47466634.16,131005345.28,220340.79,-32774104.32,4734914.03,-84481402.87,120943360.2,78245170.55,-23923178.19,355910.77,66335232.01,80742448.86,131006925.09,-49108193.6,-84967521.34,-78022204.53,4565370.36,-6791732.59,130998840.58,-97746826.76,93486966.58,40289550.96,-68376217.36,-43715115.2,-7072075.12,131000983.21,84138649.44,96998749.78,16247164.03,-24531584.24,130995135.15,130993986.66,-64818230.25,-34619008.82,130993438.77,19672672.22,56576668.75,131012538.89,-33168556.42,55256729.9,44741065.07,-22232282.81,38864804,-45727247.82,42601571.45,41229016.83,50722307.42,28500328.2,130993930.62,-15302050.76,131337607.28,-84946240.9,-51489388.13,131016482.61,8487323.22,-22107460.06,-10593113.41,23284302.63,-15055936.68,-39471280.4,-35771785.16,-18213852.87,-28915553.87,-24790446.27,41098977.59,68394029.42,89846749.68,43144598.25,55387281.84,35554851.76,45283462.63,227468730.04,-75020255.48,-92744216.63,119354872.95,-63218100.95,98818678.54,-48862515.2,48863717022.1,-38487816.95,131024878.98,130999273.25,130998380.91,131012692.98,66106909.07,-16730865.55
98854599.18,54330538.16,-39449369.67,-3751494.11,90749195.74,-1408576.66,130991947.13,130998237.79,2129932800000,46056924015.64,-5420086.8,-71265817.6,131014713.02,130995959.13,-85689510.82,131006518.95,49327780.44,36020230.75,-19698020.05,-66157613.94,120943981.06,-1996225.42,-54542038.58,28825249.53,97769414.3,-24235567.72,131007881.06,-98287424.48,-32616026.42,-59679273.1,38463196.52,83678649.88,130998717.4,-55395364.83,91959769.25,-52485358.78,-37023485.41,96764623.38,-3415866.16,131000292.79,-7121156.24,9174908.65,15504609.89,-91284466.06,130997358.6,130992570.52,-19898410.3,76117289.62,130994966.16,14559785.95,-85280552.19,131012070.3,-37252406.76,-43726191.92,-44456951.26,18455412.39,-46071194.44,11565067.31,-24049123.45,-50351079.12,20602912.08,-82105177.28,130993709.34,55714149.32,131031635.23,43190098.47,-97350524.11,131016998.38,14551609.62,59705180.4,-81089778.78,49494537.3,-29003243.6,-86881147.26,88786286.46,-47522482.12,-67395838.38,59997344.97,43135334.94,17810555.23,-31972754.7,14704088.45,-51494956.17,-26044220.79,-30950761.66,227468502.66,-30083438.78,9074675.53,119356553.86,6412787.19,83444310.76,15543957.09,51397715843.07,-46378074.89,131007876.6,130998606.81,130999950.49,131012619.25,-65988932.8,9472683.61
-60016198.58,2929660.39,19242662.88,63765555.32,41739833.29,-80742703.56,130991664.88,130999284.72,2223331200000,6462347792.9,79526414.2,9059315.77,131018361.84,130995569.55,98018558.47,131006996.62,-54281517.43,-74307010.03,60066839.82,-94670638.91,119886276.71,1638526.43,46569007.57,-34635368.54,1826954.85,-32588144.68,131008217.87,78712622.79,49975461.28,39278820.99,32313080.79,25273118.33,130998778.46,-75746088.44,60503385.89,33359694.18,23671668.49,-34178105.3,-61025488.74,130998830.79,72111463.68,-89857235.13,74224322.06,-35337412.61,130999554.35,130991707.72,60352042.08,-44993786.09,130996116.71,24488410.92,-36033391.86,131014383.44,96811336.92,68498534.93,66801499.74,51464239.13,97866339.9,-61665915.36,49214424.63,4935527.72,80606195.26,-96378835.69,130993783.38,-22774511.43,131408348.4,-77109343.26,84361571.41,131016366.73,-22043573.59,11825086.84,-80951715.92,24756478.36,-92075240.86,-11306073.43,40857024.88,13166506.02,-73494563.12,-49511311.9,77899473.63,60464187.46,-65996223.85,-45158841.46,-60787222.86,-18363845.02,65824976.66,227468764.62,-55768900.12,-53744832.53,132157228.99,-93894328.19,-17579448.6,23480527.53,48155852241.23,-86676576.78,131040255.59,130997053.46,131000947.34,131013578.19,-13199638.94,-18233827.72
-50682668.98,-27643884.15,-1215663.48,-81409977.57,-61894551.61,-31980091.53,130992454.36,130999480.23,2296339200000,4262605903.31,26204931.99,-12204029.58,131018341.93,130995056.31,34006312.91,131007465.53,4790531.38,-22867237.81,1603857.16,62123878.27,113779234.84,-32716129.69,-440452.37,6655994.12,-79742935.57,22587203.65,131010157.39,-86589373.86,40694373.86,21368478.2,-41957720.68,-52554785.34,130998874.73,37239926.8,-22247959.85,-44974986.79,-91536780.42,-22628077.88,-29126572.28,130997184.79,80986736.71,-20496840.14,-27287128.47,4831938.36,131000959.38,130991843.34,-30460043.26,-46211087.89,130995919.16,-39225777.44,-59424222.16,131014747.38,20722622.04,13378575.86,-23341024.44,33997891.24,35797843.02,63118405.4,37502302.69,-67056254.58,71096346.04,40126372.07,130994508.97,-91833139.41,131091654.76,48194134.81,-61875570.05,131014640.36,6996344.57,87104282.47,6895905.52,10561805.61,6226814.14,23921520.63,-92150811.91,13018057.38,-14575807.47,83672434.66,41855616.15,76706182.25,-42168518.96,66238678.91,31734332.26,-39952578.3,73367196.51,227469092.26,-47516041.1,58512339.52,98989458.98,10919000.74,-56349312.21,-20540600.65,17569015522.85,-53011296.85,131006903.12,130994906.57,131000867.72,131015332.87,-27413095.39,86522165.87
83427722.1,1566348.78,47073170.07,-44572234.64,-25462338.59,20841419.48,130994121.05,130999156.82,2346883200000,63099743163.17,-63964704.54,-33063393.67,131021831.44,130994252.75,43384207.79,131009807.78,45357690,71822564.93,72365648,-73330650.03,113780229.07,-10589430.92,43856322,-61290809.1,-39497729.75,86851866.15,131015117.6,-31115241.86,88793267.94,64823454.11,99501469.91,-40720108.1,130998738.55,75035258.17,-38539069.38,-50099150.72,42756145.7,42505282.16,-73710795.29,130995968.42,89690864.9,-91060120.08,-79837561.6,84010884.08,131001172.48,130992453.45,36675140.51,-32011686.67,130997298.54,-24300677.58,2523690.54,131012930.15,78487163.54,-44212093.77,-75202708.28,-67503724.88,-14237228.43,-90143198.57,35801638.57,-97447249.85,33384457.63,-73163402.74,130996123.26,76250661.32,131154018.32,79829075.93,8339559.48,131012327.81,14089469.09,47772104.13,-3332300.74,3227524.7,32305058.93,81642789.74,-19335612.2,15915487.14,-93095300.01,35992669.49,41709877.55,-78184340.84,-96093974.12,40592760.88,-93641720.08,80310304.33,14168674.17,227469240.41,-68384920.93,-47593190.78,98990935.96,-85114812.26,1266793.68,-84447661.93,23457245886.22,-63534197.64,131032261.02,130992869.73,130999591.26,131013636.91,-88123490.24,-84087618.08
73282702.84,-59209047.88,-55135688.46,87281956.1,54506112.77,-20566834.47,130995890.66,130998752.95,2373235200000,310130993141,22214150.38,69066181.25,131022554.09,130993242.56,4378215.37,131010340.38,-75894775.11,43550839.88,-43037785.59,-73410810.42,113780455.98,25816827.26,80001565.01,37739599.59,58298182.36,-69285987.6,131015893.83,32477319.52,4931551.6,-60294095.62,4966523.65,-27997117.52,130997950.64,-50506620.99,-52781114.66,-52852291.5,-71039727,-57692684.11,-57500985.7,130995306.64,-35785984.06,39315832.18,32083182.69,80781389.52,131000177.83,130994335.98,35274066.23,92151056.34,130997759.66,-56014154.8,-35376818.77,131010439.77,29763023.35,-23103471.04,16595219.93,87348204.76,-79122656.65,-90714099.91,48978711.89,71987565.73,71190030.34,56465409.76,130998246.69,-73814207.77,130996700.68,-70001982.63,89739869.33,131010179.49,20469452.23,-30469269.9,4933137.31,40859092.12,31973111.34,-27869024.29,14878937.57,-39703271.77,87721436.62,13310073.47,-32782955.02,61954786.05,-88911068,-68021337.49,-11433700.69,-65089539.79,-74115590.21,227469291.88,-62537771.7,61937588.41,98991367.88,-93780688.12,37641822.59,-42683145.5,52639346466.67,28844523.04,130995363.67,130991631,130997476.41,131013304.37,-99688660.65,92953595.1
51733404.81,1135582.59,31498386.98,-89325842.42,-46959140.82,50568234.69,130997256.88,130998529.87,2374790400000,103464326992.72,-77500525.12,-74615735.24,131024937.87,130992466.71,-34641815.72,131011143.66,-27672715.32,-4209528.88,78467183.43,39003387.83,113779574.71,-77555577.76,-90599665.3,-83291145.99,64246746.19,-87335531.73,131016495.45,99054735.81,63038208.9,-89347263.92,-29173186.59,2345590.11,130996422.44,52520356.43,-78539093.38,-79535597.67,-76865312.36,-5891637.98,75499070.64,130995020.88,24605060.3,24277433.73,-9767114,60831191.16,130998453.59,130996728.15,-5527737.95,62465957.66,130998902.74,-77298671.58,-45656900.91,131009732.99,23840343.02,-37363170.76,-8119494.1,72273069.34,-2962990.78,-28756112.19,73003673.17,-61664013.67,3536008.03,-28778839.92,131000259.56,-88343805.84,131078046.5,-43303119.3,5035288.28,131008623.62,-56491638.25,60401209.05,68220490.84,57433515.83,-53984794.74,2687392.21,85860601.98,40641012.29,-54281317.85,82146050.82,-36524638.8,-54017047.7,-26399721.43,-46473684.79,-67571943.66,-85520579.16,48152228.11,227469587.82,64774993.79,-14106803.29,82350115.26,47156164.26,-17428316.57,-72616207.71,62566044882.27,-14181237.16,131021629.99,130991642.67,130995214.77,131012743.25,80615244.47,36712520.78
-61726487.72,-58721407.21,39391891.65,-3553627.95,-36304199.09,93281849.73,130997980.87,130998422.33,2351462400000,11612475745.8,37380624.37,-90293924.89,131023978.03,130992436.55,15510652.29,131012748.48,-39228552.45,-57000911.74,1698886.69,39805259.56,113777681.06,-30220682.05,27017342.22,-56616428.53,-39994192.84,-69580687.7,131015521.81,-62489786.19,15587817.59,71450530.77,-42229844.02,-55185944.48,130994435.94,-10387503.05,-10090881.43,30536302.99,50156010.89,39984402.28,-80737194.26,130994722.56,19843530.28,-77264442.61,58809011.31,-79414929.79,130996655.44,130998895.95,95559651.89,41026667.08,130999428.51,-20307507.07,3867219.81,131007399.34,87635497.83,-88630739.09,23130285.9,76890132.89,-75041011.26,84549941.25,19350522.43,-65539014.3,-75968875.32,-79849431.77,131001415.39,-98058439.1,131004145.77,-766817.33,78309931.62,131008389.11,-72680444.11,-48741126.7,55921550.94,90112962.38,31147187.59,-76073131.88,83905471.55,-30569923.28,93144216.18,-56234923.71,-9522672.27,-54982209.02,49168517.73,18532322.32,57871125.57,71120033.71,23687108.11,227470481.94,-97002178.38,97092237.44,82349242.92,-4713262.01,62508504.31,-55094245.4,59121600398.77,-80699212.96,130999076.85,130992845.66,130993518.3,131012173.72,13046662.47,-35304909.36
32459255.05,52857436.63,-75338339.3,97015235.83,83001163.86,55856405.76,130998284.37,130998107.37,2304028800000,135755994679.29,71274903.23,-1975216.55,131021890.16,130993483.67,-93088754.79,131013629.67,23214720.04,5945493.53,30634266.27,-61276917.34,113775316.91,68787909.97,-86844697.06,-15162499.64,36479987.66,19503904.29,131013766.13,-31576027.28,-69773545.43,99113888.93,40911057.94,52131439.16,130992637.34,93094565.7,44715156.12,-20431450.41,73494116.85,-80402585.95,-15999169.69,130994180.5,-21254474.52,49990040.12,-51036998.96,84273089.21,130995340.81,131000016.08,44000912.89,-36494743.37,131000131.37,92334225.65,25073717.92,131006441.56,-44907298.4,30638742.46,-12285156.51,-27995597.1,-46763028.95,-27071536.04,85181794.68,-92879903.08,55217363.93,75718743.78,131001321.44,-25260049.61,131016923.91,84288604.86,-28978969.78,131009063.66,-61338824.43,43270137.83,14367853.34,30954883.73,-13577278.86,12694456.27,-16499321.79,48668648.64,70698105.62,-81137680.63,-31217525.4,80852542.1,-81599365.93,-35862299.98,-75047472.96,-63191869.91,-41749768.99,227472065.52,-55526850.96,37766384.76,82348428.9,-50480679.34,-31278116.09,-213553.65,68474223262.1,-84342954.66,131009150.02,130994759.98,130992804.46,131010204.93,-37985533.75,-73097208.64
34562192.36,46466346.62,16100943.42,-40214599.35,68011799.44,-25090338.61,130998537.25,130997247.4,2233958400000,310130994954.83,-76365109.27,89119942.09,131019081.13,130995495.75,-38439354.95,131016311.82,50966440.65,41939978.42,-34403488,-95464580.46,113773246.92,59291549.96,-37490687.72,-31248994.54,20860469.09,-33440043.17,131012091.06,16981008.2,-78696367.63,73212055.1,-65312114.92,-47420955.39,130991701.26,-80624579.84,25600964.97,-57890044.34,37423731.88,-98148430.2,-32154060.49,130993468.72,90651240.99,89468064.4,-32049284.08,12936561.17,130994695.8,131000435.44,-8380621.28,59618262.14,131000098.8,76282568.87,-3394297.25,131007763.87,-15128773.95,67227813.88,-46775755.92,-24031936.83,-62985231.7,11665040.16,-6091951.45,-3865920.24,-86865351.92,18846440.54,131000041.85,9996272.11,130998912.82,52192576.4,3597764.52,131010154.89,-93813448.25,-86264790.43,-56764658.01,-76296232.07,-71618837.37,92754246.41,59330830.39,-68100264.32,71857821.86,46364478.75,-8203782.68,-34181130.5,-86544364.18,34502391.41,-23056811.84,-13144475.77,-38000303.75,227474029.53,45780382.08,91938614.53,82347899.03,-99384706.61,-36533100.36,30114690.18,99275192464.47,-39279628.48,131003090.13,130996695.83,130993044.27,131010029.58,-28333883.77,69031612.36
3351926.02,-77513087.62,88189229.25,29347018.97,-95782606.29,-65689082.83,130998999.99,130995760.97,2142979200000,38880995399.08,11813844.05,72802780.01,131016266.36,130997920.44,19605427.33,131017196.31,-70228543.11,-67250070.27,-59351076.22,-97018433.53,113772115.71,-78709374.7,-2091518.64,-20573544.93,-37877871.87,27570146.84,131011042.1,95517971.6,65938773.72,-23271886.26,81609425.01,-29312579.73,130992017.68,22110957.82,-57511137.09,76597651.09,39685946.05,79335760.12,62418232.1,130992975.84,28260464.07,-8876785.77,43645188.83,-51279377.49,130994525.96,130999782.25,-39496642.63,5123350.74,130999027.59,-7192808.55,46649951.36,131010418.93,-95722097.2,-95033615.8,-39543264.78,7124202.9,-44336678.41,33635691.23,-19884181.46,10207937.8,-44699560.36,-70687756.14,130998086.77,-54135027.99,131003084.26,-81530906.78,-85627061.71,131011160.79,17729726.04,-4975128.75,99558111.89,-48436253.9,-7281558.6,94152765.33,-58335919.91,-11212177.15,-43818644.79,68653178.08,-4540252.15,77258914.96,57083353.39,25870864.39,25871127.2,-63425700.43,51593933.65,227475754.59,41664967.13,56679938.11,82347536.65,59020733.16,77555254.17,15145360.98,102985743692.74,4953761.59,131003745.86,130998096.29,130993846.38,131009015.31,-77910285.16,-94197855.93
90056896.97,74646568.66,-28400646,7437984.96,-44635292.05,94528168.77,130999636.19,130993956.31,2033942400000,39314996336.44,-88762387.29,-7801684.68,131016429.93,130999997.07,95880331.56,131015595.47,30597063.87,66259322.35,84248691.72,-17631329.84,113772165.55,84106124.76,27588507.45,32559822.31,-42623399.66,57500771.61,131009195.06,59383589.42,59562582.36,-74736759.06,-70389713.56,46570427.53,130993503.85,-69137845.35,63211879.97,18257050.03,10193140.17,81844808.64,-20145462.87,130993198.84,-52273446.34,47350658.5,4889868.23,61487981.95,130994457.73,130998493.39,93122117.11,31742238.65,130997122.1,84351726.22,-16984910.43,131011879.87,-49463420.96,-88059800.2,-48506938.03,12735304.07,55864203.55,84239142.8,9831460.59,94150895.65,35710757.8,-81583085.51,130996172.98,51226028.03,131243307.97,55585849.1,-81560528.46,131011771.29,-2437086.1,-19284343.91,59005615.34,6766175.17,-97816065.82,-10928077.24,-2000950.48,-12964596.97,-4052651.57,-16302356.1,41091521.5,9712487.75,-93247349.62,9710644.25,-27754635.3,-30271136.12,15773381.86,227476590.18,69500126.84,46144669.67,77774513.04,-28554929.01,-33303381.78,-48317451,102311550799.95,-85709503.06,131049300.57,130998778.84,130994719.57,131007290.2,-54763663.4,-16015117.95
41545379.67,-76815013.22,-10735964.29,-19819568.66,73541806.05,-87035854.61,131000047.4,130992439.22,1909958400000,4098997840.39,-75515044.96,-13701036.27,131015400.87,131001078.4,97396939.18,131012610.24,-96961555.47,-64626911.86,88645406.82,92550058.72,113773161.45,-51960569.57,-26900282.08,71800667.44,-37602544.71,-21791864.92,131007877.54,-54918464.79,5541794.89,55662550.49,35881128.97,2722754.77,130995613.49,12533684.46,-33337199.43,-99861377.91,3292755,-81400265.91,-18139695.13,130994406.69,-34814238.78,51575905.8,-29696843.72,69602757.59,130994204.6,130997248.32,18439724.06,-37759481.48,130994705.69,19463649.26,62989938.87,131012833.49,7796580.88,939372.91,-61320834.44,-30253247.17,30020391.87,58720960.28,26719724.85,63156050.66,-63286709.78,11125759.77,130994833.5,-66459650.94,131024784.56,59709848.49,53563472.91,131012229.82,-5530154.67,-22421781.82,-73903257.49,-40349017.29,-40276778.54,-54720324.46,-8081067.37,-88386246.82,-34287648.76,-26001006.62,38092192.74,16845282.77,12738589.52,-72788435.95,35185840.59,-60035256.21,53081661.64,227476176.08,97036827.78,-62836217.12,77773555.51,-61105465.66,34812658.43,-39712248.24,102075215178.97,51784352,131004391.33,130998930.83,130995359.03,131006321.9,10937449.98,47456906.64
-90080377.27,-74209408.37,-51550433.95,96279570.25,64477850.89,89045525.74,130999784.26,130991835.26,1774396800000,310130999604.21,30161153.63,87830584.15,131015377.75,131000945.33,14146392.82,131009517.46,-40539390.79,-35471507.2,-94193720.73,18951050.87,113774556.87,31153049.3,42889747.86,81212725.6,41191923.27,-215905.63,131007254.26,-61794505.08,-16537514.08,-11056203.38,9056008.47,55256901.89,130997641.77,39521633.78,-98083344.98,-23646448.05,-74373620.61,86370797.41,7139437.97,130996470.06,-52579346.13,67971679.99,35989570.27,52682756.2,130993804.16,130996367.36,-9468194.98,-53215061.45,130992777.13,30706861.63,25261050.14,131012911.99,35060520.05,84292366.93,-68010065.91,-73370432.01,-53224796.68,-97792051.09,56442403.87,-33212126.84,948760.29,-29201225.87,130994268.6,-66229720.61,131004103.96,-75113300.96,-71194289.65,131012796.34,25043978.79,-91213019.19,87265694.47,68475104.37,17135.58,-83436284.66,-65828320.52,-11669968.3,37965093.99,19823352.09,-41084591.24,19885132.4,-18740115.13,-92050940.88,64082364.7,77710644.16,46503266.13,227474631.3,12189456.77,8590822.56,77772189.61,-20869313.73,-2522644.17,45746287.98,132662053125.24,-60593746.76,131001590.88,130998946.31,130995793.17,131006521.3,-89232717.65,78188607.88
43731269.09,-75557479,131007590.06,-60373664.31,78952498.4,-10610646,130996311.83,113775801.9,58509129.91,-4431816.76,47501132.21,130998596.37,71660705.25,-54013872.86,130992473.71,130999034.47,-25153609.76,-6188680.3,131007714.62,57485233.17,60053550.95,28795822.91,20892864.02,-74534391.36,130994286.65,89272065.13,46464846.08,-71973011.16,-35417063.75,-38459274.16,58278884.13,90890848.13,-59674525.44,-35882858.3,47020761.55,130993602.81,131008619.49,-70453694.76,68608607.19,-67582310.04,131013514.44,-40634371.93,-36449690.04,36502831.3,11180786.89,-81678813.01,77531824.06,-513024.21,-24865907.82,79802822.57,-86458646.81,130998835.87,-48350384.21,130999862.12,69278653.73,74573785.52,-42685479.25,130995991.66,73720132.05,-10035482.16,-70672406.37,78203098.69,-50882136.83,82395850.48,-63521589.72,81473508.74,-34763560.65,-93176106.23,329506001035.68,130999122.12,84511940.83,131018192.67,131053650.28,-96417024.63,28514791.65,70370655.96,-26402762.96,1631836800000,10462563.6,2255876.74,82067300.05,130992246.87,37151036.28,63418005.92,25232827.36,131013128.75,-93646496.07,11711433.43,5298691.63,34954767.76,227472506.29,-6391946.82,159302676743.23,53419709.86,24142523.68,-65925444.75,131024168.71,-81202038.11,17209521.55,69309767.45
35379897.39,63868904.42,131009995.56,39960114.36,-26393902.6,-90545275.91,130997224.67,113776620.22,63645261.91,67248488.52,83958193.18,130996598.21,71659897.21,73248714.83,130994206.16,130999595.95,38119119.45,70277285.48,131008027.4,-84905912.56,-87908820.99,-72789999.17,-9899035.1,-76230531.01,130994460.41,-42621573.59,-4166536.07,14398065.32,-31060653.97,75607343.53,-84643806.25,-16137334.09,41535314.49,-25568937.27,23077077.81,130994032.72,131012187.75,28456135.64,61701876.69,-72521376.09,131014834.24,-2450274.15,65732849.62,99514261.63,-94512722.29,-48844487.02,71168693.94,-17496715.48,-15568930.15,9549845.59,29090918.14,131000731.66,-13842197.02,130998388.33,89624704.67,7658170.83,-57927981.13,130995768.17,45398022.05,41951258.73,30509968.61,78434586.44,-24985721.28,-54074138.32,52810070.76,34119543.88,-43211230,-64399824.96,58256001534.01,130999433.97,87673314.33,131018754.78,131008987.04,-80254218.76,17904386.82,94351762.08,-56678930.24,5805475200000,42237364.45,10172964.42,44362952.78,130992227.07,86548370.41,-48860929.68,-42228221.18,131015044.38,-53630821.67,-45233432.51,-18695587.77,-94139077.27,227470522.63,-31645862.01,134115175154.18,-21385293.14,68265.48,94117740.07,131002044.67,-55695050.9,61562384.89,12910942.22
-47938287.35,28629673.41,131010227.77,71885282.36,63711746.58,-46871559.46,130998598.09,112385510.48,-16854495.55,-64591787.28,-48494231.8,130994234.97,55360360.56,97670962.62,130996461.57,130999501.89,90103047.32,59941817.01,131007998.38,66920587.81,-57181854.74,-96580781.49,-12158050.68,43491013.66,130994420.61,33031277.08,36053032.79,1094758.65,-17296614.46,-29660473.6,-81760640.73,-95947080.16,-27174102.27,48146673.01,48473921.57,130995315.14,131014023.93,1074016,-649923.47,29196532.78,131016145.36,44805945.81,19852660.37,-70302571.53,-50084925.75,-20834333.77,70413523.83,-26182726.24,-661682.79,-57592370.16,-98518149.85,131001507.92,-71791537.9,130997070.27,-56033477.07,-26695340.39,-40702943.01,130994966.5,-880993.92,69524008.24,-19812059.63,86428914.71,64081152.34,-1399722.96,-3646106.93,79372099.74,26068705.99,74054362.9,29193500800.99,130999538.38,-36581810.21,131019006.75,131071962.5,64929089.21,697112.15,-28237097.16,-54778304.79,5659891200000,-97662595.96,-16650309.74,-43792489.15,130992109.61,63592838.83,68113227.02,93349195.82,131014786.68,-23291832.38,40666847.15,48812351.69,28192363.07,227469239.98,-29087245.91,126688090603.64,-79938022.33,36416621.43,51343207.45,131015532.73,86382559.23,49412264.16,78512404.83
46593609.7,86952685.64,131008767.94,32646833.93,-37977204.2,-51772057.28,131000132.6,112385988.02,-35190543.69,97669076.16,-58542238.64,130992515.36,55361807.97,-79996606.56,130998510.65,130999261.69,-31470026.42,99233633.19,131007655.8,77162212.55,51046177.89,45590653.73,49553602.33,-68341842.6,130994317.13,55877551.31,-42812063.84,6278467.76,-99841970.33,67646613.84,93655946.99,6326691.22,38229700.89,-80285884.4,18056417.97,130997358.82,131014054.15,78881771.02,-93246072.27,-63416645.39,131016870.12,-60335920.42,-42722780.48,-66583206.12,-2765368.87,-6177868.76,-47758776.67,23454014.47,-2208813.85,28283936.26,57364645.43,131001076.97,-64893340.43,130996262.31,-62994686.15,-22296169.31,-94924362.97,130993663.99,-86902439.1,-69006302.8,-40770155.66,8433321.21,-84459183.63,45201532.47,-5416686.78,27320649.82,63402058.81,-97358210.69,3479764446.93,130999078.16,56314386.98,131018961.79,131038671.21,78377494.27,61961347.33,-57528190,79138552.98,5519318400000,-78045905.64,-15429811.62,-21004988.72,130995198.22,45955950.22,-75212808.14,90480725.55,131012780.48,70411491.58,-65814226.35,69513190.6,64246008.27,227468827.04,61372775.41,125874818730.1,-85433959.42,-82667080.86,70550402,131003357.36,46653407.02,65395640.33,-45134450.38
80277661.81,-84205665.1,131008786.29,-53975223.24,-22411102.65,97849278.26,131001262.87,112386752.07,-14347572.36,13750079.36,-83836241.04,130991897.25,55364069.19,-71896782.61,130999799.06,130999146.4,-44810280.89,53029188.6,131007346.4,-24961171.58,-22646314.55,93823101.08,-47966946.43,40888884.14,130994369.04,28333871.69,-30796793.79,21420499.04,41116393.53,-22442428.21,-63609361.93,70290207.57,-58336507.34,-19384883.71,-34002182.29,130999573.54,131013081.06,99650485.98,-68914782.79,-64381026.35,131016533.92,21233199.06,11052134.78,-18105306.63,-68219728.95,34444267.79,-77584159.25,-16760462.34,-40374946.55,-41734643.39,16629182.82,130999693.48,6137793.41,130995848.37,-39918811.14,-21675422.78,-84736155.36,130992378.39,82994226.82,-67349542.27,-50726866.67,35281119.48,57528407.46,53298217.78,-11098932.53,-55790293.49,82208541.26,-91819114.08,1550130996767.23,130997791.58,-35666827.59,131018904.37,131015240.76,-20366266.54,12779508.83,2747169.61,-79166988.33,5388076800000,-32678887.71,-80586108.67,44512223.47,130996639.9,77226334.92,-99277369.01,-68417025.76,131011793.96,-77035713.39,-84383961.46,1271216.29,96015657.25,227469052.9,80718125.6,267312319678.26,58661529.68,-24453747.55,-81736862.86,131010400.28,91742664.78,38038806.82,-74458605.48
-90491065,-76853139.88,131010040.52,71471051.31,58248184.09,93193598.82,131001434.54,109085281.03,-84581037.7,-31036216.42,-93805152.44,130992518.64,55613401.63,-86034116.31,131000172.64,130999159.22,9381902.42,-94448878.94,131007154.09,-71339640,5934562.35,-24360669.97,90209725.66,29311207.23,130994935.61,-16672880.08,11701008.38,39859117.5,16336737.31,61745981.6,-55614566.87,57873776.52,89964325.9,-20234781.78,-43021620.25,131001216.19,131014263.35,54708078.8,-2936410.83,-90064939.07,131015045.32,87861165.41,81483694.59,-33413418.88,-87933048.28,83781759.34,32452324.94,-43604123.42,80674869.51,-29887705.69,60804448.43,130997952.78,-70574625.34,130995483.02,-11150929.15,42298088.33,-96096508.72,130992213.93,-25974561.26,3774358.65,-48398426.55,13729660.05,18505685.7,-76236776.3,34201314.95,27863385.73,-51608384.24,4092481.1,43724744794.7,130995827.92,-7070799.33,131021424.3,131104408.68,-26890360.2,84671287.73,-65083542.9,-24223592.98,5269622400000,70513530.64,-79134831.06,-14346264.82,130997076.75,30402477.46,-60775636.78,-49399818.6,131012969.03,22586571.3,-56827685.69,-17002372.43,-31846603.35,227469490.28,-87909396.51,240671696635.93,63529113.86,-27328892.87,-69595405.57,131021453.62,-82156604.07,-49636693.26,43466634.14
-5048207.15,75468107.89,131014405.36,33485263.19,11177081.24,35685236.96,131000407.65,109086297.63,64238507.38,74327507,22651968.91,130994101.37,55615140.7,85260312.51,130999880.87,130999059.66,22359390.23,-3845410.94,131009722.53,78775334.88,-25722478.21,-72299418.51,-96861249.06,32207470.32,130996308.16,-24023951.22,13910863.62,-5557928.23,-8533227.26,-13898785.6,78387261.48,97035491.66,-32866410.03,-3222456.39,22765671.54,131001744.74,131013434.92,-32740663.28,-82186809.38,-62026749.56,131012792.87,20402324.15,96903827.1,76669704.93,-85498126.17,-65153289.15,-83940148.49,-44088855.23,15233495.88,-80155609.78,-48081753.72,130996499.3,-94212874.9,130994895.01,68332265.18,48114726.07,80124974.29,130992715.41,-59062290.49,10111171.11,-79087251.21,-41295689.22,-82770491.14,35430107.8,60560817.11,17427003.93,-19500955.82,-63697442.2,30748277595.11,130993771.52,78104195.41,131022041.37,131017858.66,-70959125.43,-63429973.84,-51066793.78,70703916.51,5167411200000,84921978.52,28512347.32,66466131.95,130998008.78,-32497669.96,-48448473.18,-61037468.66,131012742.3,7900517.83,16452545.25,-56625421.76,-28005964.09,227469804.83,-48917910.76,239858427385.55,-85842482.29,-47705091.41,45034133.75,131000902.29,-16783951.59,90445560.12,94890581.05
-80989812.57,87542279.19,131016002.41,-64296381.73,65393580.67,-81138073.48,130998416.9,109086733.15,-99939594.78,29531961.88,15442945.26,130995989.01,55615824.77,69051107.27,130999369.13,130998449.48,56622373.81,-55887287.05,131010149.72,-64392000.22,40434330.48,59529859.02,-44695349.66,-36829076.13,130998275.01,96745990.05,-37742533.98,52061937.82,15248832.12,25921942.27,36506334.05,97044830.1,-94126553.28,50523595.08,7557742.05,131001010.74,131012949.8,-46256363.81,-54895651.47,76622046.37,131010496.9,35675168.55,-99341660.15,-94340389.49,-90338968.3,-63572877.88,-78259967.86,81138.77,36811845.46,-77245695.32,-39558556.36,130995628.99,42181021.93,130994041.96,69817830.55,-62140179.13,-25551006.96,130994354.99,22533972.37,-22137781.76,-89218157.25,91263405.34,-70839794.6,-94759709.88,1727256.29,-27583357.57,67661834.87,12114187.05,58255993452.97,130992320.74,93951507.24,131022751.16,131003196.28,2489826.6,1545527.12,66240792.53,97644464.5,5084467200000,-27780633.82,-30068683.06,77338073.22,130998346.94,69890008.88,-14278850.63,18603419.86,131011146.26,-27800055.05,-17052002.87,-16175639.83,69939159.65,227469959.78,58585973.43,241752529394.62,74077824.38,-47538013.79,77412009.96,130997329.19,-1668723.88,41040160.33,-39032363.18
-26211029.37,97987302.11,131015422.7,10846211.09,-91675913.93,-18354269.51,130996094,108895105.49,-85507853.67,-98146661.39,-97885800.44,130997566.13,55125689.81,-61005286.72,130998987.32,130997130.34,-42571112.3,-34733666.09,131010257,-69358387.87,79376671.65,-59399669.28,-81886655.9,17768656.13,131000284.49,64159389.07,48716557.12,89575481.84,-16215231.39,-99228843.29,-58322849.91,-90699154.93,-62360723.46,-20985975.97,82618170.76,130999362.8,131012657.91,83290730.98,25408199.35,-89695092.04,131008889.12,7455965.61,-76356402.23,73482757,40295410.51,73865295.02,95103000.36,82537131.16,-9037149.03,-89575421.57,80510394.1,130995265.81,-49526397.24,130993242.13,-15791560.92,4215203.31,-3679566.87,130996705.42,46845918.34,62581668.85,88676712.14,-73905658.72,57491413.72,11424330.76,47362185.24,46827875.64,35610290.03,-97124692.62,8502907529.19,130992015.12,3225968.23,131023016.74,131103311.83,17138381.54,11424552.96,76945304.31,4366488.87,5024332800000,-83503876.44,-53204482.99,-6903405.45,130998832.76,31625616.99,-28248253.06,2020035.75,131008725.69,-52395368.52,-88599984,-12755456.79,30631952.91,227470217.95,97774796.97,242192921877,13874595.97,-2220201.91,50623946.59,131011982.13,5215817.98,-36743177.75,74699909.55
4638273.53,-53921714.09,131015025.7,15276761.87,-29555511.37,-44369185.03,130994187.77,108893458.68,-47592263.5,-99023021.54,-90530045.51,130998505,55124755.8,62393206.45,130998785.52,130995283.08,-22497937.05,-63506171.44,131011745.08,-60485781.07,-92333196.64,17817026.43,72117801.04,96937268.46,131001647.88,-73409032.29,-15160887.93,66163171.65,-21620105.47,-71736038.8,84729721.73,-98243732.2,41826686.33,45411253.62,22158976.72,130997451.5,131011454.86,49054166.27,-24889271.92,81915294.43,131008387.48,-21352955.32,67833941.11,-69972160.42,-29530548.09,-73450402.43,-44858705.52,63048500.9,5520463.45,-50194632.13,47810768.75,130995075.84,-3182244.16,130993011.78,-57713735.72,-18866738.06,87980145.3,130998882.21,-87450946.22,99431654.84,20346386.98,75788920.16,-39313485.54,-87855640.34,31851055.58,57224120.2,-46318389.82,68440275.96,164698895900.07,130992965.46,66389399.6,131024602.8,131128776.12,19633140.81,-58864651.67,-86937509.21,67970753.15,4986489600000,54661631.43,50778750.52,-83611241.54,130999643.27,61012299.55,1935555.3,-1497884.68,131006391.52,39572126.14,-23463543.01,-58749472.49,37136284,227470943.02,1674889.81,227649712123.08,18260698.46,-97695709.6,-8498620.38,131040468.5,-12829780.69,33255176.26,86177175.01
39425621.62,18843736.12,131012562.17,9086255.17,30579360.17,3329405.82,130993228.26,108891157.57,-33432612.54,-80721872.32,-63781697.8,130998887.21,46082091.57,13793576.14,130998513.28,130993451.62,8255032.43,52354628.77,131012583.42,2174572.06,-57075820.19,4883357.32,74490676.82,-41858671.48,131001851.8,33157211.69,-79058773.33,-61531335.01,-14051356.31,50491366.99,-57763185.79,-42117045.13,-8365598.06,12857857,23818409.14,130995905.22,131012234.15,-52573998.43,69789319.22,-84740055.43,131008671.4,63180151.05,-30825636.25,78178438.79,23365083.87,-99543422.72,88269816.54,-71090884.75,-49277736.52,16724682.65,62220608.81,130994738.06,97078555.65,130993761.63,-11582571.55,-20263337.96,-32090244.25,131000837.94,-30750762.64,-61639849.9,-68981449.42,1462857.92,6592295.86,-9089337.17,4980149.64,70911080.37,-31485986.23,30055431.42,47357557736.15,130994798.09,-34609485.52,131024571.35,131116801.12,-54506671.89,-8971249.12,36823544.39,-11404153.06,4973270400000,-15724607.41,-79284939.15,-80708639.15,131000387.86,-9043610.63,13869519.72,49116330.82,131007843.91,8335974.98,48343609.08,-64982319.4,-75699938.8,227472319.87,21834739.52,199434867790.38,-95618545.33,-7861709.94,-94687183.8,131028664.29,9380512.6,-6541390.94,41457111.53
-63546658.95,-23276809.54,131014526.69,-41508438.41,-57127971.81,-89458641.74,130993311.66,108888931.5,59926370.43,-21737305.35,12425731.91,130999046.59,46081381.45,-96493496.52,130997818.69,130992308.98,-70986824.05,93427351.77,131016210.61,-88623900.34,59571228.6,87478922.79,-34809656.41,-76303965.75,131000812.13,14467876.4,38246470.9,-20890173.94,-7972401.33,54769664.38,-93157345.87,-87817614.2,-2505766.42,-17549632.84,57706120.69,130995044.12,131010503.61,-50047365.14,70781889.14,46280369.41,131009826.38,-26885164.06,-71476995.79,77860210.11,62194536.48,13688033.21,91670538.81,-78089589.6,63433344.43,8530423.57,47060870.9,130994187.82,-56015515.98,130995526.3,79379331.26,-4097885.88,95344676.69,131001202.99,-1617336.52,2310800.28,41906911.29,621135.34,-72674352.7,76887279.73,-74128404.9,-4332488.43,-29187202.38,-87017600.19,38880995598.22,130996844.63,-62435757.54,131022098.21,131002578.45,-79471635.34,97852997.56,-24577414.95,-14553667.06,4984848000000,85029694.44,-38579349.35,-47034344.24,131000503.52,74132455.73,-69423497.86,-26232407.41,131009550.14,26437910.12,19323084.25,-31323149.89,90537716.01,227474163.44,82998354.15,197497366992.52,2202688.11,83675829.92,-49564712.51,131003457.45,-95019763.31,187963.05,16448590.79
38228371.36,71068090.12,131011133.62,66646679.38,-1967727.66,-57506717.68,130994115.06,108887502.23,-43625329.14,59817189.47,1357674.77,130999318.83,46080961.07,65690854,130996526.19,130992341.75,17876252.86,89139898.05,131017270.36,-57540651.68,-13096376.6,21200099.24,-60509251.74,95325228.51,130998931.62,81523969.31,-95601368.62,38187849.12,53504993.84,22305880.58,-74539263.49,15045215.08,96966014.67,-46898409.99,-14938634.35,130994790.87,131009434.48,-72600007.61,-38459459.76,84372681.58,131011026.82,-34315306.58,31995660.15,-64944962.41,96613729.72,-2010528.87,15546200.25,71848774.19,-64423851.43,85596498.48,72221561.94,130993701.73,45472000.31,130997884.87,-80342738.92,-70456891.61,-98271774.7,131000671.32,-54865272.56,78385709.16,5731758.75,84231010.91,-9823535.3,68448965.25,-12729783.03,89473858.89,-45844525.24,-25793208.55,310130995992.59,130998472.91,-21436335.6,131019420.47,131000338.31,8906686.51,66587905.11,-9610553.64,77473587.05,5021049600000,-27382229.69,636147.62,-79108547.33,130999721.51,-95228334.65,-57429239.37,97720235.52,131009886.12,99935143.47,44388992.52,-57012329.8,61411078.24,227475937,-40834788.73,225591116364.89,75616433.87,-39760886.9,-58502275.39,131004369.16,70499799.93,-38045002.31,-81517937.91
-21487821.23,10979049.54,131011384.96,-94519921.53,57221288.96,39360062.76,130995122.54,108887260.2,-29591239.71,49797507.38,-15350175.58,130999781.04,46080545.12,27932911.29,130994824.05,130993595.61,68731751.98,-82278797.27,131015785.96,82335458.2,16752892.71,-18112975.56,-41414368.58,-86909264.38,130996891.12,-10988349.81,-99841562.2,48765583.26,45850062.79,-58274071.53,43003445.55,-82603041.39,-29496694.07,60947380.45,55871369.34,130994798.09,131007404.96,74616684.95,82714263.92,43853320.02,131011900.97,23899705.75,55606803.35,-19325703.5,65598123.9,75853862.2,86338445.58,30688192.89,41374040.8,19957267.88,73048066.24,130993742.86,78411236.37,131000109.81,-74057957.8,-80983462.51,42245704.57,130999273.49,-7282743.29,37760971.51,10755218.18,-14912615.71,-83388477.09,-98977127.58,53126933.46,-44010651.01,33486932.2,64733205.75,310130996763.48,130999362.73,59415594.26,131017059.74,131004776.05,-53371494.41,-36287930.04,-77261353.31,22605422.94,5080752000000,-35884495.63,-14159375.87,-98245538.23,130997980.87,32412030.07,-19596856.86,31475729.75,131013709.06,37008041.29,70429952.15,-9253926.35,62147374.69,227476982.53,-96639997.61,256256239439.4,74374515.8,4680766.67,-46637264.04,131004199.37,11707512.91,-80610655.07,94091303.54
47283627.5,58213422.31,131008579.48,-54874535.26,-98477018.83,-46797238.64,130995928.62,108888109.92,-48547363.3,-34021707.5,11326944.47,131000179.97,46079802.04,13284177.24,130993242.29,130995644.58,78272757.15,73600977.39,131013935.22,-68385879.92,-97766763.87,-29114019.89,85542920.78,-33932999.41,130995328.07,-59497399.23,94547351.99,-98685723.41,60110502.34,45071337.88,-56246370.52,31591640.96,-91403039.68,-19071936.14,77588332.33,130994722.2,131007024.89,46783310.14,-86998648.23,-93477805.37,131012432.28,3289568.84,-69831483.56,26402306.49,-89039457.9,26632133.72,-38870126.57,-67344939.84,-40766467.13,-25308889,46288838.2,130994675.67,62223554.83,131001490.7,-7762020.67,76857372.74,-48440982.63,130997993.59,-2548720.79,-16629509.62,-4041515.93,65015511.5,81465210.03,29376463.58,14872381.81,-42152135.31,6340818.37,7850927.47,620130998081.24,130999600.44,-72227719.95,131015761.12,131006313.73,8098794.44,-15357708.79,33502555.73,87507311.87,5162227200000,-55020215.03,54499303.24,-33874256.2,130995710.3,51116519.02,31384260.35,52209563.86,131013398.82,24270056.69,-19187505.06,19313581.15,31107842.06,227476843.8,92242702.18,163256239068.48,40835320.02,-98868447.05,46853175.64,131006398.22,-77420922.61,16945760.77,33242218.36
38450343.47,-82503466.33,131007947.76,-53100278.15,-83202861.24,-77640908.88,130996445.79,108889561.41,-21079435.77,-19573220.3,78983947.9,131000077.05,46078628.34,-50962752,130992420.76,130997792.28,-24388598.75,-82546447.66,131010665.64,11106618.39,-14205815.83,6973655.74,81889824.35,25101453.18,130994556.46,75704076.28,6952934.87,-92103418.37,59221811.44,-91434495.32,65368353.34,74890256.78,8373773.14,28503180.42,60215800.13,130994470.88,131006946,-81590766.92,75224765.98,-52693816.32,131012900.12,65405343.12,89104529.95,88248587.91,-16409147.92,38393778.25,3018528.02,-25143830.22,75062703.68,-91838325.08,90227657.82,130996505.2,-28639651.96,131001655.36,32795220.44,65280450.05,79949849.39,130996896.25,63145703.26,86530541.42,-60992668.94,-16394061.61,-51708769.31,91509231.35,52817416.6,43504191.78,71258238.74,70169414.82,1170475447.06,130999543.92,82054256.04,131015578.93,131069487.44,-24820776.56,-49130303.59,13517446.78,-65424730.99,5263488000000,-3434893.6,1709886.36,-60882070.71,130993632.08,9116677.55,30859453.76,30028504.36,131013840.49,12866277.96,-89035290.85,25908807.35,-8605363.77,227475506.92,12410097.94,159000810937.8,87271983.5,-32035898.47,75133856.49,131006686.1,45791460.71,-99262531.89,-17848685.45
15603374.31,-84837435.99,131008096.17,-25105848.85,50347055.12,-68844754.31,130996902.06,108891010.5,57732727.89,31661510.98,83392995.98,130999130.84,46077288.07,80238946.95,130992788.18,130999399.1,-55505532.12,10418289.44,131008464.29,-3723100.49,90346072.78,81631748.37,-28082253.8,71037998.85,130994477.85,19062496.77,-78746375.85,-36951262.07,56827820.58,-77680167.88,-24364229.01,21146450.36,15067287.64,-47730571.5,-87839027.64,130994277.63,131008717.73,40797138.92,60777266.94,87958557.63,131013638.47,-28980570.28,22677883.07,-67512390.71,-3183897.14,-17429377.94,39332196.73,-59075721.02,-53096584.04,30924794.08,-60691508.03,130998797.82,70063980.38,131000720.76,-54150880.82,10807902.09,-80787371.99,130996355.76,-80121746.04,-16293566.51,-70389393.36,-58715332.47,-7413995.13,76494225.84,43795751.38,6819842.52,-93320683.37,-8502814.51,310131001269.91,130999548.92,-98879967.17,131016135.45,131004621.93,-10136601.78,85176144.03,26398802.75,18713792.71,5381078400000,52298814.36,32628214.48,21785398.33,130992441.21,-22558439.62,4995709.76,-90326210.33,131013904.42,-63539302.98,68643255.03,91161053.3,-69092013.43,227473424.86,8548410.94,186939081344.56,-80577248.86,-29519398.72,-96710556.46,131001356.74,19738461.01,-99075474.97,27917355.65
39184264.78,49309728.99,131009482.75,11915480.86,51993940.27,17634238.51,130997637.28,108892049.57,97390035.22,18828292.47,26494223.72,130997352.21,46076326.69,9331190.74,130994327.56,131000160.31,-35340129.66,87003811.4,131008274.07,-65937888.71,56973301.36,62530882.58,6286633.1,-45396624.33,130994720.29,-67571147.87,51527568.57,-5170818.87,28319983.13,31988680.21,93402003.03,-87187378.32,86962578.68,32446863.77,-68963707.47,130994558.32,131012102.26,-34325549.97,-14088422.24,-18928377.14,131014760.97,-64084894.56,-3034260.3,58365405.02,-10210055.73,66338725.5,-65157909.4,-24516580.92,-13025695.63,-75198172.29,98784171.23,131000839.17,25100904.86,130999197.91,-77133452.51,15141204.58,-59068114.05,130996172.83,7952953.1,-18879852.25,67197465.11,50099061.62,-12007523.19,-39384499.08,-41472424.01,-19444477.72,20640218.42,-31862765.19,116381001996.66,130999722.24,-34604940.6,131016655.91,131019144.33,-67028592.93,-62577751.03,-98278522.16,-66902766.37,5512147200000,24049023.46,-19916771.53,-15684537.24,130992488.13,-30847816.63,-6333264.27,-80879164.57,131014643.1,-45569514.31,19580708.82,63993728.02,49139726.69,227471309.53,-36433920.7,192751579833.07,-93588938.45,73145312.16,-90533852.89,131007043.48,-36399194.33,-53919937.63,60408947.27
23077892.06,-26473362.92,131009577.25,87889070.8,-66944562.64,19455394.06,130998824.38,108892638.02,-39688585.41,83494372.91,-73603308.61,130995178.91,46076298.26,1121967.43,130996559.49,131000190.38,-17243052.03,-49381402.55,131008081.04,-33959638.46,-1370920.75,65837581.18,-69601188.73,53168423.54,130994913.99,25105570.73,-97388670.5,-36879013.78,71366234.3,95590419.96,-81379438.21,-19853653.66,63516986.61,96023644.52,45096381,130995632.67,131014168.35,92514782.9,73930701.79,41664789.53,131016020.27,-14176953.67,-27703369.78,-80047552.73,33227683.37,14131593.79,57693740.52,-77898667.8,-70367122.86,38223753.19,-67574086.83,131001953.17,70751938.41,130997708.77,-48207418.08,-2547862.29,81046803.87,130995578.32,-62183489.41,91747497.14,19051412.81,12944055.83,-29367032.44,-69733205.34,42255160.84,-31002764.87,-61706648.69,-30859196.17,310131001534.78,130999847.89,-95846679.33,131016897.73,131001661.9,2665670.89,10352684.47,-40022688.96,-31131783.28,5652288000000,-53709597.9,99881462.36,-87061689.27,130993632.65,-24443845.45,-70358135.85,-93066102.6,131014033.51,39408211.36,94219143.41,27695219.29,-74677932.12,227469801.74,53924488.28,222914387162.36,-99926939.93,-30821278.46,-71561728.1,131000445.34,-97954759.68,-89733152.38,-6530798.89
58800187.59,-17694161.66,131009940.09,47324606.81,-68094677.72,-39393904.68,131000285.78,108893045.68,-27782598.93,-68273727.11,95010164.5,130993315.6,46077454.38,-41543228.77,130998756.87,130999879.05,-73437400.06,-74438924.11,131008237.15,-9090273.6,-59306839.06,-10167772.63,-80512812.94,-46513661.97,130994938.08,66317347.97,31724777.05,17319697,5415543.4,63350632.92,-92877477.32,41235887.89,24369957.65,-93352064.64,-31042455.23,130997474.64,131014966.68,59017527.46,-65434458.2,-46510080.6,131016892.16,48807639.79,10392449.48,-94585021.64,92205845.18,18503389.82,75286907.04,-58494569.68,24091129.21,92528782.52,-39148951.66,131001814.45,-96523691.43,130996674.2,-24840368.48,-90979991.84,348832,130994570.68,-63192146.58,-31068125.92,50785174.56,94933830.32,18866863.88,-64388763.13,4346874.69,68763101.1,90395465.38,33622421.27,38880999930.21,130999530.02,97723693.05,131016747.41,131002399.84,95859680.25,23757895.72,-5257631.49,1015148.55,5797785600000,35362872.22,22228871.33,93426727.55,130995343.27,-23846625.32,12963392.42,-6219083.9,131013748.14,-72254223.74,29662353.41,17207263.84,-93831779.79,227469194.73,-82947364.84,210332596529.63,46603012.61,25205802.76,-61855615.27,130999820.39,90920200.58,-891608.31,76605120.9
-14740346.94,16402150.86,131009703.66,-29509860.87,-9182439.65,4050387.19,131001521.67,108893613.05,14551502.62,-91449475.99,37327391.53,130992446.63,59657569.83,1149132.93,131000278.32,130999631.67,3530271.57,-12925634.1,131008322.21,88702560.08,-79324688.8,91505550.89,16304737.52,42801334.61,130995028.9,-53209988.22,-46198731.64,75505057.73,22042870.64,-10402743.23,19700034.96,-58717460.73,-67483665.61,-4989324.94,-22699119.05,130999655.97,131014416.27,32908886.79,-55391733.18,8718918.61,131015839.04,69657600.58,-67907181.85,46549544.9,-69972596.67,28458453.11,-51862794.2,76235096.79,66541741.7,-73330620.63,-66363607.11,131000607.81,1170509.46,130996156.72,66967928.57,-24794178.08,77554873.26,130993577.78,-96444785.45,6182065.1,1295995.94,-92770288.93,-68299755.41,-18575394.99,-35864144.8,-87797292.86,41383287.99,-76990928.51,213255997687.21,130998482.27,-90197416.76,131016424.17,131028326.01,-6817876.57,742937.05,-94315481.04,23686382.91,1624492800000,78254712.85,-81312711.69,5757610.17,130998391.74,94987184.38,-58230206.12,29563033.76,131012615.04,17129258.02,21626128.68,-74581809.55,72062859.63,227469354.79,89788617.96,226922440952.54,13177527.27,18959546.99,63061625.34,131012738.57,-95459608.61,-54971625.33,82821149.2
86417645.01,-37653813.9,131010806.67,38785322.05,83432634.84,52429092.87,131001945.44,108894476.75,-37613999.05,84872701.75,-27172237.68,130992809.83,59660008.07,-13754105.74,131000843.49,130999544.97,-27960784.27,-80549462.44,131008871.93,94557194.82,-31802714.72,-62613253.54,55176915.41,55997735.39,130995494.28,-97857499.29,-94214456.14,43589075.95,51082731.51,-82632781.23,24254172.51,37292955.06,71662562.11,-52535487.83,96619840.93,131001456.61,131013736.54,-55161793.52,-2852118.49,-26222447.55,131014643.7,78958511.45,90106281.2,8511198.74,-59217390.66,41882160,6331898.72,-83167821.45,-1562600.09,-69334548.97,82640034,130998846.79,-73421755.39,130995860.87,41980373.72,-34609061.48,-60597164.55,130992911.32,-39251775.94,33300982.34,-51110580.23,-43010894.3,41016898.5,65466534.42,-32045214.56,-14956488.25,18925178.64,-77398181.11,310130995547.12,130996716.52,-53207557.03,131016919.5,130996305.74,-43399742.39,-63730745.19,-30422104.82,94449679.66,1768089600000,83268516.25,-68147666.3,71839967.53,130998120.95,-75374545.55,4298835.81,99277314.07,131012061.97,81159629.1,-6983699.07,-30859678.56,92361738.18,227469870.95,83358295.18,254047442735.53,4606379.7,57850764.4,74858936.26,130997516.14,-92479543.77,81408148.85,88742929.41