E4,TEZMTy1Xwqd7Im0iOls3Myw0Myw5N10sIm8iOls0NTU0MDA5OC44MjUxOTczODQsNDgyMjQ5ODUuNTQ3NTI3ODEsMTIwMjQwODEuMzc4NTE1NTgzXSwicCI6Wzk5Niw0MjUsOTQ5XX3Cpzc1wqdSSTgsSVA1LFZZMixMVjMsT0EwLFZLNSxPWDAsVk4yLEpCNCxYUDMsTUozLFpFMixXQjAsU0c1LEdINCxSRzIsTFUzLEZJMixXRjIsVkgyLFJHNixKSzIsUEQyLElPMSxISDksS1oyLEpLNSxCUjYsTEc1LFRMMSxZRjksRVMyLEZQMixOUTUsQUMyLEZENyxXUjYsTkYwLENOMyxHRTQsU1U0LEpFNyxNSDAsV0Q5LENONCxPRDgsTFEzLEVBMixOUjQsRVQxLFBWMCxUWjksS0k5LEdHOSxQRTIsV1o2LFdFMyxJUjEsUFA3LEtLMSxLTDIsQlM5LFVPOSxWVzQsSFAzLEhJNixHRDMsUlI5LFBYMCxOVzgsWVU5LFFDNCxUWjQsT1Y5LEtKMixYUjgsWFQyLElBOSxKUzgsUUc0LFhVNixLTTYsQlE4LFVUNSxSSDgsUFQ3LFBJMyxWQTIsVE40LFFCMSxNQzAsT1YwLEtPMCxIUTgsT0M0LExVOCxTRzQsWUo5LE1DNCxMSjHCpzA6NTA6Ti4zMyxSLjIsUi43LFIuMTcsTi41OCxOLjQsTi41MyxSLjIyLE4uMTYsTi43MCxSLjE2LE4uMjgsTi4zNixOLjUxLFIuOSxOLjU1LE4uNDUsTi43MixOLjIyLE4uNyxOLjQ2LE4uOSxOLjYsTi4zMCxOLjEwLE4uNTAsUi4wLE4uMyxOLjQ0LE4uMzcsUi4yNCxOLjIsTi41LE4uMjAsTi42MixOLjU3LE4uNjQsTi4xOSxOLjYxLE4uOCxOLjY1LE4uNDAsTi4yNSxSLjEsTi4zOSxOLjYwLE4uNzQsTi40OSxOLjIzLE4uNDgsTi42NixOLjEzLE4uNTIsTi4yNixOLjAsUi4yMyxOLjIxLE4uNjcsTi4xMSxSLjExLFIuMTAsUi44LE4uMjQsTi41NCxOLjU5LE4uNDMsUi4xOCxOLjE3LE4uNDIsTi41NixOLjE0LE4uMjksTi4xMixOLjI3LFIuMTIsUi4yMSxOLjM0LE4uMzEsTi4zMixOLjEsUi42LFIuMTUsTi42MyxOLjM1LFIuMTQsTi4xOCxSLjEzLFIuMTksTi42OSxOLjcxLE4uNDcsUi4yMCxOLjczLFIuNSxSLjMsTi40MSxSLjQsTi4zOCxOLjY4LE4uMTV8NTA6ODpOLjIwLE4uMjUsTi42MCxOLjQsTi40NCxOLjU3LFIuMTksTi42NixSLjI0LFIuMjAsTi43MCxOLjE1LE4uOCxOLjYxLFIuMTcsTi41NCxSLjIzLFIuMCxOLjY3LE4uNTgsUi43LE4uNTAsTi40MyxSLjgsTi42NSxOLjEwLFIuMTEsUi4xNixOLjMyLE4uMjYsTi41MSxSLjEsTi4yMyxOLjYzLFIuMTAsTi42LE4uNDAsTi42NCxOLjE5LFIuMTgsTi41LE4uNzMsTi42MixOLjI5LE4uMTMsTi4xMixOLjE3LFIuNixOLjksTi4yMixOLjE2LFIuMTIsTi4yNyxSLjMsTi41OSxOLjAsTi4yNCxOLjMzLE4uNDYsTi41NSxOLjQ5LE4uMzEsTi43MSxOLjIxLE4uMzksTi41MyxOLjM2LE4uMzAsUi4yLFIuOSxOLjQyLFIuMTMsTi4zNSxOLjcyLE4uNyxOLjUyLE4uNDEsUi4xNSxSLjIyLE4uMSxOLjIsTi42OCxOLjY5LFIuMTQsTi4zNCxOLjE0LE4uMTEsTi4yOCxOLjM4LE4uMTgsTi40NyxOLjM3LE4uMyxOLjc0LE4uNTYsTi40OCxSLjUsTi40NSxSLjIxLFIuNA==
RI8,IP5,VY2,LV3,OA0,VK5,OX0,VN2,JB4,XP3,MJ3,ZE2,WB0,SG5,GH4,RG2,LU3,FI2,WF2,VH2,RG6,JK2,PD2,IO1,HH9,KZ2,JK5,BR6,LG5,TL1,YF9,ES2,FP2,NQ5,AC2,FD7,WR6,NF0,CN3,GE4,SU4,JE7,MH0,WD9,CN4,OD8,LQ3,EA2,NR4,ET1,PV0,TZ9,KI9,GG9,PE2,WZ6,WE3,IR1,PP7,KK1,KL2,BS9,UO9,VW4,HP3,HI6,GD3,RR9,PX0,NW8,YU9,QC4,TZ4,OV9,KJ2,XR8,XT2,IA9,JS8,QG4,XU6,KM6,BQ8,UT5,RH8,PT7,PI3,VA2,TN4,QB1,MC0,OV0,KO0,HQ8,OC4,LU8,SG4,YJ9,MC4,LJ1
-53084314.93,105794862.08,105788292.72,105797546.17,28732119.89,90594343.4,94869599.28,105791346.13,-34743796.49,98135485.09,105789477.75,-47391571.78,-412124.61,52162444.09,105797701.12,73270663.2,-15456934.82,-97543968.57,-73008098.12,-73457456.14,50155538.21,-48040202.66,-61356572.73,16098604.11,16557352.77,46281534.19,4826649600000,-81094668.63,69896114.16,-50918185.39,112394646.69,-94362643.14,-96290213.18,35176093.36,44410397.06,94650964.89,65865646.25,177730.88,-83997116.29,-28078007.03,-75008519.79,-62317494.7,-2660263.69,105797200.26,43490638.9,-92872242.43,5902548.71,22907969.28,64237338.74,77227993.12,-80994176.12,3763376.49,50033775.4,-49948883.5,22722623.04,112382057.37,37358792.43,80745161.73,57541639.93,105783636.45,105786089.79,105785468.05,-25512135.3,69335108.55,82676254.17,84147411.28,105782273.44,-13090602.85,-36934156.41,-26336082.74,-27558033.46,-480520.82,-90774.42,79141714.86,105794894.66,106579277.52,-46559050.77,-52895506.17,-26126423.21,18021790.99,-22829292.77,105784659.22,70018157.44,8088582.49,105791158.35,-60843360.2,105788459.66,105788949.73,-28447060.62,69762417.05,-40226747.21,106581880.17,83972059.91,8567300919.28,105783172.54,82847798.51,105797177.35,-57872659.66,32598081.12,39017636.16
-54382367.23,105790355.42,105788386.69,105793800.07,-90761816.75,66796231.64,84067538.48,105789276.39,-18912039.21,86204802.66,105793290.98,72575466.13,-99760908.8,28541815.13,105796338.93,-11880488.27,-90974086.59,-44540156.35,-89374497.74,51628399.41,89365607.32,-71437902.4,-72590804.08,30769937.88,728891.9,25657563.54,4969209600000,22317493.33,-54325932.15,37873624.5,113792213.03,-68161623.34,-45205323.25,63955722.33,93360761.99,-37751528.06,-36228617.52,-76598313.82,88492026.09,35099845.72,-44766650.83,72507075.67,-2668598.81,105798269.33,-67898834.61,14983529.7,22551123.31,-67503342,20319272.16,-34780101.39,92543083.06,56143502.42,15219302.28,-14234050.56,7325892.6,114244444.14,-66446767.8,-93287029.21,-57409874.27,105787482.96,105782123.07,105788814.38,-22816531.63,52576652.82,-25058913.31,-74304211.58,105780419.76,40634007.29,-64687525.67,54460434.21,14675737.76,53234814.58,28388168.38,23864418.46,105795831.33,112411254.03,57856737.1,19057330.04,35109576.64,-39678293.71,-1222878180.82,105785490.24,-16560966.26,28168117.57,105789957.95,-79326348.92,105786445.4,105793026.54,5583737.81,-70674461.78,93247947.94,118248026.86,-69520525.15,4688859316.19,105785713.49,85008211.14,105800399.8,-74326340.17,-72878126.46,-8815585.53
-55850572.61,105787188.67,105792938.57,105789010.1,-87367742.85,51767133.72,63265952.19,105789033.35,16649829.73,-56737293.82,105794800.33,30579012.48,-99720297.81,7720322.88,105793028.42,25877209.7,-96386979.07,22479420.25,34437922.01,-41946857.7,68886238.52,-73028049.18,-26599119.45,36265027.8,-32077525.04,81452125.54,5115571200000,-83521019.32,-60583718.65,-2752229.65,114901905.15,50728787.02,-95497101.66,87568394.21,-94599321.18,-99101041.65,66332081.97,-20512972.59,57422336.27,-57188970.32,-33946737.02,85382099.4,6898497.08,105796938.21,20654940.7,-17800418.15,54296301.19,2985008.76,61619423.38,-92540844.67,-44813969.36,4596500.82,-97203129.19,-49744218.65,72000119.24,115537720.28,-73088586.83,96470396.59,-19899739.55,105793370.18,105780802.66,105790747.61,42953758.32,-37189149.84,-32299167.21,38280166.94,105781700.75,49661174.86,-23182304.65,-41817150.29,33167189.52,85671939.46,55953586.33,89224263.26,105794184.61,176351807.94,95042665.39,-50629142.69,43723548.71,40728573.9,-2574477211.63,105787450.57,65182889.36,-65262150.97,105790379.06,-85350103.1,105784237.65,105796859.94,16061834.83,43659808.01,82772606.64,304237717.02,-24801774.6,1763241972.13,105790558.6,-68627153.51,105801066.56,43812997.66,96622082.94,-99431448.95
20908938.88,105786209.25,105793892.43,105785205.78,-44781001.34,45687995.95,87600122.82,105790212.3,-29623368.74,-34534742.51,105793921.79,-48817036.34,-18585741.1,85752850.68,-141762509,13515467.55,33782710.85,35494454.53,-56438728.65,44135789.37,-79482571.17,70341932.05,42247866.68,-1695839.14,35153510.3,41735207.08,5261932800000,30052414.45,60278353.46,52480044.82,114576759.35,-24211587.29,6123350,6556688.05,-71010537.78,-37478048.8,-21365063.8,-23368252.3,-15954695.82,-66461019.05,-98040885.92,43435075.87,68050674.91,105794476.17,21409833.81,16930584.39,13249527.45,-41977153.81,-71910046.7,-8369554.9,-90732177.11,71748799.3,37749585.45,-3318504.31,-17195930.94,109844578.3,-24751557.23,-55971986.24,70069505.15,105795343.33,105782466.16,105790785.65,3128764.25,-31846638.48,-29673852.88,33061099.84,105785670.72,35654696.52,-64058632.7,-31765367.73,-16492323.8,-38431244.14,-46189230.96,-26696509.49,105790137.27,356676223.07,49965115.73,35158543.77,66753711.7,45011009.56,-3661371566.12,105788895.49,65933655.45,12462577.7,105792277.88,3536670.58,105783482.79,105798563.03,-74034958.03,-44486324.24,-72963309.22,897646935.77,-27260315.64,430127795.39,105795220.03,-61489986.55,105798401.42,-89609091.59,15548979.5,-49615138.18
-90273496.5,105787743.87,105793266.32,105783808.18,-2795071.84,5636498.5,65468550.57,105791443.1,36712059.15,27011391.02,105791867.91,84450555.08,-11371264.61,-18248656.25,-141764493.74,34758141.01,57427752.98,-74519347.73,22022955.58,-12645601.08,-39843522.89,88303734.75,-31747789.81,64638004.89,-96126282.91,16788664.35,5403456000000,-98072876.22,96990452.41,35207374.06,114250892.05,27754352.74,-25997809.34,-72240795.91,46617414.35,-78922832.22,-2465173.93,7108446.14,-94247366.94,-80148639.8,44844678.73,-78354753.21,35938174.68,105792887.24,4806445.18,-92238958.75,-70359250.73,93358172.9,76505778.79,26735157.54,52860521.84,90060774.77,-78574341.94,-48354464.96,22889127.36,109510290.03,56766282.07,-74022632.47,-30800089.63,105798267.2,105786063.51,105789590.35,34488811.41,84917317.06,15257372.24,14969823.94,105790629.45,57519848.85,-2265519.41,49367806.89,-14032070.72,68416402.44,-94744597.1,55093964.13,105785236.46,778941578.14,53677059.35,29034624.5,68125199.83,-32172177.99,-3661368047.44,105788736.19,-91092551.9,-47283904.23,105794412.46,69298037.74,105785284.44,105797151.94,-16887286.93,-98990188.6,-3998086.23,2467985954.7,-50421517.91,306640700.62,105798383.11,-54629742.21,105793666.26,7784284.71,58528149.6,95134154.83
-79213355.88,105790941.67,105790811.77,105784853.74,32580719.25,90898974.54,43079171.56,105791272.4,92526249.95,78278092.01,105790290.55,-63868123.25,-63177368.29,91121790.91,-141764473.87,-82091341.69,66460781.82,-23174985.2,55066975.47,28199130.3,-52313342.65,-50311448.29,76977613.57,-61180098.52,-71713904.58,83019711.89,5536339200000,-75620522.83,-45402933.57,-30798335.1,113783576.91,11094057.89,-13092272.88,-22198283.54,-9827744.33,24982179.71,62018194.54,-3407089.01,-32231751.41,-76234244.26,-56753890.29,87019937.53,-75981152.67,105792917.06,-66649579.57,28387369.06,69156486.26,-48029162.11,96768005.77,81908293.12,23790584.36,-6564763,20159917.95,-2364840.29,93273780.14,109550367.49,-35989040.83,62910522.34,84017925.43,105796339.31,105789739.35,105788656.14,93430418.76,-1354827.25,17094089.02,-32667380.51,105794502.12,-48407542.91,46453769.47,80384840.21,-6673015.28,13809156.31,54636277.7,-36816659.63,105781548.29,668178310.45,43892626.91,-28178035.22,63482643.15,-47148357.55,-3531471478.5,105787068.66,82429014.83,-55595624.17,105795112.25,6812315.49,105789394.16,105793105.66,88914446.73,-85086815.62,47818377.24,114330545.97,-40539101.7,1433325392.57,105798932.95,1376438.69,105789144.79,89608114.71,70802391.68,75583387.25
-644337.44,105792251.4,105787541.3,105787136.17,77246755.71,-56375475.61,-76450424.75,105789099.85,-36852375.28,-54286647.6,105790316.56,-60841190.03,-36768971.81,28585445.73,-141763185.09,29373775.61,-21463766.35,-69133582.29,-15915068.4,38508279.75,-10222885.13,94418350.86,67566652.48,-50006374.57,16405947.92,-18315769.32,5656694400000,-85868435.77,41042949.54,87862629.63,113318163.72,-63204504.91,-21593353.67,48775557.16,4806101.76,-93512326.14,-81202353.75,-65867451.93,5666835.99,-77415364.87,-4781344.16,-60907239.17,5090876.44,105794643.48,-41432548.27,8504848.33,14216954.8,-80723615.49,-55452804.4,-95852133.91,-46952234.99,-75122341.63,-99553260.61,18163187.09,-73163617.79,107516669.54,58111029.75,34610369.1,-41476166.9,105792664.92,105791872.53,105789257.63,-31856304.65,-77422406.07,93717266.79,32404966.8,105795902.55,-23923097.53,-91372783.4,-42059960.82,1485401.49,17523041.85,-72467063.34,-68467028.82,105780646.98,624069172.9,-88309594.11,-78034277.77,1025808.94,-32203791.73,-3531471348.46,105785137.82,-8115300.56,-69768834.84,105793323.6,84552068.74,105794284.49,105788145.4,87373024.77,-83024667.38,-42436143.4,359379466.57,-28651281.51,257869533.46,105797156.25,-65833208.89,105785848.14,-21854434.45,-1205635.65,72532802.7
14488460.51,105792521.64,105785092.65,105788973.19,-35026254.73,-78181525.85,-52202813.01,105785622.84,-80210768.42,-83463460.86,105791874.05,-75733116.8,-35748309.7,20145496.02,-141762113.76,-21026823.83,-43746412.07,-38776954.58,-4741748.11,13158485.88,-43015488.15,23726724.7,-55153683.2,63812237.27,13635520,-93705803.94,5761497600000,38170831.44,-22013189.93,-68572628.01,114571668.82,-23604258.58,33579571.51,-21270391.68,-22396941.64,-66590102.37,-44910157.18,-8745369.77,41735518.83,99915403.82,7749384.79,86593405.09,-55643655.7,105796117.01,40176465.5,-97774707.51,31466976.07,-71865713.45,40765746.64,52185784.71,46108717.81,-79749063.57,-18552852.16,-25088355.14,2694832.2,116016829.48,13136688.78,-995504.07,88770174.59,105788978.52,105791924.55,105791397.5,-55659669.09,29292240.89,-78963003.79,321979.35,105794796.71,-96612110.45,-74147733.88,31560487.65,-52806740.45,85364440.25,4896277.71,-35874743.62,105782796.65,637101132.34,87238170.56,54373737.42,-73976953.73,-9802337.76,-3813823773.22,105784591.41,43785442.71,-88036918.15,105789300.76,-17961095.48,105797885.85,105784350.89,-44194032.6,83893181.47,44997976.17,728304536.81,-13078871.08,1312717088.6,105794511.96,16666886.2,105785590.44,-8882598.88,-50286844.64,78667602.46
-58008228.18,105790783.69,105785017.71,105789213.12,-43232370.13,46847430.33,-57641669.36,105782523.62,-91315743.72,-78152805.29,105793740.97,48693696.65,-13297604.17,-14442798.04,-141762540.91,-3920307.33,77858116.27,59653851.68,-71144503.8,21647614.51,40800541.12,-69835663.37,-85872492.21,59948662.04,81217893.6,17840755.32,5847033600000,35026193.19,86274386.12,-18993643.85,115540399.12,82690586.2,83268032.24,-42985206.1,24064284.51,5460991.05,68784068.56,-36699557.3,49439044.83,43651955.38,-75920571.97,13871982.06,59233609.67,105795817.99,87465571.4,-58820889.95,20940407.92,-77622544.06,-59835493.42,75087112.77,-93735685.51,-23881595.73,-75321429.34,-24991050.56,19915995.47,116041736.81,-42586757.34,-64735925.4,43925518.41,105786829.14,105790645.08,105794904.85,-62284644.94,19439747.99,13785580.64,39992661.3,105792410.41,-46209445.33,63786298.04,-1311684.91,-46989288.21,-40700045.1,-86438084.56,73624417.48,105786837.28,585099022.76,20150773.7,-62870840.36,95096099,3717357.52,-5474939189.42,105786467.98,-31509571.12,85726442.08,105784575.88,24702585.72,105798648.48,105783098.87,-96362321.18,84047877.12,-24283040.13,169091724.37,-20218353.04,2699289410.98,105792449.01,-86292051.21,105787537.41,-26950420.27,51079856.38,-89402881.87
-1216490.4,105789476.75,105788043.03,105787895.34,-50225944.73,-1753979.54,61585079.01,105781563.78,-67285048.86,-19910194.65,105794279.7,53352535.45,69172277.74,-6202985.78,-141764713.8,65234201.78,8706216.45,25254043.1,59150321.17,-98708615.25,96635968.03,-51703530.2,28672340.75,48415622.94,5959727.39,41687945.02,5911142400000,76321798.94,22265346.34,20732483.39,115217834.59,38971859.6,91530123.2,91987925.25,85542775.6,51488049.59,-76125713.24,-67364497.77,59138947.58,94381887.52,-58806657.08,-93448739.07,-92722106.6,105793546.65,57669886.1,44579292,30536004.15,-88548013.51,95150290.54,-68167711.25,52260748.68,-16314979.18,74208759.4,-48356570.14,-66792079.01,106267552.64,-39878926.75,-82448437.45,-87971871.53,105786768.09,105789535.18,105796908.84,-73390004.7,91589018.85,66241384,94544650.39,105790450.54,91763706.59,-80372593.88,68205795.87,-94029446.05,36673965.77,62432652.02,-64990971.25,105790824.53,657616990.85,-2331319.44,95967347.7,73075285.43,62519402.95,-5474943944.55,105790504.2,-9374988.22,94768376.9,105781207.74,70433803.7,105796337.81,105784405.24,55733660.38,83726167.86,73564468.13,1310320551.94,-3615582.75,121893224.59,105792463.01,43775155.64,105790346.36,-33681843.46,84516532.6,11934194.71
58234473.28,105789876.32,105792992.38,105786236.76,-61560560.21,28089187.68,-77116844.3,105783591.05,94047963.53,69634662.78,105792483.3,-50732526.38,46011237.19,68232635.83,-141767629,-89698433.99,34995142.46,-63109432.17,88536523.19,6677000.86,-12026593.88,12419851.86,-24210864.45,-50818477.56,22275155.46,95109667.98,5952009600000,18463080.57,-61302627.98,52247135.62,115777624.27,99152589.84,-58944320.17,-15869171.4,-98625545.54,-19939796.62,50212333.03,-79874139.97,37978204.05,-70085780.36,-23119839.58,41151226.34,-95315213.15,105789479.18,64074885.78,-33716426.13,-93748295.21,87118763.07,-83750338.42,-13929825.39,-98302445.6,50687714.26,-90844054.24,26134147,25939420.64,116223543.19,58281611.31,-16862314.85,-68630827.18,105788451.84,105789896.58,105796996.85,-16787038.48,33247289.79,58433545.59,-48467662.98,105790091.88,-8455347.83,57762897.13,-48699879.36,94253838.12,27503635.34,-47327659.33,24642371.98,105793110.96,686081035.05,70313775.27,-97666399.97,-84152957.92,61054235.94,-5564034004.02,105795176.79,37491599.99,10668684.93,105780733.92,-30119288.28,105792182.66,105787023.67,-53395558.92,3623387.62,-20273044.25,391276912.6,27215916.91,1711473368.52,105793706.54,26866803.21,105792624.69,28029814.8,-32697121.51,84955065.74
89512672.65,105792161.61,105797761.51,105785824.85,45651297.76,-66416237.98,-27456690.79,105788018.59,-68543314.16,-83224026.31,105788591.26,67684699.18,96225135.59,-85735390.92,-146041685.84,-23215875.28,71746933.06,-6997040.43,80472477.93,-78536841.6,88381591.08,-82344537.9,50410397.81,-51809467.63,71521857.23,91213162.9,1648771200000,92911436.06,33663613.06,-84126457.58,115654922.26,-74931245.24,17494933.78,56509052.03,-14258652.51,41989226.98,-56946708.23,-38942156.48,40852609.77,50333410.34,-50588147.8,-8062767.18,64618112.33,105785753.76,-91608992.52,-18731884.66,4924849.33,-92292925.03,-38791437.01,46403537.02,-62473374.7,-39257910.21,-43196596.48,75418999.57,62619990.83,108412259.6,-47191061.45,32426278.85,-81631214.79,105789362.67,105791974.97,105793187.7,-67440480.42,2017559.15,19249671.72,-95918874.52,105791308.1,37881798.68,-71904026.98,88520181.37,92598150.04,67609312.74,22685736.33,27669367.65,105793135.39,1756793269.08,-56120663.32,39808461.28,44288760.25,-88114039.09,-5283984053.73,105798427.66,22846179.62,32122376.83,105783324.6,-9155260.65,105788126.98,105789228.02,68567705.56,-72317558.57,-19342276.12,10825410425.69,75003185.48,181609367.12,105794996.61,-49971301.04,105792651.87,-19619370.15,32671082.33,-47737479.22
-2557538.12,105795932.58,105800489.14,105787675.41,93729836.29,-51939982.39,55730662.23,105793076.59,-44959886.06,-76047280.76,105784138.1,-32731759.79,-65885164.2,18699974.47,-146041172.17,8874985.69,-14634307.67,36947686.7,-34094666.13,5285289.65,-47037388.37,96657223.33,73685482.3,15503154.86,44338822.81,14286605.88,5960304000000,-89252681.64,-79072728.74,77170373.29,115532676.16,61345673.11,88697270.94,-92991221.87,87401851.24,-98349782.38,-93976568.56,6009495.11,-18528726.08,95689937.6,58807701.32,63230919.59,41740797.48,105783479.06,41667624.08,10231125.14,85784768.13,-24656128.91,-71741871.76,-98981118.71,25755148.72,-93058428.85,4195596.72,-97440017.07,-33470531.62,113186559.24,26029662.63,-86534207.61,8805968.91,105789590.81,105794781.02,105788336.75,-15833210.5,83390469.69,-32781695.48,62995753.32,105792924.65,31859902.81,3183422.61,27068715.67,8091988.02,-69658036.05,-96178708.18,12135274.57,105791681.23,14409863181.07,-79775442.07,31069924.18,-39372307.08,-95280298.63,-5580987775.33,105798765.33,-66524512.94,93690653.81,105787741.25,-90498334.08,105785864.61,105789825.51,-38120705.17,11360030.3,86391954.01,126834949864.06,52085101.08,238824625.01,105794859.89,-95603592.94,105791564.17,55568659.69,58378876.26,-31027785.18
28358664.62,105799726.4,105800287.57,105791525.62,-24742935.17,-2554172.22,48276695.38,105796705.46,73924562.13,50041666.93,105781147.25,29227059.71,21411592.68,416077.14,-146037890.09,74724460.25,32578610.5,34947255.51,-71389403.38,44581486.89,-40151267.51,66987487.11,30897322.33,-60170808.54,16976715.42,-48889085.8,5927212800000,-73989949.68,2130499.64,-62214322.33,115209659.1,-56501994.46,42172809.19,74619022.31,48519245.95,-97158924.58,95407753.13,-46833308.19,-75439057.27,-77290278.7,-30530622.91,3342322.43,83551865.39,105784552.31,63182114.36,-86978543.67,-81321235.76,-55498835.61,-62930989.5,39097696.86,-15992320.8,-4211837.16,-85900187.59,-23858861.44,57129514.72,106569514.66,23793275.02,72550440.26,68068637.59,105787509.84,105796605.64,105783870,-80004426.9,80044070.26,86103753.5,-62712616.48,105793357.49,22193596.25,-80034623.75,33739019.75,-918389.75,56004596.88,91119391.07,60760249.65,105790298.54,14970313353.15,-34718891.19,-98580587.29,-27370826.74,13048698.59,-5580984519.19,105796039.86,48027929.08,10081091.51,105791982.27,-56984273.29,105785942.19,105788823.22,-14944868.98,-33112665.76,-46484659.96,6502136908.6,74144329.13,123688664.97,105792625.47,-97354427.63,105790463.39,78448492.28,-91396279.82,-85964198.72
58031898.81,105801307.12,105797686.26,105795869.24,78811561.06,-59465170.3,-84395081.27,105797601.83,15489714.24,17965747.52,105781082.73,-87480186.18,70532354.6,28766987.61,-146032931.45,98680381.83,1415701.98,-33222408.4,17560917.16,-734611.05,-89441230.43,18707633.53,-37413186.35,-69292219.06,-30839407.66,80370832.46,5870707200000,60193246.56,83781075.94,-41029019.95,114889520.13,35222895.15,51214966.2,-60085454.73,-50136189.75,33066353.35,-45714929.24,47611901.46,13953588.48,38837388.83,42528669.3,-14335735.99,27305464.1,105788348.1,-32723876.71,70273456.62,-55293036.38,4515675.41,94201693.3,-45244996.73,-49284911.07,-32595190.08,-61060331.43,-70016514.39,20485637.09,110200374.12,-2334327.41,22610240.96,31916844.19,105784938.71,105796010.52,105781182.24,-24776128.32,38805246.94,-45845125.24,-77605520.09,105791609.45,3047080.74,-83813611.93,-79942761.63,22531286.62,26083734.61,4044781.94,-15035044.87,105790324.47,75283707291.25,-84555215.64,26477741.93,-90653646.15,-17657232.23,-5580982171.53,105791528.94,96917089.67,-59572642.82,105794344.84,-64268756.66,105787568.42,105787373.76,-87831972.04,-70165375.22,24117506.32,605601903117.19,-81401666.71,145516752.17,105788918.39,51653584.02,105790588.7,-78838072.42,60586798.7,-21267780.42
-33783156.2,105800509.28,105794295.51,105798710.95,48165381.87,93968020.04,95887785.99,105795844.38,39192111.76,64543400.23,105784058.49,-7267882.79,55989524.32,18518532.09,-146028298.69,9219545.47,94389367.41,-56621406.68,-21635689.44,82749684.96,82205663.26,85883494.34,53039079.97,-81240314.43,49710995.38,74116545.05,5791910400000,54419366.12,79705931.14,74193019.93,114571591.13,60958664.59,-39468857.87,-31456217.84,-88844371.21,-95997933.63,95861362.31,-84880355.17,-11658564.94,39440097.41,-874561.29,-97152286.14,-73706856.85,105793256.73,-21457536.1,-13993810.6,-30749336.9,4483238.22,44649900.12,86542957.38,57734121.87,7852194.17,-66290386.67,-68726312.46,-39244382.17,107700600.06,22699273.86,-56394461.59,18248033.24,105783333.28,105792704.25,105782555.45,-47863867.59,54090175.97,-38354464.19,-45627507.18,105787947.09,41600221.32,24448429.23,-79718225.58,-16628263.9,4155844.86,82682366.6,88340314.16,105792050.08,75661456271.65,11425574.74,68221348.96,-78556871.86,16500352.79,-5580981661.23,105787259.68,-90304575.74,36534520.28,105794283.49,29599047.03,105789174.41,105787038.75,72385069.96,32868160.6,69427014.55,3891804770.83,90237039.76,176747366.81,105785404.17,42950693.86,105793178.74,8644255.31,-47260363.33,48695993.62
68130460.83,105797714.86,105791872.16,105798599.76,45584980.91,-66918105.69,99648953.93,105792763.19,-79951698.09,-5747309.65,105788744.01,-31854844.82,-67393489.62,8447509.28,648333568.72,-10432885.64,56017169.35,-45553205.96,-47881848.11,-24627135.28,54175534.42,-79777602.38,59870516.52,79297288.34,-40815822.58,47473985.93,5693241600000,-20848035.42,-75081647.27,-45214069.86,114254068.33,94530250.25,-25887530.67,-80958361.78,61842469.23,17896506.11,81041863.56,-72140647.73,-78384354.73,-68648265.31,-98188329.31,42559054.05,51583622.15,105797589.62,90299596.64,33606923.88,74753502.73,-13009279.53,99247662.66,-64954748.45,-65748.05,-89035933.74,-82898466.71,6402871.35,-70008439.28,107855540.04,99073800.46,48471882.39,-23673560.71,105781974.73,105787796.15,105784962.72,-58461029.48,-88512507.52,-86843638.76,39980368.24,105783859.77,-29324468.24,-93863871.67,23248340.13,-88227569.05,-42859929.05,-4863041.63,20017407.37,105794486.55,75637250288.82,40899290.84,-65525911.62,-34464969.94,-51433206.22,-7083232394.5,105784938.13,20379693.8,-47423269.66,105792585.52,21547152.51,105789365.01,105788799.18,65815552.69,-27842774.55,-69115737.04,117320261.07,19840425.42,648998858.69,105784133.27,-19835353.81,105797383.31,41346619.23,-34149694.64,-90429527.77
-69815905.32,105792299.75,105791353.19,105795512.29,23576795.66,37681824.41,6708539.13,105790139.59,35532542.1,-77201246.97,105793139.37,69607986.8,-41364331.49,-98942623.97,648332919.23,-45054759.08,-58133672.12,5622877.94,50993694.38,-53287076.81,-73452093.4,-49684133.96,-8571573.31,64350380.77,-94934285.52,-70778985.39,5577638400000,36634816.12,-58752829.47,1823544.18,113990199.39,-799040.97,-12165795.43,638927.56,-71611287.1,87625221.47,-35435411.97,23613968.08,-41916394.11,46639047.9,305745.56,-31023831.71,-98759838.31,105799757.71,34189056.84,36758914.86,-77318047.94,88866842.18,-46633185.45,-53255246.14,88652347.59,2222563.12,44162169.78,52290092.2,-80404187.81,106964732.68,-36377882.65,-14048524.36,-85968757.55,105787536.23,105783316.97,105788617.87,-4105593.52,-30749820.21,21709387.17,78064289.66,105781308.16,-9111014.39,26377560.06,-8800763.53,98337141.67,92778314.43,-13152466.13,81015859.48,105796012.96,75598940571.14,86950170.13,8801591.67,-42641324.86,-84251037.8,-7083233554.66,105785125.05,-17956719.35,-41641450.84,105790875.05,74385690.08,105787893.99,105792386.87,17431568.94,-4604702.72,-97472241.4,345220718.2,-23621769.82,199046684.43,105786093.98,26604384.73,105800820.78,-80180003.21,48574263.5,-17151004.89
-45623191.22,105788947.69,105792393,105790758.04,19438571.07,38297781.56,81209273.62,105789196.44,-19772045.3,-14861176.7,105795503.14,22219408.85,-43600030.36,96582166.89,648329847.37,-47979413.43,23790601.78,98274234.12,39151041.33,-24513.55,-31996954.34,25511354.82,25954411.15,-69593260.45,-16607584.71,-12199300.95,5448729600000,20203153.3,-37527681.84,54865246.39,113723472.3,73475969.55,77125030.1,-79139907.85,-38513395.31,29477344.61,83326979.34,-29350402.52,37234300.38,-7087275.97,-49670232.02,-56006107.94,38828939.79,105799260.55,7063721.2,-56584706.74,9123912.72,17284054.12,66967326.84,46477847.24,-17007195.53,-46244085.77,97634312.33,-55910932.99,-50702689.9,106565294.5,-42314810.02,22710480.01,-20679899.13,105792475.35,105781146.76,105791240.25,56091046.32,45506458.73,-63163608.61,57673175.17,105781673.11,30166555.56,7153253.11,-87412000.02,90600173.46,19844524.06,-48677769.65,-73761414.58,105795206.69,75690425151.54,73316430.87,91683537.03,-52499988.19,99884194.82,-7083233437.46,105786994.59,67059014.44,78696532.62,105790519.21,-40032784.85,105785666.86,105796331.07,13362816.81,49696481.49,28023923.36,1083949542.6,-79656594.73,139227080.07,105790634.85,-52593141.28,105802572.17,-8786852.84,-96243663.43,-44354421.53
20139082.44,105787181.75,105793655.91,105786394.09,78423874.04,86081269.8,-8259289.28,105789949.46,73480685.69,83430087.74,105795299.47,14654958.05,-868155.7,23636181.48,648326056.74,94244716.06,48629270.86,50242463.01,12829147.43,-88196593.62,3896620.33,-51950734.07,-52709306.41,-11605392.59,-65687801.83,-82294002.54,5309712000000,-20598519.53,80489926.76,-92431055.79,113454059.83,61603172.49,-33052806.51,61850947.88,-14069413.63,38457817.73,31241740.73,94788837.19,92773679.45,-42791633.06,-65852504.16,722506.55,-86377447.45,105796723.27,-98571623.55,8244738.91,-12524219.62,-46443751.37,-53099332.8,39035601.68,60389454.05,-82805395.56,49181376.93,30506065.29,-59938800.69,106987938,13931083.97,41624959.3,-74030351.45,105796909.49,105782082.83,105791882.26,90079724.29,-83521467.16,-13789134.04,54629574.28,105784989.4,-6061032.47,-70878971.09,-24581581.77,-45127372.91,-62250439.32,55855337.01,-12923011.96,105791818.71,76554206253.13,-37949166.49,-72983163.84,1796974.16,-57040973.78,-7083231404.41,105788939.46,57987798.42,683797.72,105791858.05,-592322.05,105784335.2,105798708.9,-22577080.57,35738925.44,49276839.16,9948126490.63,-79949403.54,133325585.38,105795647.86,-19655920.26,105800532.5,36660561.13,62788357.51,-67071891.38
-63165595.66,105789219.88,105793684.93,105784135.51,-58100505.28,43676607.55,-77290211.16,105791279.49,-63439910.34,-23511891.1,105793359.51,24340854.19,4752390.93,2570303.94,648323367.68,47975069.3,74256226.87,-79106639.99,-1655357.86,28942244.7,-34438666.25,82076817.54,53715087.3,1135799.45,-43305767.78,85579852.23,5164819200000,-38631076.61,13605789.81,49768794.03,113183374.51,69163556.93,-71074.91,34680175.31,61994459.93,-77853179.59,11023956.41,2174474.2,-57589657.43,-92553503.25,51640246.64,-62459386.09,-82518813.77,105794625.43,88889146.93,77285077.46,23164157.15,71804097.41,-3807455.76,74751275.73,-30821393.06,61385309.27,32955224.43,7568399.43,93576408.25,106277852.17,17034069.52,5710218.35,-21079649.27,105798963.95,105785446.89,105790895.46,-65219008.25,23969092.21,40341228.29,-60742350.46,105789894.14,32168632.04,10924317.56,2522429.6,7309015.46,-2969827.68,-73586039.16,-96741548.41,105786996.48,76527255120.92,97667691.57,35532061.88,74717355.96,95990920.34,-7083228093.24,105789553.38,18645003.35,-27786880.7,105793977.38,-67018142.24,105785275.39,105798187.68,-32894861.04,65238259,-74094297.97,121736252.56,-74919755.43,176299662.84,105799512.79,-61357520.75,105797009.57,-83805394.39,19692670.36,60498470.9
-56391453.44,105792286.81,105793800.74,105784504.72,-87329033.59,67990037.93,55664920.75,105791672.33,-82100906.33,-94405216.86,105791308.12,-58780532.75,31597224.32,81382526.04,648322740.48,33764800.85,-86363097.08,-70798319.68,17672050.26,-65015881.93,-55719101.86,-60804954.99,20233532.82,-66852195.82,-69186553.99,-20396270.5,5018198400000,-75879910.64,-37424858.79,19865643.16,112983095.32,72756067.78,99276405.24,4360523.47,-76955882.66,81225232.78,43383883.04,-82189866.26,-34735732.13,-88032873.96,41648412.26,57397470.19,12834680.71,105794914.35,-74972524.38,-9592059.63,-49783493.9,10435098.33,-49734474.65,-22746257.49,-45687767.58,-24936473.22,-85180544.15,-6267016.65,91077049.12,112392226.22,-76265850.92,17496977.34,55309477.24,105797933.43,105789492.25,105789190.37,21320083.24,46657034.68,74824756.35,-11369991.91,105794323.03,-84240280.89,-40116778.16,66368361.98,34177926.05,-76011484.15,-40584089.73,99796022.25,105782755.95,75562788825.47,42488241.04,43039584.1,-21661993.46,-79442.71,-10105029066.23,105788472.83,23839199.25,-34479540.05,105795251.27,-37060734.9,105788723.58,105794777.25,-58831054.72,-87023155.72,-74991349.51,1180700830.79,55305749.98,666898102.06,105801270.93,57205698.23,105792099.75,24017104.91,-86636024.3,-1656388.08
-52846665.53,105794246.02,105790715.12,105786650.64,93719512.08,46339917.21,-99490206.4,105790191.77,-30557634.36,35767435.8,105790567.79,-57965227.71,-95343721.14,27712397.59,648949137.52,-71727859.19,-18772567.88,50038397.64,58171464.26,-4556121.37,16521359.09,-28452581.38,-87393630.32,-99547187.61,6787214.41,19971583.73,4874428800000,-791229.13,-82426170.92,4008413.61,112784608.24,-23830284.28,-43521342.79,-95102885.23,-88054473.76,91655825.48,28794366.41,24113755.17,37554426.3,-68524452.21,302100.87,-89629428.55,35736551.99,105795973.58,-15307437.25,98571151.45,64388149.87,84201810.48,-34582537.63,-39326698.16,67790241.73,34002444.59,-51568873.91,44504508.14,69207224.47,107903919.2,62151263.73,-96136976.59,-85889932.82,105792239.69,105792364.82,105789553.22,15914144.44,6109118.6,-11257397.98,36979301.88,105796572.19,89557592.28,-46473121.33,-66852875.76,-35567554.41,-92439689.91,-37213460.29,-15100733,105780951.08,63107093501.57,8770392.34,-91565820.18,-26636574.74,-67911211.59,-10753374040.67,105786583.19,19046372.84,48803316.02,105794322.22,-25272100.6,105793524.07,105789868.4,-688710.64,99082258.29,-36121244.57,2277951262.76,-18046598.32,203045872.21,105800276.99,-86676550.47,105788740.81,71756533.93,-78752650.36,97649174.5
-5633439.96,105794892.6,105788006.91,105788934.76,98323310.58,793481.29,72939654.61,105787118.34,-13438983.67,11322522.26,105791526.2,-22474772.16,12448602.66,88125818.59,648950557.23,11867086.57,-54391046.98,-2932006.75,-47764873.41,50853013.58,65897921.76,-45218607.14,-3802349.29,-58829069.18,-59033644.68,69052924.89,4737052800000,-73339831.58,-75336852.12,16795150.2,112587919.43,-29741491.75,-25528224.09,-90710109.89,27227961.44,88043139.15,-4075069.45,78637258.94,64906001.14,26652346.79,-13642809.12,-38234437.2,65559671.34,105797297.29,-42019194.05,-82251170.29,-12957779.65,-65182178.11,72619679.5,77782476.94,-94635653.1,76966601.5,-55766216.58,65665352.14,81028930.43,105977220.85,91125270.81,22184647.76,87243527.91,105790197.96,105793092.91,105791318.1,32121927.49,18307623.08,-82348155.35,-29127566.18,105796141.73,-59495972.17,-14214597.41,24693453.81,18541153.69,74234698.12,-14745024.39,16706111.16,105782318.33,66138847464.8,33848942.34,-95753313.65,35460915.03,-4496745.5,-10753376097.59,105785486.22,31220678,62516394.05,105790969.97,13214438.33,105797676.35,105785529.6,-84999259.24,-13464738.78,85820375.31,36819653325.33,71820513.07,107296838.87,105797447.62,78405428.84,105787647.5,67020581.79,-97833560.18,56137785.21
-9861142.8,105794379.47,105787385.28,105789916.53,31929587.89,48345220.96,59833519.92,105783876.6,18575400.59,98356438.87,105793320.3,39499586.4,89374894.43,-6388255.21,648950831.11,-64292892.05,70594790.24,-32702336.23,14627935.44,-58933737.26,-28064592.48,40831531.14,-35835435.47,82150511.88,10924984.41,-55254309.52,4610390400000,65636319.64,-96439723.84,44479305.26,112391897.13,78117234.96,-93575206.1,24217854.93,-95323745.65,54142775.92,59284042.64,24817391.4,-69431348.4,88908797.83,7784181.58,-3762480.53,40570169.94,105798285.17,65890250.74,-9182803.02,-43445626.68,-12301174.91,-97678929.11,16154955.9,94544801.8,-90503541.36,15044008.91,25374099.53,55788567.18,107859169.54,-40968467.73,-3929803.35,-50912259.48,105787281.34,105792035.5,105794297.59,-25303354.51,-33268587.79,-56063930.28,-34954653.67,105793903.58,-71736212.93,-51230486.25,20240867.2,10886638.1,-43929154.77,-78769728.65,-61210789.42,105786100.58,5655019707.69,-10538217.09,-35309319.01,-69269771.22,-14535556.09,-10753380512.62,105786513.72,-19798991.16,-89628741.52,105786343.52,81181043.88,105799347.15,105783447.32,-83008056.5,-30270525.06,-71607044.65,763636568.26,-99467890.55,246453135.74,105795092.68,-26314961.72,105789495.47,-13650109.16,67047064.9,75972210.8
37605085.29,105793279.07,105790207.16,105789194.41,53269437.95,32938574.45,24408978.47,105782279.3,-59039491.21,32307468.73,105794379.66,62620726.53,28343618.13,-88345942.31,648949293.34,-17990573.64,-48444610.08,-88694959.65,-28289549.36,88542977.35,86563939.72,-87950490.22,294819.4,-37626424.54,-11311590.86,75619047.77,4497984000000,16002323.78,-69430648.86,5624840.73,112392028.37,41929466.71,-65298175.68,-81754848.4,-85943893.07,28536518.11,79287568.02,-13552450.53,45819453.76,-14063408.41,-45867882.48,54791428.06,12264965.28,105796959.57,-15171238.87,21667558.03,-86552312.43,62727991.54,-61396940.58,52787526.74,78185228.82,-25272840.16,-4929780.76,90512780.27,-55827659.24,109664946.57,78810063.02,-12796158.65,32250902.18,105786890.48,105790571.94,105795867.57,-6156437.42,-39173591.23,14107864.67,-63248342.94,105791516.39,-35041899.4,82611721.65,25656984.21,37076062.72,-37453168.78,-5843230.33,64377578.07,105790477.83,5701245442.14,-79499143.42,358945.82,-97681369.98,-23596784.41,-10791938646.55,105789877.08,-86930547.43,-79553208.2,105782430.96,65533501.42,105797837.17,105784091.96,28093256.64,17536550.91,-11040484.85,4354104001.83,-22939908.57,280004915.28,105794523.85,-89804908.29,105791863.73,-27814047.59,53978542.13,-48900208.51
2147435.34,105792761.39,105794770.29,105787607.54,-43402863.4,-51914728.52,-6366646.64,105783508.3,13356679.02,-6606039.6,105793393.14,59142550.15,-7231751.24,-66843092.31,648946555.34,51887798.88,-73101020.38,75394403.98,-19044659.34,-997424.86,3663196.08,87277890.53,-68901794.89,80940005.23,-1312464.62,-64636752.98,4403462400000,97769482.28,73313785.91,-45325174.3,112390385.01,34985048.27,93878354.28,53696142.81,-35782921.14,21414924.97,9438294,88317251.15,-27358009.69,77216298.97,10816978.66,-84292443.74,-72951521.37,105792853.25,-69806881.98,16000284.33,16829986.1,-41117789.53,-19009097.09,370682.42,-72459508.05,5875245.18,44773754,34697687.68,-38107599.7,107472371.5,-77568112.91,-22273171.51,-6453727.1,105787767.51,105790207.29,105797155.84,33501637.97,-63667265.59,96896430.07,-86751216.97,105790432.53,-30433851.85,-57637803.08,89442595.31,-65188585.25,68120965.65,10907100.01,-17415567.02,105793545.04,5883966182.38,71527099.67,-6854594.5,-91533913.64,60829002.62,-10791942178.45,105794430.11,-26364991.53,57037062.14,105781031.83,-23717331.97,105793934.73,105786562.17,-64554180.21,-23255572.61,73542609.28,1944583076.69,-33700091.13,181197702.31,105795297.75,-85275926.08,105795037.97,-78733380.77,-55720482.78,97554412.47
-1801460.56,105794200.58,105799830.33,105786702.39,-32169600.76,-2820428.02,29629623.92,105787407.32,-1361099.71,-50566563.66,105790164.11,-60494004.15,-17725288.31,12522258.35,648944203.44,-15414158.03,-99914577.22,88707438.37,-50953475.82,12958509.13,84293357.1,-44171359.05,-61040881.77,37335223.55,48771411.13,-69776628.16,4328985600000,-97755612.75,-730410.32,-25857254.98,112387250.78,-85987327.63,54072566.49,53625415.19,-72339012.84,95800284.66,-5961147.03,91311561.42,-19247861.68,-64038888.6,36509106.3,40996910.98,-701751.67,105789422.22,-49831973.33,24064210.26,57610215.88,-64041852.49,-98911550.74,-73879940.98,-26049917.9,-85686995.7,16936681.23,-72015461,8864188.41,106207714.15,80430758.13,4392079.45,31353689.49,105789416.19,105791628.05,105794234.72,36397569.27,28418495.85,40560480.24,23278329.68,105791065.98,2699437.23,-48875627.29,65919004.81,-43915087.6,-14110850.74,86929243.33,-45124847.12,105794306.78,6302190869.84,53801657.45,36047382.63,68329523.31,-93508556.58,-10791942908.65,105798209.57,-50527642.53,27520288.92,105782810.66,-71375376.2,105789490.22,105789178.28,54458386.11,-2954311.92,-98921136.78,4527514057.75,-99672924.43,114392297.09,105796842.62,74484852,105795574.49,-78847389.28,-48707722.46,-2604206.45
-67981169.18,105797465.03,105803313.15,105787762.34,-51797808.65,-94888855.37,-28962100.9,105792492.06,-21041656.92,-31736200.09,105785830.88,30509942.42,73088468.81,95103627.05,648943901.72,28011942.68,-78597466.06,46169120.42,-62715221.94,82959998.72,601512.77,17432856.54,-22293840.54,24510352.1,-52053833.24,-79357992.62,4276886400000,969425.96,9188839.52,3249106.73,112384031.06,52886990.95,83663601.93,-8437542.82,77643101.78,24819900.25,-2319854.42,94975927.07,-84821234.07,46220383.64,53003763.79,-71399237.51,-98297354.03,105786328.99,-8118357.5,-87860117.47,-94360907.21,-94961212.5,-10306218.44,49596816.87,-94364171.14,-37322976.3,42565118.25,-45656916.53,74006624.54,106045061.07,20061874.53,24028065.41,-6378371.76,105790012.12,105794242.91,105789581.12,90910698.9,41538875.61,-52236879.12,68885926.88,105792592.47,56954504.77,87018966.74,-46642085.48,29660253.87,44880741.12,70503074.51,-69129799.98,105793128.11,6566233532.94,86858835.64,-3412665.8,-78923883.15,-42768460.32,-10791940904.46,105799451.67,73837213.33,60441870.23,105786942.36,-59676641.72,105786423.9,105790476.68,47874254.82,-60126193.04,-79243120.07,3724397473.27,-95608279.29,110505994.49,105797265.33,-42725685.54,105794791.44,-73857882.84,24364362.01,95523775.14
-33317017.35,105801436.47,105802823.74,105790989.21,83610622.59,-15951224.57,-70296163.53,105796683.79,-81003520.07,25803764.24,105782354.94,86861672.02,-73420183.75,86470979.84,648946405.97,-54046522.25,-31077813.73,79571361.05,87531814.21,76799554.39,92994928.06,-72079347.17,64583220.9,-47788910.94,-64765984.11,54672948.07,4248806400000,-943782.36,-43248595.31,-77599784.87,112383971.49,56787176.87,-15506917.22,56007627.04,93105741.39,6132950.67,4280327.79,19783199.94,57143669.8,-50515459.43,-72670368.44,29539221.32,-96508896.2,105786146.39,92612085.6,60774283.61,-38027941.4,-56741576.52,-39160104.66,-95242382.57,89569299.14,-27717699.11,-34590245.96,-36202873.43,685942.45,115621546.26,9893002.78,-91180205.5,72392096.93,105790216.78,105796496.55,105785951.47,-887213.97,9821965.35,-93874430.95,-35121292.55,105793488.78,-68146452.63,73642539.1,-97620625.19,-64277123.56,34485306.07,14287093.64,-4358709.9,105791430.48,5845327949.52,-39835319.94,42580388.86,-17489099.51,-72056563.18,-10592273639.37,105797543.52,15830466.7,-26453424.02,105791566.52,-18860492.29,105785762.69,105790036.49,53573637.26,38171621.05,24250121.3,2739064481.37,87303042.63,813451166.82,105795058.47,53018484.72,105793337.22,67158149.73,41807880.69,-45036208.15
41678289,105804360.62,105800653.86,105795215.74,37246733.76,17790571.07,51216151.76,105798367.67,-24364631.07,-58606137.45,105781407.85,40104862.94,-53011280.89,42598421.33,648951051.8,50472862.07,92926981.01,-66752028.86,79503004.4,-75398071.46,10634503.83,-45797153.68,-11167026.14,-39500093.58,97243576.35,-89907392.66,4245955200000,55667215.15,-21844210.31,-50738295.39,112385193.14,73448610.21,-91350774.08,89710097.61,45195980.57,-52992391.3,-47863966.28,-58280913.66,90366482.64,-1267451.01,65278261.47,-2348776.9,89443556.31,105789486.46,97843874.27,67665200.32,-1705488.07,-47698822.27,-41721595.4,97147416.19,10961441.24,83530253.8,-27725100.46,58685066.68,-30094417.66,107759685.42,90095504.85,29659123.36,-75574728.53,105786488.97,105796729.23,105784102.12,89963544,-70551314.4,30997894.55,-79547438.85,105792495.17,19440675.72,-11668650.49,-16763697.23,-34237900.52,64696189.64,-22913053.25,78678976.46,105790722.54,5922593174.6,99173081.21,-56334259.69,-10141555.39,-82783481.19,-10592270696.41,105793325.67,35947252.15,-37939389.75,105794729.99,66547493.38,105787083.86,105788672.07,77480826.38,-12446441.66,86051449.11,894366278.94,77502569.47,230013985.16,105792043.54,-99569465.36,105793835.23,-34959249.75,2099089.33,87530618.85
-7275677.63,105812655.9,105797283.91,105798576.57,44161860.8,-60558272.87,-74972204.3,105797195.12,50359223.52,-56087925.26,105783626.43,-18587172.17,32219590.95,57282245.93,648956018.59,86110826.04,-74281453.71,52869998.02,54732081.72,8594618.24,-20585438.49,-18564168.54,47755438.32,52147640.09,-19636890.45,27738761.94,4267728000000,-30616852.94,-35224379.35,49891915.01,112388937.39,81165707.58,-20605422.41,-72574368.97,7589387.5,-63007693.67,31143045.21,-47286250.73,93411019.06,73052189.25,87395911.86,-20353229.65,-62895197.18,105798210.94,64496096.13,-61531268.25,-13232414.3,-94849989.45,24561572.72,-29508215.03,-67492426.45,78006410.28,56300068.82,37501614.14,-55400936.41,106188742.2,15614318.38,76991612.5,6089407.37,105784691.59,105794231.66,105784768.36,96530100.17,-8126950.42,-52588528.1,-96724027.7,105789442.04,-24840436.07,-59390070.29,-69579126.97,23606291.72,5121896.86,-47582611.23,21016612.59,105791776.81,5815104215.05,-75109619.64,-70341596.1,35306396.06,-99531520.45,-10698065044.22,105788713.82,96033986.62,-3775489.41,105795462.2,39281411.27,105789035.68,105787889.78,-72672541.08,-65048974.39,-5154289.27,105790500.49,29574693.54,5732872157,105789642.73,-10485801.63,105796240.09,81107416.47,96175823.53,2575291.7
-39543860.84,105801409.77,105794259.01,105799403.28,26768151.68,-70096654.95,-962448.33,105794193.44,10794062.65,-93218090.22,105788124.17,-27856491.75,-90540080.55,-58162869.3,648959237.61,52793558.86,20840881.31,-33185255.7,-56288945.97,-50895831.32,67981164.17,92028513.98,-27512102.76,25347675.24,30284342.08,63559053.37,4313520000000,38440477.44,14516656.07,65274928.71,112393658.34,-30685589.49,-50723081.63,4871758.81,42634736.1,6651582.62,-84806364.82,3970432.49,-35130140.12,54789303.98,-86874261.63,99431542.01,-11700499.48,105798922.61,66402098.05,-22611618.13,76073651.45,-93262303.37,10616291.26,-64010319.66,-46782806.92,60118191.58,-22973549.16,-56986151.48,73291850.16,108238203.37,85254161.63,71780916.06,75589939.02,105784582.87,105789687.27,105783045.33,55842715.26,95106326.32,-88226715.74,25271997.88,105785456.96,19137620.43,-98251079.96,-50170561.11,-23378232.45,88865922.43,68342562.83,62990120.02,105794058.71,5597888972.67,-88293989.84,50877631.01,52551041.63,76006868.33,-10044619090.72,105785643.24,26366984.45,-9169583.38,105794147.72,-5772174.3,105790069.03,105788928.84,-6563888.84,-27427397.49,80359935.43,105792555.53,52748448.57,17334653147.74,105784728.36,-15519822.06,105796870.8,-88232353.12,57550857.15,4731554.67
94881170.53,105794635.72,105793006.66,105797082.4,47114626.08,69345613.02,-76384759.54,105791133.5,15053169.6,28212206.01,105792866.48,80767885.45,-90309711.77,-57152394.77,648959450.54,-58226062.08,59434693.07,-51947648,41613106.82,-14632938.29,9712729.46,-74711751.78,-79712712.95,-7858216.06,-55946943.22,-1951104.87,4382208000000,-60129048.11,-50762117.42,45610806.31,111851191.07,22200301.4,1714381.66,-40875514.79,14561159.74,-30437395.78,-1101488.6,-32489996.32,-48710766.25,-25058638.6,65749366.03,-70681593.82,24745019.22,105800386.87,-81462797.32,-47142058.18,21793092.8,79883794.67,1624410.58,53119496.24,-22750792,-27551382.95,-93252723.32,63058635.31,-75757484.63,107030862.73,-25670762.25,66867402.81,-96182099.16,105787058.34,105784871.59,105785500.15,-84259653.35,44488864.92,-21087390.2,63331339.23,105782419.08,-13851308.48,-15973929.87,-21552532.09,-23329655.24,-61922662.61,2217541.28,5041784.59,105795970.33,1926503354.27,82611418.41,-75728096.37,77158268.02,92023140.79,-9694220423.24,105785053.33,-78729819.49,70070691.8,105792156.14,21421811.44,105789302.85,105791944.4,-40782986.4,82012502.15,-64966385,105806206.26,77055522.77,2727497763.76,105785448.43,98221033.05,105799535.05,-28388005.27,-60773424.41,-97621545.61
45047213.99,105789236.06,105793106.14,105792669.63,24203530.67,-33697734.82,-87664449.81,105789520.4,-43074498.92,-98720225.28,105796095.74,-89371593.83,52263193.23,-59778011.01,648956838.07,-12789655.39,-94076270.87,24773120.13,63917654.18,-27676270.01,553729.2,-38466028.6,-78949217.42,-22810872.7,-71291401.89,74895862.31,4471804800000,76250901.22,35625459.62,16636270.87,111306044.62,26980264.04,8157313.97,-41246774.63,69477035.87,-62238177.9,-1225525.79,-87938302.81,-27228028.68,-39650011.01,20075867.27,35361185.55,35725916.38,105799255.23,-91003513.99,97406610.94,-2754541.87,5838393.63,-28496248.97,44067607.5,40986313.81,-2102911.59,-54425274.91,-48304904.68,-53339309.53,109620900.15,57594566.09,-80270562.95,24769197.44,105792701.08,105781908.62,105789801.86,23249343.75,61943118.16,-29271785.26,-26176998.42,105781955.8,27284966.31,77784220.05,38075365.13,-8809021.72,12221743.69,-68011497.15,-88767661.43,105796044.84,1860801861.26,10232284.65,-69276135.26,-43785171.42,69771414.17,-10490069072.84,105786616.55,-10355403.94,55872814.21,105791138.36,35929218.01,105787430.71,105795811.77,-63688654.45,-81993262.91,-42323769.7,106634753.86,7828552.34,3145178824.54,105788720.19,42979440.57,105801732.77,-30471844.6,-52209409.44,92896281.67
95415896.02,105786560.03,105794046.46,105788056.71,35143524.99,59097995.53,-33234376.58,105789778.79,-32007284.77,-2040207.93,105796795.43,-24443584.93,-32404797.04,21688183.95,648952876.21,8835119.9,-12473142.1,20663175.94,-5284799.93,41913296.9,97902268.05,89135273.04,72892240.78,51032063.94,21002787.9,49778125.28,4580150400000,57683249.28,66592662.89,60817880.42,110757958.28,86920813.53,41011942.82,96476085,-21428013.64,64273167.07,-27802087.3,47357631.15,-21694589.77,-30371229.21,59022625.45,81409563.32,-60295339.5,105796704.69,-26249145.36,20947398.17,-31264255.54,6962731.88,60155495.64,92275450.56,51847209.29,30012657.68,91115976.93,92469412.85,-14340363.83,109741576.06,79427282.3,7105402.56,47344182.9,105796998.1,105782013.04,105789897.93,-21838452.07,71659715.81,28764847.93,20172528.99,105784539.77,44937163.19,45750798.6,-43145912.12,-47492531.97,-79247751.82,89654760.4,81355740.14,105793556.84,1435974973.4,-23879323.53,-74612649.65,53230499.75,16114545.52,-10193814687.14,105788873.68,38900944.68,-58505836.88,105791841.22,-5706358.62,105785885.18,105798678.26,85683970.71,3622075.13,97098837.3,105836113.01,-48064346.93,9175669027.26,105793236,81662818.56,105799847.39,-67211948.72,60052077.9,33145403.18
-693967.79,105786328.92,105794716.26,105785061.8,-50181685.14,-94034237.51,-46764315.27,105791087.87,-61285495.46,-12078869.98,105795192.1,-13207180.79,70062209.21,30290382.01,-703842976.61,36578938.35,-39508479.52,16320590.82,56026160.69,-28668098.85,90410050.77,-65149428.14,37049159.95,7530784.11,-38329185.12,42826900.86,4703356800000,-10533213.3,-68422688.89,-99249156.85,110208060.85,-18257845.93,-16022895.54,63255746.83,22854834.07,-13221595.19,9735375.94,-52920529.14,-63517272.25,90481162.41,-37745700.88,12500570.35,-56676383.98,105793783.08,89923091.74,98000055.35,64253168.55,-32536685.14,-34217862.79,96787402.97,-13694357.06,39693850.26,-28914118.58,74775631.02,-82702817.1,107380159.38,66476330.28,-46700584.44,-73863940.2,105799018.47,105784893.9,105789473.48,40418407.93,30962239.45,50565953.83,-68786312.72,105789193.78,-89320490.38,39531401.97,-44397720.53,13780432.66,67800535.7,87980947.56,38634908.89,105789101.88,1252176274.86,27086910.4,-22713069.46,97048216.68,68235033.93,-10145893684.16,105790163.91,-2474530.21,97275749.47,105793700.83,-82520380.08,105786092.64,105798963.16,5228842.69,29709105.73,71123331.82,106574361.03,14696105.97,1045650010.09,105797435.02,-7360834.18,105796262.54,-14128170.73,-41218524.02,-95702139.34
-94760926.39,105788928.47,105793452.23,105784717.61,82952002.16,-61759485.91,11794309.47,105791948.5,-45792154.48,-21136319.26,105792943.84,44825783.17,81320131.95,-33559653.69,-703844391.46,48957306.3,443623.11,78763029.25,75658476.04,-96875859.06,29003036.58,3076193,46525577.75,-5156069.42,-5298000.82,-51872390.67,4838313600000,43305839.14,29454300.12,-15738785.5,110114717.66,20976107.25,-21950466.29,51666100.22,-49966618.26,-41128869.13,14046443.12,-31200812.89,17384405.41,38165175.62,76858920.62,39784038.58,-39633977.3,105792692.93,47404524.16,-38817939.26,98190080.01,-94761378.36,-27203757.67,-97747142.98,-15083831.08,-80749793.13,-84803598.23,-71627568.32,950966.75,109017610.65,52299227.68,94648665.8,33735598.35,105799394.57,105789119.01,105786672.87,-58463847.35,-43892484.75,-51624792.42,-82286885.42,105793973.85,-21972621.5,31753429.71,-92706911.6,86599864.24,74605298.97,99788068.32,46264419.38,105784577.7,810013230.02,47113251.02,-83130143.35,3595254.59,-83694924.99,-9950881945.39,105789785.08,21749831.38,-83140429,105795326.6,-93229611.5,105788799.89,105796247.83,-25586558.57,37031537.87,-96060461.69,105841647.4,81176342.42,6287211721.26,105799027.63,-19148503.65,105790499.33,33990876.76,10402258.27,-37227066.16
-74461445.06,105790717.81,105790227.47,105786639.98,-76196260.53,-70606825.49,9864989.53,105791146.87,-44005539.94,8390159.9,105791694.42,18997105.05,78662344.34,-99157709.89,-703843756.12,-13097293.76,11881855.22,-341898.25,-49599580.4,46014762.48,-92933905.74,-7043866.73,81075583.97,-88823474.61,-38639166.2,18855421.92,4981132800000,-26787828.32,-28987570.56,-89584763.34,110160383.68,-309758.15,42809147.06,-61685370.48,-49319499.95,44681080.56,71095422.95,76516121.61,9033144.21,11204534.32,6760230.09,96189928.19,-52314396.61,105792514.04,-24620142.62,75789458.07,-10530595.3,-59114286.56,-9145434.34,-27290711.27,83997701.41,-93456229,69653946.51,63223958.14,-32180747.49,110119998.46,20149111.36,-39947367.27,-41131617.9,105796870.95,105792738.71,105785584.82,-81285825.25,-95478410.4,44972318.76,-12146097.59,105796967.8,97771032.69,31619450.8,-59545552.13,-15309906.84,79304850.4,-19742678.74,-9153394.12,105782058.22,448168354.61,43298130.27,89770145.7,-57522964.96,5835561.08,-9778338295.9,105788230.48,-90992110.54,18404819.4,105795233.61,-67799910.63,105793428.38,105791553.38,5372049.87,-67739551.13,-19874386.9,105902157.96,53592146.13,6784958774.78,105797960.56,86629234.34,105785816.23,-71231388.76,-84130349.81,-91019961.6
35765106.27,105791441.89,105787298.56,105789148.91,75655728.66,-57030750.41,81595124.09,105788552.8,75174249.79,76994987.37,105791921.12,-92652415.2,65529094.54,-49738157.37,-20470075132.41,94136582.67,71353147.64,-6717951.26,-10868785.35,-2330673.34,12431132.88,-26478443.58,-65979721.64,44861107.69,-18778940.47,19618723.78,5127840000000,-39956662.95,3775556.49,28356399.88,110749475.5,46214227.33,-16042179.88,-63794863.42,-96248620.82,-28473555.73,-59365156.59,-87481042.7,62134645.55,27249691.14,-98679439.15,-32376478.68,3920747.34,105793277.14,34265100.27,-8703296.45,-9243055.15,30160621.63,31477054.8,-96996568.32,30087561.62,-5219978.55,-45718849.03,77701234.14,-33564863.35,115262071.9,46121267.74,-61470122.42,-53048590.82,105791721.91,105794250.48,105785314.7,-58761956.73,-57603173.54,-82137056.57,81095575.82,105797259.85,13618737.41,-30730374.24,-26933216.05,23930957.37,-81318404.37,-93594534.61,-55161992.63,105782512.65,184845232.32,32708633.7,79990041.81,91191809.52,76619574.68,-9760706765.18,105786798.45,-987328.74,-35983173.06,105792646.34,79213352.66,105797929.6,105786843.16,-49453937.01,-62190135.47,8209312.42,105803267.18,50334847.5,35885632818.96,105794768.74,-22259871.33,105783399.9,-25412029.35,13383034.69,32375922.03
-17440065.5,105791720.44,105785630.53,105790833.51,-61110341.44,16981236.39,6586069.99,105785284.7,71819481.93,-85096889.77,105793528.71,-73165131.07,64427584.7,47870375.7,-20470074208.76,18965789.44,-23922930.76,26114509.49,23453757.73,-28480986.04,30061674.95,-78383450.28,91159879.46,22163051.57,-66862810.7,-21560221.32,5273856000000,-50240798.88,-2638855.74,-35874487.36,110890270.54,-24722175.21,4661596.53,-20723813.76,17789774.08,-86109923.53,57160661.94,-40464576.56,-11932255.07,14037309.73,56835787.8,74476818.18,-55005249.66,105795011.48,-48919245.59,-75893642.09,42643949.63,62472935.78,39379057.93,38238770.94,56999020.8,-86054588.29,47653232.15,-52119137.18,60747758.81,110890663.63,59568303.43,27378969.31,46366933.49,105788325.38,105793699.1,105788894.71,-93881176.36,10784572.3,32504889.68,219067.79,105795333.75,-37718092.56,-67628633.42,88588859.9,-90215093.23,-19311744.36,-16489382.15,-34209121.82,105785854.33,105988379.67,55183479.31,25254372.31,-61964132.37,75660653.46,-9746616723.93,105787130.33,77070452.13,-75928613.08,105788411.94,88270505.31,105800532.47,105784019.13,14772755.03,51271608.49,-74488709.7,105799841.15,-79698412.59,19507306048.2,105792039.48,83995520.12,105784659.05,-2895362.93,61333161.38,53642276.91
-74880578.18,105789697.59,105786902.01,105790784.75,54007180.65,-98933502.9,41624226.33,105783133.59,5781432.57,2724966.16,105794925.02,45922142.3,23239376.25,-79629164.44,-20470074982.78,46826213.66,6812373.66,47455431.53,-27457228.99,66177893.12,-42329905.73,34509047.22,97336187.7,-2439812.91,61299674.03,69844468.71,5415120000000,-49485967.09,-96223130.39,44302513.03,111331498.85,-27006436.37,24043852.65,-2742082.74,-47898063.35,85819896.37,-91904929.23,-46566274.03,35125701.05,37635525.35,31942027.24,-53699225.03,25787328.08,105793440.07,-97164103.56,-98612776.27,6438172.8,-22701117.07,-20196737.02,47969608.96,95206472.52,8095880.4,-8989759.16,-75359363.52,52421496.07,111480122.61,58542533.81,-92503118.34,-50700044.69,105786839.33,105792128.07,105791182.88,85637063.55,93581264.7,98675417.5,-15448722.41,105792704.21,-20949866.32,96351263.61,-66269889.01,20280680.99,87530171.75,-61543795.01,-59542821.76,105790401.89,106001061.7,49347445.04,-54940609.47,-66719938.82,-46017683.68,-9746540926.36,105789771.11,90003780.22,12909200.18,105784233.24,869127.67,105799980.35,105783963.68,-73921160.33,6303122,45155711.18,105952806.61,-70896076.08,8839409073.36,105790639.52,-11292285.65,105787335.72,81298670.67,42377203.73,-88204854.81
-71253417.16,105788701.79,105790931.87,105789306.87,25183139.42,-41889317.25,-5172942.67,105783562.79,-5175503.31,-23650751.84,105794480.15,-10272346.67,43070084.81,30272461.26,-56531639916.91,-19841230.57,-31562695.54,-35967674.74,-59997456.96,11325731.37,4288281.17,47988933.84,48173569.68,30157371.41,4950007.69,-53353371.84,5547571200000,-37348808.48,-10495278.07,-98997763.08,111271797.88,-27838440.08,20306629.04,-79301313.02,34403301.35,84105500.38,46271884.02,73496029.67,78248255.22,31187811.34,-23655089.55,-37773808.31,53317732.58,105790166.14,-60148793.31,-24631930.3,33567489.45,80768010.12,-70165875.02,-21096518.85,67318145.06,-51286778.33,-22020230.1,70709504.45,74682483.92,111071532.27,5383431.75,26369546.68,-20581593.3,105786253.91,105791063.97,105792218.52,76820984.23,-16280393.26,-87436831.49,-62720094.14,105790999.2,-46164638.25,-74740456.54,73866033.15,-70968452.94,39228257.88,48217468.02,89024875.45,105794002.25,106068726.6,94056588.38,2564253.41,20298431.94,93147042.71,-9721637300.65,105793935.35,-46757270.9,-70597011.66,105781954.34,39759151.34,105796228.52,105786150.59,-14744427.81,91275876.17,69654102.67,106524058.1,-94858375.73,4848877564.55,105790909.57,75133807.47,105790332.99,57222612.18,-16883361.23,58479003.01
37662227.43,105789573.97,105796083.06,105788110.5,82031321.12,-43678041.91,-42924137.3,105786846.19,-5089701.02,-75001333.71,105791955.15,39302657.94,67769356.53,96985023.54,-56531642460.14,66314704.76,60125564.44,66707279.97,66016344.36,4565367.22,31947277.89,33428705.45,92246245.2,17761579.2,28123831.3,11575739.69,5667753600000,-61656800.45,82653505.41,13840052.02,111166570.4,-31785310.7,-18089307.91,-96391561.9,79285425.62,84257463.64,67378480.77,55191824.24,-9725015.27,50836967.3,-40136075.13,21400760.13,-82472842.23,105786270.1,-4590988.43,77212369.17,-77509374.53,-39063092.69,77279263.95,55341069.22,11522190.58,-89808968.33,-98401868.69,25534851.52,48009374.95,107877318.69,-7139463.9,-84381429.07,88115686.58,105789135.71,105791716.29,105790761.37,98139622.77,68371348.74,48173520.37,-4190531.05,105791021.22,-59444868.3,28671265.79,-19363260.79,32443569.51,-83274635.8,46328865.31,16632081.56,105795590,106301838.87,-43273009.09,54512822.48,-86952544.42,80576670.59,-9625161082.78,105798001.86,33949634.9,16848920.17,105782864.99,56343270.28,105791663.9,105789028.76,-5995951.12,-75010405.5,69311685.76,108189192.26,-89003530.79,1026747807.56,105792296.66,-39769601.06,105792023.75,-37738035.68,4400935.31,-80595507.95
99744213.04,105792601.42,105800230.41,105788501.58,-58283813.44,-43887804.64,-49386685.98,105791837.47,-19147120.65,-85071368.45,105787924.56,52575351.92,7675173.59,66274382.04,-56531643490.27,93085657.45,-15762726.26,24687364.41,-39396789.08,44410846.7,21153740.49,77557563.52,36852971.37,-11457855.21,-31916966.56,-32340298.88,5771952000000,-20564567.17,5696903.85,-38761873.84,111472463.98,15513535.15,11379296.25,73602791.46,-73163033.92,-83626820.26,75227735.26,-99571900.59,-57121875.1,-3300421.26,-6208304.63,61302167.01,72379627.71,105783107.69,-87417578.15,-73965121.61,88823601.53,20356851.18,-68429458.13,-16742421.3,-38206719.87,-60356445.61,69168422.92,-6361063.02,-88368521.68,112354327.44,30902333.61,73156754.21,78849877.59,105790348.89,105793893.88,105786984.27,10474551.46,82807273,-6416341.21,-36394422.14,105792320.7,51607773.43,86127698.26,-66527829.66,27488645.68,32679678.45,-23711387.35,-47662652.68,105794929.15,106718060.71,25418656.95,-92210743.16,65856422.22,-90856235.62,-9578859590.46,105800009.15,-27288915.84,-47962324.25,105786499.93,13247008.21,105787943.51,105790948.89,-46352198.01,15975919.53,69792928.77,110826507.89,-35083670.85,3430057897.72,105793293.94,70291528.13,105791906.9,61218362.35,-28867734.17,443037.42
44917879.63,105796409.86,105801740.11,105791013.16,59105182.75,-20434708.48,-99224070,105796512.48,38812325.1,54802490.35,105784059.15,60895174.23,42470757.79,30652135.87,-73022252122.34,-76398838.96,54568944.74,13314486.52,-2916879.88,-20618329.47,34879142.3,-87181862.55,8324786.36,-41833607.84,29586092.95,92438723.95,5856624000000,-70674060,-11282509.67,79797968.82,112122853.4,-8053732.05,63115018.54,-61561208.02,-96816537.18,-46241008.68,16301078.73,89144554.19,66007674.56,-62745205.81,91033066.19,-82048528.1,-60994909.84,105782629.02,20900023.01,46580581.34,-94560977.64,-71920844.11,-6714572.9,-65882129.2,66859683.84,91268963.57,83529902.75,-92400750.24,15305051.21,119275895.22,-71499165.69,-94724666.78,81796502.93,105789720.42,105796276.2,105781711.91,62237285.44,-33728904.48,-63584484.96,-65736466.46,105793518.55,71566709.35,96742681.8,-84035539.24,73068809.79,-97717422.88,-5687670.15,65224876.8,105793110.38,106865108.26,-12207106.37,-5643418.07,-14614041.47,-31089695.98,-9544242440.98,105798901.79,77788161.41,22182707.4,105791209.16,16488873.57,105786460.49,105791102.01,-51629427.62,-491221.51,98174101.47,107306894.75,-69300975.37,13080334920.21,105792328.92,-57064413.81,105790534.05,95489356.23,-25687453.56,-63941259.05
66651701.35,105799290.75,105800058.13,105795009.5,30496406.71,73260002.2,86938137.61,105798995,-48946596.8,31762674.97,105782401.97,15345898.64,81992077.64,93538322.82,-73022248034.78,14784538.36,-70236099.61,84391806.56,-41496860.69,30622703.6,-82771615.1,584484.83,-5810619.65,89568545.57,-20113106.45,30809671.87,5919868800000,-13751098.02,-36759271.2,84918903.39,112362703.78,4104431.67,67445534.63,99441545.34,45847092.4,-14307431.36,61963054.87,96880880.27,69803413.32,-65231289.23,78243054.17,24400737.36,-65488057.02,105785070.33,41739918.99,62493914.99,41171014.86,53044530.65,-91541789.88,84883598.03,46708085.94,-45599949.96,16623146.21,81279530.85,-92601270.11,119199479.32,4410371.55,58914585.35,-59312297.36,105788283.52,105797231.01,105777855.59,-4965762.33,4054993.38,7402121.84,50884419.41,105793185.21,-19934360.79,-84806446.55,37396407.6,47061839.68,59651249.65,-64787909.86,-42572834.28,105791845.64,111120313.29,-12964646.79,-89949513.14,-48425823.69,-3912525.8,-9566156114.02,105795172.8,-70486687.39,-32178251.08,105795039.38,48378648.29,105787321.22,105789938.39,-18072509.6,-15100163.43,11665857.48,149105471.89,-23833829.28,4318948092.48,105789625.15,97127391.98,105789636.28,53172298.45,-31687395.24,13122344.37
-57236766.94,105799688.67,105796049.58,105798822.22,-51495782.53,-92439103.28,-93322926.86,105798504.57,-75379446.23,-6723776.4,105783962.01,-11287667.85,-76839878.83,9213897.57,-73022242989.92,-58490722.72,56738331.8,-53344398.01,-76710775.8,35778187.6,-85340056.45,-80987970.19,43889647.52,99334576.85,-70655223.21,-36895595.62,5959785600000,82348984.7,67287416.34,-38998310.98,112355352.96,-44068430.01,27063497.07,42193192.15,-59031650.18,-89786802.11,-73462300.62,88559171.88,-81227568.84,92911694.92,-19050469.32,-48587815.73,-37354623.71,105789719.5,-25710056.79,-63787934.3,4743665.89,-90946301.06,23396947.21,24652366.08,15030066.8,93603467.56,-51425717.25,-44727802.26,51709597.41,111125282.46,-12899112,-16360062.15,-95514536.07,105787866.11,105795666.06,105776844.77,-26620169.33,20445495.28,62014590.68,-82092785.97,105790764.56,8377821.28,4563475.96,78552461.71,-80970553.55,-82160511.89,-92717431.96,-58059579.21,105792293.73,111416945.96,-18213314.19,-25607569.13,68428227.43,-10138393.32,-9553148028.61,105790492.65,-37020131.5,-66475789.12,105796661.78,-63684294.75,105789565.17,105788835.67,43879715.76,28030953.34,-98094267.23,108782936.61,-23341321.24,3112726647.08,105785895.91,-51301506.01,105790354.76,14773244.57,-36659479.47,-14433856.42
-95883367.19,105797044.79,105792464.38,105800218.99,-81549799.47,-20209083.21,-92847352.7,105795707.85,-67376530.99,-36005922.86,105787841.12,49143853.16,-71865802,17142338.2,-87869491648.26,-25886311.47,79268411.24,-69817947.47,-66016757.04,93635963.37,57812619.46,9084923.05,40206909.73,170388.69,8815222.84,9242858.62,1655510400000,93706346.36,-61947457.91,84264273.48,112349544.93,-91907510.86,-64026676.17,23703396.06,63562855.21,-2865468.6,-64368380.38,7635588.06,78064904.34,46720048.64,-56282433.86,-18760966.88,36114107.23,105794493.88,-31269781.13,-19044036.97,49527053.56,-55180689.92,84542216.57,32221839.78,-62129366.81,90212385.8,78851411.31,-4910527.89,-40283507.7,105915880.62,23820991.42,23416636.42,-78352615.64,105783697.79,105791611.75,105778628.34,-37085266.67,-30274656.75,-68432763.14,92225901.13,105787003.04,55309181.58,94655034.73,-82999137.18,5585231.49,2377580.14,-82271315.64,95531163.34,105793955.05,111407221.42,51931647.15,14696746.63,-31188140,51253009.2,-9554815710.92,105786715.18,74691282.78,80133645.85,105795742.39,-67550347.88,105790786.69,105789215.14,97588614.48,-93459396.72,42334922.2,105791593.27,10903117.05,2422198766.5,105783273.31,70119308.87,105793057.03,37177583.97,-40569697.94,-35500722.19
-90317846.1,105792333.27,105790419.35,105798602.53,-62409204.06,-36129160.04,-92695236.98,105792287.94,2914673.47,-43246646.77,105792658.44,-42190635.48,22119866.78,-17836836.63,-99215962827.39,-12296208.43,69806416.17,-10088490.87,-15694455.6,74832601.2,69670590.32,-75479230.84,-61485414.7,-92328356.96,-60299023.12,-40551676.73,5966092800000,-18105749.81,28276995.44,-26551316.22,112136687.89,75102296.26,65739713.42,31771257.85,88598252.92,27845651,-34148916.8,19026087.95,-72838476.24,93035493.35,-46891532.82,-12757555.65,-92270341.3,105797589.36,-96748146.98,98991605.96,18043860.68,19944286.45,-74016520.27,39587565.98,-44756942.03,-94922794.82,-43223058.7,-29232963.89,-36953669.94,106390959.12,56939317.54,99012982.05,-49522424.89,105785681.48,105786700.61,105782067.08,59370909.87,-73560421.78,-26845743.47,-41690303.66,105783624.12,-81106229.57,-67665378.32,74891157.43,9828660.85,76087658.18,-99196491.74,44934926.38,105795917.94,111405962.38,-68236313.77,-9955929.63,-18709996.71,6313934.61,-9536051982.7,105785318.69,27956338.72,-10402002.59,105793656.7,58398580.17,105790565.55,105791621.07,85775920.91,44215790.05,62172199.36,105794402.79,45782366.36,2128694353.78,105783066.14,40780461.12,105796529.41,38530508.45,-87793390.22,-21861932.19
21873659.67,59673980.21,24389539.67,-57407203.72,3804879.4,90647993.48,105795301.07,-98338876.2,112377951.5,305635670.22,32569276.6,-44776198.33,-99762748.04,43346858.34,105794544.44,-9184975.46,114282997.65,5932051200000,-19631298.13,33996742.16,105790397.84,41197656.08,-60995860.51,105785948.25,45711606.63,-830852,105791494.28,105796454.51,-19257370.08,-67873257.74,71157692.41,105797882.36,78348807.74,-49997567.31,105783041.18,65512979.79,-24829005.13,58250850.55,-58817093.76,105782417.55,-63737421.83,-85603342.09,-64206821.28,-28757852.29,-17022377.53,-23591856.5,58095357.83,-9616002131.82,-98603407.36,-32394745.48,-83552294.99,105796594.89,-72649505.22,105785942.27,19148128.8,-37860215.64,96448546.15,-87338247.54,20422779.99,62994558.14,16330853.33,-43985975.85,-74148654.72,3069736.21,23773282.36,11844165.22,-47623502.29,69915684.16,105787447.52,-99215964749.97,-76390492.15,105789062.5,-40155308.57,16245999.31,-82533161.56,77528325.68,16902548.89,105786366.83,105789982.17,-80475868.81,-67302687.98,90682718.43,-37656724.96,105792068.9,37918527.03,7946770.42,57912330.28,68642915.44,-35823003.54,-40104083.54,-32288878.02,-84340643.32,93533441.95,93731737.53,67948038.25,-82139029.13,1482203874.68,-38766573.32,131388255.37,105799095.93
-12987805.1,8601223.49,-44313788.76,88629126.1,38962175.73,73750307.97,105798541.87,-95823749.63,112399109.21,267337234.94,-43745568.28,63682614.39,-81637416.97,18115661.93,105789624.05,-15719341.75,115211716.28,5874336000000,-95744659.08,45254156.05,105791773.36,-13568014.85,-78713813.82,105788162.68,-34131678.21,-24926275.86,105794920.23,105797734.06,8431398.96,-78432776.16,46247149.41,105795954.01,-23338991.27,-68793094.25,105782150.59,-75328282.42,25390662.9,-35702391.56,23909280.51,105784248.26,-43533402.31,15959978.55,-90269941.11,30991719.79,-88991846.62,11613725.82,51260632.25,-9462490462.62,-26497284.73,91959854.47,20375442.73,105794800.88,-64175545.19,105790817.98,-83547818.36,-11560641.79,-91901929.09,66829437.47,-15529440.91,11720290.27,67449827.17,-94237750.77,-10956913.32,43666108.21,55636012.67,44926677.06,64863029.15,-28172296.33,105784490.06,-105307184060.88,8540487.1,105787178.66,52580530.51,-85600217.24,-25535105.15,36579879.95,11671179.5,105788604.47,105789632.95,-725928,14963563.81,93414327.74,-90069025.03,105791994.6,86605855.61,45450929.55,-28403903.5,91443655.24,-60100141.76,93056338.02,40735290.96,15606237.29,-5853473.46,-91650994.97,-11235359.27,11950777.04,1801641279.95,-79307222.06,147526069.55,105799109.87
95637552.42,-93036075.96,92427376.64,84670043.09,33263639.03,55390738.58,105799584.47,-57776716.32,112395484.64,105787173.6,-66427033.75,83314357.18,-46966065.06,71589670.09,105785900.83,-730434.69,106375087.35,5794848000000,-44571915.6,-52910698.08,105792955.09,59017984.4,-76107560.07,105788221.88,-7441970.28,89631478.03,105798467.27,105796525.06,-72174675.05,-3104525.33,89643273.29,105793241.35,-78475440.4,-10950284.37,105784310.82,-44599272.34,73156520.8,40293428.53,-17256724.51,105788542.21,-77373354.82,-71998803.25,42953221.5,20450041.35,-99722023.79,-74797107.15,79437607.09,-9458538856.48,32903786.45,49183439.58,-86763500.05,105790799.53,-24592755.4,105795629.47,65261238.44,96170748.01,28594839.29,72284917.99,43418967.83,-84717766.15,64789856.13,-35576496.78,1225757.41,73997314.23,39350675.49,11997694.2,4693152.85,-86292151.63,105784347.05,-117244347654.23,65502183.91,105786610.75,58537506.23,20365771.19,3127197.47,32093340.24,-19117706.79,105790395.57,105790782.74,-87286977.63,-64942607.71,-56893285.05,68800966.79,105793380.48,24172091.68,36971857.25,-5005033.23,-32517588.53,-78569024.56,87607167.39,40700015.46,87948403.82,42412603.4,-69216407.61,61855305.92,83340948.58,3183762568.7,-72890599.75,147453762.14,105796154.68
-75600484.68,26618900.56,-58453325.78,34645446.88,2732307.9,-92756290.84,105797610.12,-70779666.32,112380815.75,115745565.58,-50507084.74,-6652411.77,-10102800.75,-91634319.83,105784717.01,-92726074.49,108675668.42,5695488000000,-92502736.77,46948464.62,105792624.96,-2149062.11,-47046601.55,105786880.12,78807386.86,10617004.47,105798044.68,105794110.18,47512600.95,-73000596.9,-37354010.21,105791417.28,-58005615.86,-75859374.72,105788386.2,-7385833.9,-49156854.9,3111355.79,-98431342.75,105793543.51,30039783.16,-78384983.93,-82121047.48,81425858.76,65222310.75,51453373.08,-41726991.12,-9497769234.29,14701367.36,-63383883.39,-59202130.88,105786123.8,-61293237.3,105798562.36,68490793.71,-2515855.97,-65915598.48,-80193247.41,-84986159.44,72127851.33,-23755631.55,13143658.23,7582533.96,45645528.8,-43258330.97,47037561.05,-24547289.59,74687242.11,105786474.22,-125762887243.44,1910382.12,105788431.41,19831324.24,97371503.48,75014888.98,36864774.32,-34689438.7,105790645.65,105792031.69,-60452185.68,-61711494.43,-45633096.36,137937.6,105795057.48,88961727.3,67231532.59,-25533616.84,-44506293.18,-16459118.11,-62818292.09,-11030085.13,-22748664.54,46357212.04,56745566.44,14726079.39,95035402.32,990674886.51,-52420709.46,148213002.65,105791270.55
-56074546.56,35265321.81,-12685490.13,-96569901.82,38221856.46,-13720363.56,105793241.01,78685120.39,112367382.44,106635838.45,-70353375.39,87081802.42,7666476.51,77624073.42,105785997.03,-24053289.59,111197639.63,5579280000000,-72860381.25,98304397.5,105790514.65,-51619729.23,-81385275.28,105785347.26,87794234.47,-8424248.96,105796749.21,105792061.16,31639501.68,-76060345.34,-67665107.11,105791281.61,73640604.55,85326201.49,105792396.54,46438876.68,-94630938.01,30205956.71,-31313840.1,105797208.29,11942646.1,39711535.5,42283760.27,34444946.67,59763410.18,38359536.91,-90942492.43,-9496120212.25,84782611.4,-73649388.07,67440548.43,105782762.52,-22203080.64,105798529.56,99887173.12,-70012534.96,38806669.53,-50435687.24,46373017.25,-74290910.09,89330850.61,-12813720.3,4711603.49,59401710.19,-31174136.14,-79295258.09,-88440317.32,28620927.07,105789465.81,-146801144965.31,92663821.6,105792264.18,41660365.7,-58660448.91,30336240.05,11525039.06,68053053.4,105789376.5,105791941.96,-62444022.85,-32972311.69,72005290.37,-40059691.54,105795424.59,-30468942.96,1983367.63,-56495981.41,-19796507.2,-75829605.76,86309831.37,85428643.05,65905742.86,8949897.12,-67984182.94,-57283840.26,-26808000.88,4904456220.96,-77928015.2,147798561.06,105786392.73
-28125104.16,-60419064.29,-62615422.03,62572581.79,-25425368.43,4810548.5,105788266.79,-77548838.64,112356059.51,105814930.39,92053112.32,-25268482.27,-37337688.14,-46178894.18,105788523.29,-18353782.2,107627717.01,5449680000000,51652375.1,-80081588.04,105787627.02,-60781121.8,-83626698.4,105785585.05,42749400.81,-19577079.53,105792315.36,105791591.24,-65868364.8,-43652785.26,-94261118.32,105792512.53,-96056466.25,-99451875.41,105794695.69,94829988.69,-51455883.93,-26673092.42,72203522.8,105798244.95,72615036.17,-89344008.54,-67312978.8,-68733946.55,-5836452.01,69058976.34,-51629593.78,-9538812236.73,21284194.11,45971861.81,48961046.62,105782257.04,-99936544.27,105796182.38,2874535.11,21637652.06,-63489461.62,-9873130.95,-43731236.1,-9901955.61,-9169323.1,-27910362.64,-93622180.79,5652217.87,-40153878.79,-14225175.56,42419331.04,14299112.07,105791540.22,-166724486630.65,99401917.81,105796681.91,90670930.89,-8671724.8,-55268066.44,17897312.2,-93075441.29,105787798.39,105789961.7,-8538460.79,-30370153.76,-39796098.23,-96736429.61,105793530.4,-58155756.41,-81614992.38,-7366022.79,90548547.28,-60714359.27,-63101126.37,39056650.23,-40527708.21,73925930.59,-10037860.2,13679454.22,-24500447.63,3478136109.08,-69718982.78,147652955.5,105783626.91
-30442772.52,-78595661.48,-14163392.27,-73755280.99,-23111991.71,23523816.03,105784739.08,-2279514.14,112346391.05,108958571.01,-24173223.42,-86763952.2,68003913.32,75943681.14,105790710.38,-45900385.91,112200167.14,5310576000000,64081583.36,-75264318.95,105785066.17,69295518.55,-66560374.41,105788025.63,-87915259.82,14614622.48,105789756.93,105792791.07,76094254.31,-24096878.4,-88727732.14,105793907.72,92036443.25,-79620059.03,105794781.29,85992235.9,-2688161.33,-53570572.74,-50872385.5,105796730.52,-89321352.01,-94564563.74,74136809.11,80889229.53,10805761.44,-34870035.63,18838259.8,-9553277645.44,5325346.99,-89010336.66,20482752.95,105784897.49,5714489.25,105793040.67,-32711424.59,84859242.87,-55056139.55,-74640826.57,48836485.24,-20935232.32,-49612913.12,-74275631.33,60408450.78,-15086239.5,-2820965.92,-91831398.27,-27558492,-92630739.99,105791851.93,-166724485246.74,99692559.71,105799818.55,-45740277.34,77007052.05,84329025.24,4263865.56,50641391.38,105787526.43,105786830.63,94896167.33,-44639851.28,54095064.83,92305696.73,105789736.57,-98217718.36,46712048.34,-69819960.52,-96565804.59,58784605.7,-12327250.04,89081563.33,69079152.25,-95668265.3,-32573851.03,-31990387.04,41731434.56,3901219732.97,-78163939.15,143638983.98,105783750.52
-26788663.05,-28155324.39,-3398788.49,26827584.45,89471359.16,41049969.51,105783929.07,76832839.78,112310998.57,105796542.57,10056027.73,45228646.55,26664094.87,18957860.76,105791236.13,45906406.26,107187838.43,5165510400000,45351489.59,26090154.23,105785583.88,57108733.04,73695676.74,105790245.48,-23063142.02,-47794312.02,105786868.7,105794250.83,77132797.56,-54707368.65,96548088.99,105793618.18,-61446394.01,-55161714.61,105793315.32,-44203106.74,51460022.13,-57107835.68,12096559.02,105793971.35,-36972283.58,73773423.1,-65857168.47,68623033.02,-7578224.87,70784181.75,77904689.44,-9562837572.67,82385465.52,56720108.76,-974026.2,105789270.77,25428249.93,105790697.7,-95525816.28,89798580.27,-58266882.67,-65038828.41,-81886056.1,69582103.41,-96674173.01,82304796,63994457.16,19207720.46,-23925144.35,-92506128.48,-36063378.18,91462032.95,105790488.34,-170803186933.39,-48528590.67,105800019.79,-7597323.62,-60115003.87,92546515.94,16185958.57,-52489080.79,105789417.05,105784223.48,12064745.39,-64233928.25,-77202594.39,-24572815.26,105785421.34,8155136.66,-56156371.69,3102769.86,85941085.02,82293355.53,-23812835.18,64565453.17,61913430.14,61600704.33,97695207.46,-39409014.51,96600576.6,6189473139.88,-48956502.53,143337577.76,105786294.81