E4,TlVTQcKneyJtIjpbODMsNjcsMTNdLCJvIjpbOTM1NzEwMzguODE1MTA3NjksMzIzMTU5NTQuMTY2ODcxNDE3LDgyNDM1NDA0Ljk4NjAxMjYyXSwicCI6WzE1NiwyODMsNzU1XX3Cpzc1wqdXQjQsSFQyLFpTOCxEQTcsVFA1LEFCNyxNVzksQkI1LEdQNixMWjEsUUo0LE9RMCxXTzYsQ1MyLEhFMixYSDQsRUc2LEdSNSxOSjksR085LEZCNyxORTMsQVkwLEVMMixFTDksU1I5LE5QOSxEWjAsWlQ5LEJVOCxQUzIsT0QxLFhVNyxaWjgsTVQyLENQNSxITjksSlo1LElaMCxPRjYsUUo4LFlCNSxMWTYsR1YzLEJMOSxYTzEsSVI5LFdHNyxZSDYsUFY2LE9PNyxCVDYsR1k5LFJUMixXVjksSkk5LENFNyxWTjQsWkM5LFRLNSxLWDgsVU80LEVGMSxKUjMsV1g0LFVONSxQVTksSUc1LENQNCxaVjksWlQ1LE5DMyxMWjcsWEE2LFBEMyxMUDksS0s2LFpIOCxDWjAsVEM1LFdVMyxERzQsQ1gzLEJSMSxNTzMsVUU1LEVLNCxOVTEsQUcyLEtKNSxVSDgsR0kxLEZMMixDWDEsUVc4LEJSMyxZRzUsQlUzLFNBNixNTzDCpzA6NDQ6Ti4zNixOLjQ1LE4uNjUsUi4yMyxOLjUwLE4uNTksTi4yOCxOLjM5LE4uMSxOLjUyLFIuMixOLjIzLE4uNjgsTi4yOSxOLjU3LFIuNyxOLjE3LE4uNDgsTi43MixOLjMxLE4uNixOLjMsTi40OSxOLjcsTi41MyxOLjExLE4uNCxOLjUsTi4xMixSLjEwLFIuMTcsTi4xNCxSLjE0LE4uMjYsUi4xMyxOLjMyLE4uNDcsTi41NSxOLjYyLFIuNixOLjM0LE4uNzAsUi44LE4uMCxOLjQyLE4uNTgsUi4xOCxOLjYwLE4uNDEsTi4xMyxOLjYxLE4uOCxOLjM1LE4uNzQsUi45LFIuMTksTi42OSxSLjMsUi4xNSxOLjIyLFIuMTEsTi4zMCxOLjM3LFIuMTIsUi4yMixSLjAsTi40NixOLjQzLE4uMTUsTi43MyxOLjIsUi4yMCxOLjY0LE4uMTksTi4yNyxOLjUxLE4uNTQsTi40MCxOLjM4LE4uNjYsTi4xOCxOLjIwLFIuMSxOLjQ0LFIuMTYsUi4yNCxOLjEwLE4uNjcsUi40LE4uNzEsTi4yMSxSLjIxLE4uMjUsUi41LE4uOSxOLjYzLE4uMTYsTi4zMyxOLjU2LE4uMjR8NDQ6MTQ6Ti40NixOLjEyLE4uNjcsTi42OSxOLjI2LFIuMjQsTi43MCxSLjE4LE4uMjUsUi4xMSxSLjE5LE4uNzIsTi4xOSxOLjIwLE4uNjIsTi42NCxSLjE3LFIuMjMsTi4yNyxOLjE2LFIuMSxOLjQ3LE4uNzQsTi4yMixSLjksUi4yMSxOLjM2LE4uNDEsTi40MCxOLjExLE4uNTQsUi4yMixOLjQ1LE4uOCxOLjU3LE4uNyxOLjYwLE4uMjEsUi4xNSxOLjE1LFIuOCxOLjY1LE4uNjYsTi41NSxOLjQyLE4uMzcsTi4xNCxSLjE2LFIuNyxSLjIwLE4uMTcsUi4xMixOLjIsTi4xMCxSLjAsTi42LE4uMzIsTi40MyxOLjcxLFIuNixOLjE4LE4uMjgsTi4xMyxSLjEzLE4uNTgsUi4zLE4uMSxOLjMwLE4uNTksTi41MixOLjMzLE4uNjEsTi42MyxOLjAsUi41LE4uMzEsUi4yLE4uMyxOLjY4LE4uMjksTi40OSxSLjEwLFIuMTQsTi40NCxOLjksTi4yMyxOLjUwLE4uMjQsTi4zOSxSLjQsTi4zOCxOLjM0LE4uNTYsTi41MSxOLjM1LE4uNDgsTi41LE4uNTMsTi43MyxOLjQ=
WB4,HT2,ZS8,DA7,TP5,AB7,MW9,BB5,GP6,LZ1,QJ4,OQ0,WO6,CS2,HE2,XH4,EG6,GR5,NJ9,GO9,FB7,NE3,AY0,EL2,EL9,SR9,NP9,DZ0,ZT9,BU8,PS2,OD1,XU7,ZZ8,MT2,CP5,HN9,JZ5,IZ0,OF6,QJ8,YB5,LY6,GV3,BL9,XO1,IR9,WG7,YH6,PV6,OO7,BT6,GY9,RT2,WV9,JI9,CE7,VN4,ZC9,TK5,KX8,UO4,EF1,JR3,WX4,UN5,PU9,IG5,CP4,ZV9,ZT5,NC3,LZ7,XA6,PD3,LP9,KK6,ZH8,CZ0,TC5,WU3,DG4,CX3,BR1,MO3,UE5,EK4,NU1,AG2,KJ5,UH8,GI1,FL2,CX1,QW8,BR3,YG5,BU3,SA6,MO0
65687480.92,-18078716.82,53868143.28,208337041.89,20962697.15,3581864.98,2752264.71,18673738.75,-20404710.01,76860977.28,208323491.66,-31086841.59,-79661515.7,14189203.06,78022043.8,208329275.56,-30281709.84,25323703.41,-56084631.47,73735097.07,26054999.78,-97325843.53,94393383.92,86683893.9,30715839.86,-26914152.79,42965054.53,-44972306.77,52358754.31,208320883.96,208316615.67,21058903.04,208322743.97,55765484.13,208315384.55,-89339062.89,50150833.45,12559786.68,-8917853.65,208319882.47,-95798352.47,38922808.01,208323911.92,-78558507.84,53743734.76,-51476397.2,208322812.59,47268920.83,31745822.98,-1837192.24,84638593.39,-30301594.87,-95294793.84,12315592.27,208316690.04,208329757.84,25911096.54,208331935.41,208329240.62,-13072684.23,208328879.17,21109240.23,-95376131.51,208324074.38,208325113.02,4254595200000,95544443.71,-55143886.52,-94059353.28,17245369.39,86119928.97,830208321596.77,-25903869.16,-33875278.01,-17189778.92,-48282830.87,36519018.32,38417964.3,17771216.08,91401649.93,-55200145.12,36062470.99,208320909.37,-67896277.85,208322136.23,208329188.21,3206107.46,-53954431.43,208330239.33,9383135,-68222431.06,830208315683.79,44306786.73,208324305.81,-76222136.48,-94345980.74,-48681656.16,43687498.53,98084900.58,-68500590.12
-45504955.48,-10730426.32,22407852.14,208350419.63,59444800.57,30620422.29,-60698446.43,97086907.42,-41568075.95,-84433894.9,208328322.79,63346528.25,-36337184.04,82365093.28,3336236.98,208328909.79,51613727.98,96227782.81,-71902611.24,60138288.48,36123610.54,21091575.34,76452971.15,-13148614.04,-57047969.88,47583342.21,68464879.52,-21218737.4,-79583405.24,208325615.75,208318721.17,80408312.58,208327635.57,-2420209.34,208316855.38,-12935427.53,96599983.58,-60415045.04,-63123989.92,208325208.38,-72552899.4,-96863181.9,208319023.74,-47533354.38,73650416.6,8585454.49,208327268.29,59660508.7,29482113.14,14480298.51,-85426109.67,6603602.36,-81964166.52,-27016927.04,208317407.94,208327417.49,-46453713.74,208332662.33,208327210.9,32805268.92,208328153.58,46360262.31,-13471909.2,208319108.6,208329159.17,4269196800000,18422609.23,17988194.35,-96290707.9,57092037.67,96841435.84,311458317085.03,-8606988.39,34759612.62,-79528803.72,-39048984.71,86676186.4,-58074029.74,-36576842.98,25770511.34,-24221391.9,89952393.14,208320249.84,34216974.52,208317804.89,208338030.13,72510132.58,4151247.84,208325252.53,55391428.09,-20077696.93,570833318801.26,-85241614.98,208365452.74,69896537.07,32778446.53,-62426224.32,61574607.28,-17687887.63,-54533144.96
-23047839.27,-5446036.32,33471691.17,213853852.69,65235403.21,87733263.46,30575408.56,-71588314.65,-22437241.49,33627756.35,208332241.9,-44130945.18,49587830.61,39170367.07,-3784431.19,208329215.45,76797356.58,-62191814.63,-54043788.85,-49001281.44,33311257.16,-82411189.46,-98325554.44,73460364.47,-28468906.86,48963815.04,5140157.56,-78891025.01,-62901058.16,208328588.45,208323789.39,17635118.76,208329975.3,78710925.36,208321346.54,24253146.46,84898402.13,96391730.27,-54595880.46,83275754.73,-45376039.29,-86138012.45,208315905.58,-95869835.61,27663667.48,-14874030.74,208328908.25,-51136596.03,67385565.89,72617787.71,39093186.22,-26076542.36,-39729115.82,-93096908.71,208321313.63,208322667.27,38718556.46,208329789.77,208322617.88,4840376.93,208324445.63,-26896682.11,57029462.74,208316294.76,208329864.08,4258828800000,-58785121.82,-48291442.68,-67489377.02,94559362.29,-51510797.32,20494035476193.92,-9742442.75,55648747.67,13286405.91,97130645.95,-37172529.62,78724174.64,81709061.91,-33356170.22,-22444818.55,-8559832.77,208323287.87,35987528.81,208316500.22,211096106.61,21779516.42,4367236.04,208321326.12,-39097746.81,-49646865.59,7211900710897.33,-88236274.99,224918949.83,99805836.49,-99348117.47,24887856.73,85074524.76,-32822561.92,-66281444.4
-74851306.24,58010200.72,89730436.33,208324878.59,-18539911.55,-50142976.07,-75726169.94,78671073.4,4791253.95,-19219987.66,208332956.43,-73769550.16,14082621.77,63824424.03,80080702.04,208323981.77,87630959.75,-86286339.9,-23943251.37,44244686.41,2927978.38,-82235201.09,24013448.11,-43953508.16,-6242452.47,-88050576.95,-47781844.11,25091279.63,-65387560.33,208327899.25,208328182.03,77751215.57,208328476.9,-55618894.15,208326386.37,-20330547.01,-25330446.52,65378210.5,69677267.52,83276115.34,-70279571.27,39019525.7,208316398.72,49563238.45,-31410522.17,-70231966.51,208326847.43,-68642062.54,38661040.3,-32616571.81,-47829306.31,-46773823.39,20687029.4,19051224.18,208326214.73,208318242.8,53284857.68,208325037.35,208317812.07,55588367.17,208319647.69,75611588.53,79321257.55,208317147.06,208326781.74,4224096000000,71643129.98,42343395.93,-70100993.31,-18487953.37,-61355041.02,830208318150.68,8007019.66,93959930.59,12659405.01,46430486.11,392227.4,14247803.87,62680321.79,75477227.3,-71291681.13,5888134.53,208328412.15,-52446679.21,208318638.71,209722266.43,-44408635.63,-20083270.59,208320664.11,-53386185.45,31688429.9,5616477618758.01,14249953.42,208332308.12,-71870272.86,4477000.61,71425305.99,-4038737.23,45840092.87,-97068603.18
-19649437.28,-55364001.72,69737268.15,208390677.02,40579774.02,-69447777.82,24034974.37,90874493.44,97283857.41,28152167.44,208329987.21,-18863564.79,-85011877.08,-6909256.06,-14668488.01,208320228.04,-84642765.13,-39310184.84,4797868.79,2865425.2,-57476741.13,-29750587.49,-56684352.09,-55134406.33,91078710.43,-36126098.55,80491317.22,-86513411.63,34814297.61,208324054.34,208329835.73,30842208.18,208323981.27,39369528.7,208329223.25,88615437.83,3290576.27,-75087656,15357489.14,83272845.38,89293348.28,-29395174.63,208320329.93,28935117,49617307.15,90533967.5,208322323.55,-46553536.26,5846411.62,74025924.85,-80381423.45,11531158.2,-60108703.32,11582724.52,208329319.26,208316659.3,32637633.94,208321200.47,208315602.19,69853073.6,208316897.42,-89221098.82,-47587416.52,208321098.54,208321574.12,4165516800000,-69609952.87,-11411730.72,-88027737.64,58426515.49,40071389.8,7470208323008.47,79182791.31,32093610.52,-59216724.37,-354048.3,-50602887.93,26872959.22,1658192,-87678603.83,73981220.92,81735793.28,208332805.4,-7941379.04,208323443.25,208399981.88,51006145.37,-14488783.66,208323592.75,-59797056.42,-6101538.07,5987223762150.91,97836001.92,208402687.86,-31428547.04,-70677666.08,-55394588.06,-19416851.96,-39470294.17,23701351.14
-85169905.3,3130812.82,85584365.9,208327443.98,31756467.17,27149001.57,63362786.83,57853946.47,30872878.18,78327248.45,208324952.11,-54040098.01,20102435.43,89519486.87,79905583.21,208319999.59,59922406.73,-58951788.17,-49157162.64,47159285.83,33482344.37,-9750948.38,-13547268.32,78226564.17,-31745127,-15352082.89,-5622449.16,40624967.82,-63174135.05,208319258.52,208327727.93,22543462.94,208318986.38,-99151386.1,208328368.55,24528950.75,-6778242.72,-56747064.14,-2510076.41,83267845.7,-38820458.31,69217943.5,208325597.65,-76893053.69,-46262550.42,29585659.38,208317991.94,20477544.44,8075395.79,28793031.58,11345231.16,-4578958.4,81158280.3,85934388.61,208328818.73,208318792.97,-50373771.17,208320560.02,208317248.34,84225175.03,208317689.18,70625774.76,-34433881.42,208325836.47,208317088.47,4085337600000,-38252524.8,24811150.63,-26608963.01,-47179526.22,-80557615.52,830208327524.43,48937965.32,-44563892.31,54806192.05,-55107860.8,-53571611,-41300291.78,72877831.15,-36049133.55,-81677753,98283436.17,208334023.77,77731276.06,208328295.56,208391483.6,-41172704.72,-57218651.25,208328387.7,22029157.24,36219894.79,5127721187708.68,60225433.75,208337000.74,85994692.22,24124967.9,-23522930.48,80796590.78,-98921978.07,-26922804.52
-8295538.39,41126360.81,-13807388.28,208332707.82,80263404.09,-79571732.71,-6669600.66,-6558970.66,68569757.8,-8236524.92,208320665,-73120415.47,-17644316.29,35175169.42,-23792448.46,208323378.18,4004360.8,79125099.42,-75561656.9,-30359455.3,36243857.03,-67466173.75,-46618758.79,-66639445.73,96093985.75,17416100.76,85615383.94,-56884667.55,52297554.98,208316291.51,208322970.01,-22250147.93,208316246.16,-31328075.13,208324423.95,56292278.75,-6180857.87,-15900951.24,18983570,83263949.8,-97506589.57,-57403012.02,208329344.49,62996615.97,6995253.51,-86129697.55,208316416.03,77846893.03,37380293.2,35445284.72,12523015.08,49501344.86,-73265670.34,68860708.86,208324919.89,208323391.38,20746273.88,208323582.45,208321874.63,-45023622.74,208321610.38,48712117.45,14625081.68,208328623.45,208315768.75,3985286400000,-28098282.92,49404814.29,18453986.53,-9840009.83,66916608.24,830208329180.75,84300172.95,57149701.28,-98244517.2,358097.69,-29755922.84,40742917.47,84331615.06,4229802.86,-25421042.18,-77864319.41,208331371.56,43781561.7,208330512.76,208379653.35,-50549681.81,-43175941.47,208332260.88,72028680.03,-85571969.21,4513790774296.52,40725791.28,208334137.18,-86350168.11,-99691357.93,-21066414.46,-94948325.67,1241734.6,5933619.71
80146744.9,84554348.86,-11434902.46,208337224.19,62334279.67,77835054.45,-45732550.19,-90714434.72,-85698680.96,-23978687.93,208319556.23,-24454946.66,-38501514.49,72836183.03,-76086933.87,208328447.18,32664861.68,-74591741.82,-30696824.38,48117799.45,-16785001.98,-45656167.66,18111151.34,-50752498.07,-3481729.73,625055.59,-75440243.28,-54265173.9,-79095411.38,208316929.68,208318196.4,-11791838.63,208317227.89,-32568144.82,208319727.49,54827776.39,-28988872.37,82510331.73,81876238.61,83263325.7,-78762385.62,33017963.93,208329555.92,-47906440.72,87979463.51,-632993.93,208318606.33,25033615.68,22220957.81,-7943070.73,19862443.21,-36632546.36,59948320.41,44371777.51,208319741.13,208327788.55,22939728.23,208328644.91,208326956.61,-6492311.96,208326439.14,46510341.59,-88821180.4,208327855.77,208318294.23,3868560000000,-86944382.83,-7419713.18,29379624.15,-80220321.35,-97351993.6,830208327108.57,97844334.3,-34130414.9,46936009.54,-71974306.17,21643061.55,88436424.07,19364970.81,64080384.95,-43927137.78,41119939.19,208326297.03,4779269.2,208328855.94,208364081.04,55574943.65,-39192629.89,208332947.96,-80508337.75,37444070.44,4053342963386.93,79324165.51,208329428.08,-29186131.15,27557988.67,-18505594.06,-90016584.77,-35061017.92,57524669.45
79711543,-26471573.23,5998377.19,208382138.56,-90904423.4,-90262519.52,-79103518.46,-55682715.21,81840104.12,12125095.68,208322304.21,48197145.1,54911885.45,-263966.11,-76872834.9,208332378.82,-97655716.07,58151653.13,-18642070.83,21935272.39,90320676.63,33980052.55,72371541.27,-30922941.19,-67160455.81,-4159762.8,27432100.71,13237061.49,-49621121.65,208320920.31,208315878.07,-35343983.8,208321488.91,28105969.25,208317307.11,53258473.9,5496087.77,-5203407.31,-32556853.07,88972510.88,-38560785.57,-21739472.08,208326184.58,-28901796.58,-26238093.49,-12279711.21,208323434.01,89366915.86,86171685.6,80655477.55,-64451678.57,70053870.57,66708878.71,15913119.34,208316130.6,208329420.84,6035430.71,208332941.46,208329724.84,72329499.46,208328573.11,26709293.26,-87578170.58,208324264.3,208323209.76,3738528000000,78391302.25,-19492729.98,5476092.9,99859026.08,64498130.02,81263010070.84,-55705418.61,-39443095.46,-42363707.25,69664090.94,-65294445.82,-83554213.7,-72415096.18,34437498.62,-13531971.53,-87007484.78,208321585.81,11394523.51,208324207.33,208373422.74,86624394.44,-42421982.22,208329998.89,-94441370.26,-96605997.27,3612000744280.35,39090402.63,208524852.46,-43448385.48,-63862929.51,45735414.26,-55901463.71,-98729861.18,75461266.17
-94637010.21,-74347639.49,-77463984.59,208336065.16,-11700211,-83667796.72,88116056.98,-49117598.19,30521194.2,35263739.45,208327448.59,-67764129.6,-40257929.16,-67657851.99,-24298560.98,208333028.38,20517739.91,61463245.49,53485549.99,-64307559.27,63560401.49,-24129492.28,-69055714.47,-94795733.77,33712343.61,96098190.78,18076365.51,55122034.59,-61368036.45,208326143.72,208317660.24,81297218.7,208326281,-93878613.53,208318173.28,86614890.34,11406426.73,37647975.92,-7791279.77,88977264.12,88282672.02,16314193.06,208321167.77,71176727.75,-90049934.99,-98746566.47,208328252.85,-96865011.88,-24569472.5,-84870872.73,-69410573.47,14790976.13,77062006.58,20216970.59,208316071.49,208327287.28,-71217525.87,208334060.51,208328748.72,-77928108.38,208328755.19,-28088555.75,-14179616.24,208319517.19,208327753.88,3599164800000,95289757.1,11582327.14,-31301849.61,-3462989.82,-72807120.45,830208318239.33,69736565.09,-21484072.33,-46770701.64,56089619.56,-13495657.88,-40162483.4,-14671026.19,70125776.82,70977892.09,56013583.72,208319805.04,38050134.14,208319163.95,208362272.38,-63806018.81,-24090715.91,208325042.18,-24922756.36,-18680725.14,3333821503658.49,-34646635.91,208325053.85,-88634128.4,-96239522.65,41724878.68,-62179005.21,92223489.75,-94448715.6
-8090290.09,4710147.48,-44168587.33,208331196.67,76549640.33,52417846.33,-80390972.65,69954143.69,24072143.31,35437139.13,208332203.54,29333009.66,-78652235.5,-90343032.72,14438351.76,208330135.65,-28689121.66,-63474622.19,7443279.95,-72354273.46,978229.04,-3172669.01,-92262913.2,20151661.7,-69603595.42,-41833654.35,-70185303.59,-77165955.35,-51612299.02,208329747.02,208322399.88,-45027437.96,208329047.61,-43756883.99,208322140.31,-19104286.09,-38234297.98,-52182905.73,39757532.32,88981064.92,-76642067,-68550068.63,208317330.15,-36684518.19,46957620.9,-90641645.45,208330381.61,3908724.61,-86503896.89,34781973.18,-60660662.61,-18466672.07,53385747.82,78968750.79,208319573.25,208322529.04,14613624.1,208331344.6,208324681.74,36529922.75,208324774.57,93254731.33,73937379.78,208316671.72,208329416.52,3453926400000,-29742483.93,-12358189.46,-7601085.27,-56428484.42,84938689.02,103958316674.85,3507228.1,72302165.93,-70888443.73,-51896883.09,40851613.5,-86654261.63,-99710831.39,64368489.12,-83224457.34,-87285820.97,208321873.07,39099822.31,208316468.08,208354308.19,84715800.85,-724180.68,208320873.12,-56304946.98,-66838489.62,3261196508254.29,92407585.32,208336361.21,-57843386.18,19069817.22,-50463225.97,82614284.45,-40363231.12,95531976.94
74309390.26,35976939.72,-82409567.34,208326719.5,58782116.62,-10112339.05,30432581.96,-53842376.85,57931929.28,71000779.8,208334013.71,44294489.17,90609892.49,41587793.64,82955951.3,208325457.28,92569393.15,-41361123.25,-72378818.57,-74993553.04,-91076417.15,-77737946.15,-34426063.01,-82772824.04,-99680620.31,-67908816.86,-8580497.82,-84186856.39,39724209.47,208329776.61,208327527.69,-77264678.53,208328217.62,-40717743.09,208326943.52,95867605.14,84476607.79,-20219289.92,64983650.17,88981693.38,94736661.35,-92672898.23,208316792.25,73014169.46,-91942715.11,19277323.39,208328612.78,-16508720.58,-59337953.44,32805374.18,66291752.19,-12043217.54,-7698913.98,31957516.13,208324672.92,208317798.76,-60670662.08,208326266.29,208319914.43,28315833.25,208319625.32,-75327192.82,77292808.25,208317450.24,208327348.06,3307478400000,56416368.95,-11861289.64,-83903874.08,35130596.98,5601732.73,830208318869.14,92673108.47,84212363.18,-55911272.27,72161994.9,41611193.09,-44804299.09,49224695.39,-11873552.99,27692602.61,-13470286.49,208326558.12,-8563746.35,208317557.45,208350167.57,751030.69,40369562.08,208319879.64,-11906761.05,4971964.78,3313071512639.61,46015722.47,208333037.58,-78326878.62,-51391461.25,2506569.09,6818382.79,78177097.33,-56418198.86
-60850098.6,17469850.48,11258057.67,208343806.87,-44643442.49,94752866.3,-14544755.68,92961156.59,43266317.08,-31598799.67,208331977.79,94633778.08,-45454468.93,-8096666.36,-80847757.15,208321757.93,58618288.36,-12242228.15,-91130576.11,83260242.68,57007620.97,36660759.28,-23318734.4,-97686989.58,11940838.45,48421709.28,44853960.84,-57289449.62,-78241667.31,208326259.18,208330297.99,-22459734.03,208324306.74,-64846041.76,208329837.07,-45002621.85,9907593.32,31892385.94,-88082294.45,89912496.36,72886452.6,-53337781.44,208319782.86,-91513912.7,-27512114.1,-14746853.83,208323897.68,-29781417.76,-85810880.12,84355982.02,40860560.31,6975358.67,-97975997.44,-70004860.66,208328544.83,208315773.14,88255162.43,208321608.16,208317201.69,71070595.04,208315511.47,-17938077.55,60076707.49,208321565.58,208322826.67,3163968000000,35072951.08,96775794.39,42433366.99,-10931619.27,57447074.93,42356761172.4,89065488.66,62685164.09,-69985384.51,-12477180.93,-1067086.03,-21800025.13,15437258.81,93993641.33,32281510.97,79514310.4,208331185.69,948176.42,208321734.26,208350443.32,25608538.58,-33514308.51,208322693.58,77248124.52,-5054928.76,1267903641961.64,87304130.67,208436798.84,-67074652.38,-95623666.86,8291037.4,51148504.54,81296308.31,78635589.92
-87514373.37,53721433.6,33133434.72,208327267.68,-59798469.84,-50280393.84,78807704.95,-29519466.61,20835832.25,-85350243.45,208327340.17,30046360.16,48058697.79,77893798.3,-20488828.43,208321233.04,-76555098.97,75427976.97,19854716.32,62198.18,-19032299.62,60560134.99,58754297.69,-71251028,-21683216.13,-81652721.02,90834849.8,-72163825.61,-17074650.83,208321194.04,208329230.15,-93246908.1,208319566.41,-83005919.47,208329064.93,73079736.49,16322226.92,-79162385.55,-27004850.91,89907623.49,-26609609.01,-77395675.01,208324524.53,46867227.28,51786324.83,14479982.5,208318820.67,83031384.09,-99382963.12,4329575.69,-68927636.46,-43155535.17,-53446450.55,-91425540.28,208329091.41,208317645.79,-31670988.36,208319908.24,208318112.32,55037367.53,208316275.37,-81025376.31,47217449.97,208326774.51,208318522.66,3027369600000,53104326.04,75119415.61,-47836372.89,31209022.29,-99672564.42,103958328431,-19763352.09,-11806416.2,38519566.52,42697537.53,27726802.05,60875859.94,60573833.35,-17063488.2,560309.37,21106109.35,208333153.76,-6317844.79,208326605.11,208354450.85,-95422867.78,45132368.92,208327827.86,-27414837.62,-31363068.02,1195278639838.28,-77120259.61,208346484.29,64090777.28,-78993878.71,-56510976.59,-14036624.39,-25776334.91,76590536.62
-2918594.07,-78280770.6,-81109344.25,208331839.68,-26322487.19,10841450.54,-69355631.66,-96382751.06,-3072461.24,-6553053.85,208322776.39,27549449.28,-24707912.58,-50562703.41,78348183.04,208324256.21,-53884253.46,20920436.46,67474759.08,20364937.05,61455706.98,-14933853.66,-36906452.23,41059108.15,-95191445.82,5509873.25,73291818.52,-80248754.97,14569412.1,208317409.3,208325058.33,-50287562.77,208316791.66,-95733795.27,208324998.1,15700035.76,26904959.77,-48704182.19,56215616.06,89903599.49,-6990288.22,-19697797.82,208328254.04,24621708.67,41471445.99,-89563532.57,208316156.86,40062013.18,19262717.92,-44034019.32,99068351.01,-81477102.6,58273057.42,-62401497.64,208326117.46,208322449.44,-50006848.08,208322045.6,208322124.17,-29244465.64,208319933.54,-74660413.97,61348008.23,208330257.9,208316977.43,2901657600000,-87579575.07,31137430.1,43323382.87,68877367.08,17772638.24,830208330477.42,-80863872.86,46739859.72,-4735035.58,44214297.23,1733333.94,71650288.43,-34615682.97,-48869639.12,23933357.95,-46834710.72,208331400.48,75482445.65,208329391.63,208355558.49,53610422.46,-66923279.93,208332504.54,-49612764.9,-60874321.68,531278635127.01,-97976694.72,208335392.63,42978146.16,50847028.32,-27187572.13,4326541.77,72701816.65,-58382490.63
70795000.49,-13916767.12,93297570.64,208336181.88,68165056.61,60028435.38,-21078838.52,-54544017.28,-22496639.37,-48627474.04,208320877.9,-67499203.15,69802858.07,82987957.86,46693365.19,208329160.23,-89236527.38,81174696.76,21835404.43,38341594.03,85566166.75,-37030153.36,-6611107.62,44793114.31,93890089.74,58951101.04,97405222.84,49186454.08,-57244978.5,208316982.71,208320214.23,-515341.07,208317671.21,87357482.99,208319851.99,14113333.98,85389631.34,62293433.07,-5904223.58,89902756.23,-95741352.14,56706863.28,208328798.98,87359898.12,24408639.22,-53577608.99,208317323.94,43711158.14,-82570759.42,21586197.54,68098632.98,20971754.5,-84870819.76,-73721653.73,208321426.08,208327590.34,-30528048.28,208326760.79,208326931.97,-73437715.63,208325099.46,22673950.72,-52744954.78,208330109.67,208319156.85,2791065600000,83567837.95,-18417926.87,30030430.01,6173376.26,-95352676.84,830208328633.63,-45426171.24,68816574.65,46326470.95,45459713.7,67512027.72,-41879482.67,-40924177.17,-22149965.31,-66391275.56,-76985146.67,208326997.17,75238736.56,208328537.25,208352953.54,38479204.34,802139.93,208334207.36,-86489611.63,70332297.1,531278630477.94,73489040.01,208330329.24,-72701868.31,17647056.34,74465595.5,-64970139.1,58927301.73,37544366.12
-3755067.93,344260.32,77394917.8,208352294.43,-26070952.79,-60375266.82,-70955319.8,-8197819.9,66892609.35,-79480785.68,208322691.62,-60479621.03,92152402.4,5457884.5,-36050719.1,208333176.21,-19353327.49,-68289308.69,-74226495.66,-19949374.54,588684.97,-80065464.86,46770504.38,98938241.2,-76013133.32,14180858.63,36348623.87,92667506.05,-1085905.13,208320089.16,208317512.58,-35234875.11,208321860.83,-17584397.16,208316516.61,50770847,59120692.11,97012688.08,8397837.57,92810660.42,-50221961.41,23150062.66,208325817.37,-72882645.89,46212262.48,-42043201.55,208321598.23,-89822018.33,64004255.7,77076599.19,5326880.31,83122152.67,47017159.28,34906901.92,208317784.29,208330295.32,-40127888.68,208331378.5,208329765.33,-25143510.07,208331572.62,44370331.86,70445024.61,208326472.43,208323896.58,2697753600000,91173048.61,48721488.91,-8132402.22,29959438.85,62772861.18,35872386380.71,-17984816.34,-84333456.81,-29432196.84,27665274.82,72734676.67,-67830587.6,25781027.71,43107772.12,-48369320.11,-97494804.1,208322533.64,53503131.74,208324610.36,208347936.08,-53482353.99,63161817.09,208332085.09,-95452965.84,-57489608.84,451845034794.11,3081091.9,208408768.34,-57991834.75,75836269.25,78362489.21,32656873.94,91994591.08,-33987783.41
-66766541.15,59714934.37,82961850.54,208343955.92,-725113.34,25317739.56,-39736292.86,-61548712.43,-4405008.79,23129622.32,208327137.25,-67671402.71,29093571.8,-12827636.04,9992533.77,208334000.31,-59286121.19,49294293.69,39960452.17,-17418444.7,54031939.56,66531789.09,-78893382.91,-98299152,-27451543.04,-41292054.92,-18267070.33,87029585.06,-73485513.88,208324870.04,208318429.37,75094212.44,208327071.14,-27036973.76,208316804.9,-33764744.5,6716145.69,95161825.23,15007928.2,92815783.75,12604216.37,92722038.02,208320998.46,2845910.66,19141579.74,-91838932.65,208326534.71,18122194.4,-84990178.84,72641530.73,56537651.39,-35025277.04,-65368542.03,-13191804.1,208317344.89,208329158.28,-61552669.15,208333322.14,208328919.05,36064754.78,208329367.53,-85102876.1,16277600.83,208321326.86,208328552.84,2624918400000,-87709058.64,70206490.06,32740297.58,-22603095.98,-93910975.84,1660208318816.76,-7870005.14,-70240921.53,97611911.48,44914892.64,-7698435.02,-58670081.64,68581629.64,-69584644.21,42329297.13,67344409.73,208320644.5,-53965185.46,208319862.94,208343168.11,18741111.76,89893426.93,208327416.43,-98011579.14,4120244.62,534845036734.45,-85841788.49,208332501.72,7379794.42,-68132372.14,-10148631.43,61708434.23,69913423.48,72481940.57
-43309154.62,-45400527.97,-86515853.89,208331016,-27341376.07,-79816369.91,41885160.95,32099272.23,-51943509.85,30934121.07,208331629.3,27364399.27,4882051.27,-80998541.89,-80315174.99,208331102.94,-17691832.17,23879464.38,43282902.49,89704026.84,-4373556.84,23073243.16,-4304017.93,84309313.91,-14628076.89,21442416.13,28239912.36,8326921.43,-46000441.58,208328562.62,208322457.09,-72603913.34,208330469.22,-63800707.32,208320619.35,-69423558.95,77669278.29,-5426031.34,-53936633.06,92820352.96,-46699058.48,83835951.05,208317110.14,-43446150.3,17780261.28,-7422380.91,208329352.6,91579958.19,36893411.12,-6645339.49,33692048.23,65431299.82,-5334873.6,36589764.58,208320418.32,208324917.01,-98816494.24,208331565.12,208324796.29,-12132933.91,208326277.27,-55311148.45,-23064533.46,208317566.06,208330492.01,2575065600000,9928068.85,-39121009.18,-35851203.01,-32480589.88,-15506715.3,830208316207.28,91701742.97,42486519.14,-54408730.06,40546496.22,50038727.51,-333796.77,66269848.85,-59392860.56,40032674.73,8425494.89,208322509.47,96462145.83,208317117.37,208341155.02,-17534781.22,11021903.16,208322877.44,12987345.09,-91585848.5,609739572804.05,-69360317.96,208326447.82,99500414.31,-59311398.51,-83199200.12,-15329063.49,76717868.84,47251134.43
-11025677.87,1650221.99,45049961.9,208341951.05,-94578225.8,8331172.6,40818451.54,-60072204.61,-57515650.01,47378202.66,208333550.16,1235176.17,-82760007.69,24404644.34,-85382448.74,208326039.67,72530552.06,74219327.18,-98865413.6,47653087.47,-28694692.23,49893907.3,76170218.26,-79299896.01,-54285621.13,-15981559.87,-41694808.97,24398081.83,30416951.91,208329525.23,208328669.44,-45677178.88,208331114.07,-33177859.42,208327276.23,69194863.03,16706566.4,90759987.33,-91280073.31,119278151.07,-96464301.97,-46832543.95,208316431.02,-64128658.79,54088994.17,-19516344.4,208328504.62,74243252.42,-53026241.45,6624825.05,-35010146.24,28934832.78,96158865.91,41457787.07,208325290.11,208320025.25,57355261.82,208327200.57,208320149.24,29183076.42,208322820.29,64670779.83,-42469057.88,208318645.01,208328578.93,2548886400000,5826534.3,-90609769.26,-4443812.91,45269886.75,-81020591.48,208420099.96,58178693.44,-9718543.7,-78063549.19,-76986939.91,-88754819.24,68442085.16,-42791593.08,-48936335.77,-99329818.11,-35544027.85,208327175.04,13105811.73,208319286.26,208343523.62,-81335387.4,-82400333.84,208321027.1,50983007.29,37259339.59,526739588169.45,76311300.39,215095703.5,-91000082.94,71121351.32,82317081.67,-90014028.61,10232225.93,6020546.58
27622995.17,-42323740.39,15341465.07,208332977.96,82800206.5,-56862810.34,20677645.34,-23989558.41,-39145171.18,20358107.85,208331741.18,97683291.45,-63293452.19,82494375.89,-32805117.46,208321586.95,74346958.59,25212738.93,-85658152.47,-15816426.01,76908386.4,-87231179.2,-61785268.88,58463736.56,17862868.02,2347116.85,29944857.57,-71432137.37,37201601.79,208326484.05,208331469.54,38891943.66,208327296.75,66818167.4,208331099.05,-14616231.85,98293461.84,21229338.15,86527456.45,119275896.05,6429316.69,-1576826.4,208319453.32,27562745.15,81451086.94,16386185.59,208324545.28,-99411181.74,-10086632.63,-95663797.56,-62215487.11,-13781780.34,-74506994.93,32253027.8,208329188.36,208317262.95,-36301078.59,208322810.4,208316849.19,21381734.21,208317893.89,76126830.88,-58157108.5,208321858.99,208323824.53,2547417600000,90122422.83,10521653.26,-51117965.17,47040698.73,49429578.43,1660208321771.98,-21803879.06,-74144274.39,94495064.39,33200928.51,22171279.34,12927165.89,53103800.15,-94796725.66,-83009119.42,-41664476.28,208332081.42,-32530227.18,208323481.42,208347910.28,-90161657.46,64224101.16,208322866.64,-79259841.62,65605582.61,682364590797.5,37330083.7,208344089.01,-84177132.65,-73041647.49,-71327162.85,69512561.88,95847559.87,-23037177.43
-889299.35,54706318.75,-29486218.74,208737546.88,-31874316.83,18202617.99,-43830611.48,-56561880.47,45885412.86,-22556027.77,208327168.61,55459287.63,50595358.49,14876089.36,-62059107.63,208320188.68,31363769.28,40863184.88,88436221.42,5421295.23,-8585575.15,40763262.46,60555134.09,30082071.65,98485607.18,-31030821.87,50386522.18,96634982.11,15419999.38,208321674.76,208331395.3,81453619.93,208322598.06,10219473.34,208331703.34,79549592.83,73747388.17,-62032287.57,62942183.24,139813670.6,47862318.47,-73771827.21,208324590.95,-44411061.25,-44653007.45,23824444.71,208319809.52,-52809116.31,96400216.55,-79805168.63,50572303.06,41140049.11,-23333983.8,16434123.4,208329855.2,208318169.28,34323611.17,208320992.52,208317256.53,-79915141.59,208317476.89,62330590,86324516.73,208327517.82,208318826.98,2571091200000,-17291553.24,-46107199.17,49767771.68,-8936843.86,-36830886.08,5239583326734.91,4398476.43,-62168021.12,-40314218.63,89535322.28,-29787648.83,54979785.99,-20403481.89,47891023.56,-54882333.21,13070354.54,208334498.48,-71691848.5,208328671.31,208353288.65,-34863263.35,-94611551.59,208327284.97,21512558.31,-15442181.44,1123302089583.33,87253854.52,209167663.57,-89507953.27,343498.98,77835454.08,85013524.24,82914045.17,-52572900.11
33007373.64,-39392688.87,-14502314.31,208331512.54,-31993525.46,-38711156.94,69636938.1,70251734.58,27240339.11,-46749244.7,208322387.79,-61130441.03,-76995565.03,90823315.69,13838523.17,208322589.03,-14813892.49,3203860.78,99392130.19,-82591762.86,6245244.95,-62451749.89,46278770.01,-27772472.92,-74783957.1,1275247.83,19935459.86,-92500902.59,-71943347.6,208317880.81,208327267.61,81874106.88,208318836.9,6805092.44,208328496.91,23595189.88,-32482296.69,-23851714.34,43415160.82,139809162.51,72231567.68,-84029631.38,208329059.82,-41650677.64,-13403313.58,83890350.83,208317084.06,84072767.12,-90138100.47,-46270110.72,-83530374.33,31115314.97,-10709544.97,-51927767.56,208326833.84,208322181.26,-77439686.06,208322879.91,208321191.43,90628329.26,208320652.38,15037208.41,84619097.13,208331221.56,208316320.77,2618697600000,26375683.37,16666361.7,71618243.32,9697420.36,29955719.24,830208329557.95,-50458802.89,23006927.44,-11128636.06,-86844546.02,18894529.91,53465600.76,-30206172.47,-61434064.3,64481327.63,-91715446.73,208333061.94,39862238.89,208332000.1,208354802.03,86270147.37,-87389556.76,208331700.9,-42027068.93,99642438.3,1202087241545.8,-27226416,208335855.16,-51222446.5,-77117389.81,30656736.31,-88845549.88,-9773610.21,29118424.65
-17617700.28,63540886.88,5773279.03,208411226.73,41517715.27,88612921.94,-49293518.4,15547948.65,-98374755.6,16517851.22,208320107.07,98198306.06,-64082282.56,-29451050.42,-1975013.1,208327421.59,6968060.44,18629299.44,-20769605.18,92555169.1,-88385737.2,-91204119.9,10643793.16,42623514.78,-40716329.12,20652127.56,-65139416.04,-39828354.21,1164046.01,208317342.88,208322159.29,-23699955.19,208318585.11,67572904.59,208323653.7,71425185.95,55011397.74,-25647534.08,-42219267.75,139807395.98,89422393.99,55535224.48,208330435.52,-23611964.61,-374630.51,-29323702.56,208318022.41,70585894.73,49758619.18,-3445555.81,24315169.71,-77501272.71,90917933.61,91372748.78,208321742.23,208326962.43,12514577.75,208327489.3,208326517.93,-82444846.2,208325529.23,-70985564,-94683191.77,208331644.18,208317650.12,2689113600000,25273781.96,73981040.43,-51316857.35,-89999048.15,15112167.84,8300208328714.71,28782674.51,-56150218.6,-49253631.91,47927231.86,-78793921.95,-19515348.29,-51418401.33,934965.35,73170432.97,19311029.91,208328544.16,-61341766.06,208331607.7,208353882.61,94621059.36,99660807.11,208333536.81,-99983739.33,-32988365.49,2021712236647.98,21437920.52,208406198.24,80293431.97,-25094864.85,-33415654.66,29999058.04,-42737869.16,60539133.18
-58953483.53,-25623045.11,-9390850.87,208339025.51,93850896.19,99371756.15,41579969.25,82062286.6,17276892.4,15204783.35,208321661.3,69357463.04,1824622.3,-63206374.79,39532852.76,208331985.56,-90810123.84,90412310.19,-62285809.95,-26254218.95,-29378304.98,-61669503.97,11710041,12918899.71,71117356.94,-54998128.22,-90059809.57,39135721.23,45035982.82,208320486.27,208318933,72345682.14,208321903.3,5023464.05,208319994.01,-89794651.07,-81885276.77,93968437.39,20961551.9,139809311.81,86478680.01,-38115047.99,208328010.98,67216123.22,53739780.01,83000588,208322198.58,86256410.89,70446256.36,-52833582.12,-61170788.16,58668043.26,-90650477.76,-50991654.2,208317376.03,208329733.99,-8743363.81,208332268.04,208330342.81,-21092252.53,208329357.97,48036129.47,-66076537.03,208328550.04,208322025.32,2780611200000,-55038670.11,-75274229.47,57482930.69,57752773.16,-69244746.03,830208324778.51,-77362722.12,48516637.88,-77865875.05,87702430.6,7073907.12,-75778757.58,25336533.18,-59306781.3,18426894.05,33757741.12,208323425.3,83343125.41,208327694.9,208348609.88,65477592.14,-97458479.36,208331688.97,-9657913.04,-98528300.27,2021712233903.27,-50920932.05,208327177.75,-46409415.39,-9545955.62,-96847288.05,-6548938.72,32153717.36,-81651880.4
-97440256.44,-62141783.13,85122281.29,208412395.84,-99936049.94,83129552.82,-2490721.22,-45088903.99,13971129.84,3170365.43,208326255.62,26314215.41,98599568.06,79677258.66,9119815.76,208333769.96,59523871.03,-39359067.81,-13901378.89,61972336.27,56841957.09,58004231.63,4674017.01,22222354.94,56162099.42,-9747999.14,-38641204.86,32545693.82,81461687.54,208325662.05,208319431.17,16579928.48,208326852.31,10219523.32,208319640.08,-9954035.04,25712722.05,-60872936.64,-76108751.58,139813747.54,93342403.8,-89848880.83,208323188.73,-12588038.14,30979981.58,-79151543.7,208327334.99,72693813.81,54288173.01,5851039.38,-46567094.65,-6830409.67,21320234.84,-97904184.39,208316144.62,208328856,-34388353.17,208334531.07,208330630.68,-53625820.77,208329906.71,-61278159.05,-34527358.26,208323728.45,208326978.53,2889907200000,78729539.14,9272193.43,94664945.28,-23594806.02,-70843523.33,8300208320085.75,-32485444.31,-23399503.63,54332571.68,63322530.65,26419057.68,94373843.83,53467811.71,76558718.91,59996839.83,2701701.51,208320506.54,-89071949.43,208322411.42,208345265.08,-68731317.06,-42772503.12,208327162.44,-92974973.31,31993030.83,2768712234819.89,-2708205.34,208400152.73,67904469.8,-63809992.54,-20091842.03,91764908.89,-82760822.17,89631827.35
-46962419.96,34519532.04,42901047.2,208344024.73,59114449.93,-13214800.29,-14869598.63,50490182.75,18796210.98,37803097.76,208331405.93,-2002820.64,61786961.75,-63449678.09,41275139.45,208331864.92,27554396.84,8618108.49,61652240.8,-22463151.78,-17242432.82,-64109822.29,-46867263.32,-98851929.18,-53975260.11,14621599.83,99547060.57,54512230.23,69066761.62,208330060.51,208323437.1,-87948250.51,208330598.32,24663510.24,208322812.35,85970953.33,-17276773.15,-41695278.33,15046282.16,139818109.09,74358637.39,-15050956.62,208318687.03,78174105.33,-20211412.63,-38686870.45,208330577.55,-61173430.68,-32715715.31,-14097053.35,-52867587.7,22862477.45,-2520391.7,17847125.93,208318720.86,208324765.05,-54908326.4,208332977.13,208327336.13,94411352.83,208326776.51,-46447051.47,-53627751.81,208319981.76,208329759.73,3014236800000,55278392.14,-81105198.09,-98976006.19,-14637563.98,-32268778.72,5739346141.14,-61152976.08,-61910014.81,-29148608.09,81408971.29,-92078689.96,-86337469.73,30741295.22,-43234117.08,-54926971.36,98183009.28,208321346,-33569993.16,208318655.88,208342391.02,58137999.76,-28715761.9,208322510.82,15962959.07,29262062.61,2765698935434.48,76137481.68,208451895.83,98905151.93,-68747735.69,70981307.19,83533542.61,79609322.36,-27549400.76
-3709388.79,-8741459.05,-63854415.64,208328473.66,-59861529.44,81134226.8,-47169981.88,98929496.54,26962807.08,-5950955.63,208334328.09,19543413.46,50406220.57,-12115830.83,-23713247.63,208327464.11,96700645.37,49159808.72,-31147482.52,-8104934.96,-8391556.35,37273342.9,-56370330.1,30223110.47,1258180.92,37910155.06,54071451.23,-70122625.11,65816767.59,208331282.84,208328790.51,58431180.82,208331019.22,38129995.14,208327703.31,-50448077.15,55420380.12,45373113.6,-98216056.36,139819852.42,34178867.61,-32259439.37,208317008.19,-10832053.89,86637885.55,49626511.69,208330100.39,40858652.94,22238466.86,16862390.57,79597404.31,-57659199.29,1421836.9,84503278.1,208323665.95,208319738.36,69256274.57,208328428.39,208322415.12,28346090.78,208321644.23,66531420.45,39599380.08,208319535.28,208328884.03,3149971200000,-66127892.42,-1263104.21,-39175892.36,-96178170.45,-96934588.54,103958318351.84,-51632362.52,-60247646.76,-61704475.06,29206936.88,-69632942.74,28535774.62,-90095411.9,-84088410.84,9441149.54,-99749553.99,208325397.2,17309710.19,208318457.2,208343340.89,-64481112.61,52428766.73,208320396.6,-53759805.28,91489827.18,2610073940161.81,65254404.55,208340275.89,60013048.41,-59785908.98,-58130796.21,44085329.57,-1499771.68,97279519.71
65036288.31,-72288497.47,77241839.67,209147492.48,-65904297.33,29888757.67,10772945.48,-30889381.37,74495905.3,85997357.1,208333493.21,-49666192.23,44314112.39,28061441.79,90144777.27,208323175.87,24910087.91,-90081396.74,10123321.98,28069660.26,-64830376.77,-42611783.22,-37709800.83,-21678045.2,-69334010.24,71176060.28,34273409.1,36601826,90715049.24,208328686.01,208332593.04,-70851925.02,208327905.55,-8174532.95,208331500.86,38870444.85,-73747152.37,51643143.11,2560594.05,139817935.56,42977665.71,43844364.36,208319033.43,-92125048.6,73634541.37,-4332988.6,208326136.53,13633229.28,11248243.56,18331137.54,-88629173.35,9065864.65,-10645003.38,-49671140.16,208328240.96,208316616.44,-55076954.82,208323375.86,208318711.09,-11948368.76,208317334.02,31928123.36,-96842757.37,208322767.15,208324958.24,3293395200000,-87133920.68,27997932.55,7536935.97,90949489.24,10971781.87,83000208322482.39,22912188.28,-60546050.58,-17611963.7,-52693126.6,85235819.41,99985285.16,17513239.05,-66055243.74,45414951.71,-51120592.67,208330332.66,24401864.88,208321847.26,208349342.85,87371985.88,65495243.32,208322085,-38670888.03,46970106.81,10827073942874.52,-73182969.99,209158333.69,-59611420.55,-27510519.67,-53568693.66,-52637645.4,-92994380.77,-74299941.48
16789615.01,36958553.39,3454767.62,208326767.41,12697416.09,88074084.66,30466.87,-71019520.4,-8109141.95,6825660.92,208329473.94,98745087.27,3090740.5,51444048.79,-24310043.36,208321534.21,-29773622.48,-76525542.6,-64896523.27,61310714.54,-38295505.71,-37887927.81,56806202.68,-56552559.31,-92011348.4,56644653.31,55513024.91,98383521.9,90726333.37,208323743.02,208332826.24,48002988.22,208323078,-33433260.39,208331984.27,-80509054.64,-32760747,-9416359.21,-6969579.43,139813418.69,-84981276.09,35879509.32,208323536.86,-65916811.02,48982196.95,-39429003.55,208320853.59,-78526746.27,52622603.03,4700152.03,-38739264.36,-32533873.82,29951961.17,34819953.11,208329947.63,208317203.64,-57354258.01,208320586.45,208318345.05,-66708287.93,208316237.71,-13498403.59,-58356119.99,208327977.23,208320322.6,3440016000000,-73843934.86,94672368.19,-88928681.1,13292468,36011146.31,830208327518.24,68049422.85,-13517229.74,-66283594.49,15500194.61,-57700507.86,36387754.62,-48349792.36,-78382147.28,35330744.43,-23511467.84,208333367.07,9239723.59,208326857.66,208353759.58,84172483.38,-13360409.34,208326722.14,33851047.72,10421286.41,10910073931708.43,-92272117.01,208338726.43,82187596.58,6406704.38,-57900918.23,7532950.11,45138803.69,-57584142.13
-83527246.9,57670066.79,73234531.93,208330766.86,99127666.01,74142545.29,86829043.98,26158050.33,63638418.4,-17231460.84,208324607.14,-10352518.99,77844496.69,95655549.08,-72771022.83,208323552.93,44262473.41,-51779916.16,38033732.06,-78560049.22,85948861.6,-89729028.06,-5025186.17,-42091199.18,-2514631.69,-11454396.54,74425583.21,60676130.63,64724722.83,208319214.6,208329472.34,-6629081.29,208319354.87,55087688.39,208328791.33,51788713.57,-3085601.27,-69095574.9,7853570.63,139808871.52,14169375.57,-34600739.56,208327891.77,9430046.15,4253310.98,39390760.02,208317144.11,-82125783.45,-4608675.32,87037957.09,-78382501.53,74628095.68,-37085927.61,-15724208.38,208327929.49,208321248.1,33730773.62,208321556.28,208321517.91,53362810.33,208318973.42,72427743.63,74585432.12,208332328.79,208317712.91,3585945600000,-64839362.1,-96441073.44,91118238.57,99713374.62,81068876.64,830208330636.15,-97803972.22,11146796.04,53188601.82,71318990.97,-61452195.2,-52403172.35,-42528027.11,41531796.02,26536938.65,-87969074.27,208332831.48,-45590849.95,208330640.29,208355942.89,33252340.26,61318146.76,208331805.81,-67438433.39,-62865666.64,10827073927662.08,-48937600.53,208337025.18,-27615041.76,45070559.25,-67679397.03,-26827619.41,-29697521.9,-68973455.89
43196175.21,-18074820.08,32566904.29,208335442.85,-33156566.62,94614918.27,20830939.26,-67124091.77,60237414.27,-42960407.76,208321666.24,-15850277.23,-74343205.02,-90772070.81,29165883.12,208328141.85,61260157.35,-55233164.81,16658409.75,-72375636.58,25032738.41,-87332590.25,-22900535.37,34852823.46,42421253.43,-42362493.24,1648713.54,-60889505.71,-11624246.91,208317598.83,208324509.16,-57185720.58,208318952.14,3714460.81,208323639.82,-1663286.98,32272417.85,-89727523.77,18000097.83,139806921.55,70589007.43,79487291.4,208329568.85,36104450.81,-30231814.02,-33073803.33,208317010.79,-64857156.24,35614158.94,-16683556.7,47306966.74,-85267454.3,-36142945.77,-9539427.13,208323443.48,208326576.05,17892096.67,208325681.28,208326400.55,-53856185.82,208324037.91,-37825493.01,-7990625.66,208333435.13,208318701.19,3727036800000,77646523.55,38583833.33,43014978.9,-60921599.94,-83552351.42,830208330058.36,-56586685.45,-62491130.31,60328764.77,29855082.28,-38865343.55,-82373304.9,97549026.74,-2891076.89,33879203.72,88378184.82,208329109.97,3047555.6,208331078.35,208354464.72,-27762957.84,30782978.13,208334584.45,-93329137.43,58390347.05,10386136422747.3,-28339854.11,208332418.76,-67228064.08,-67375204.38,1699698.17,64988674.01,-3874582.24,-1614350.66
25968465.33,80274206.87,-69858577.76,208354673.81,-549918.45,-20631693.59,72141983.18,-15054822.9,-39129725.23,-74556249.3,208322294.36,23734002.2,36326117.87,-37644261.18,92891783.39,208332716.87,76361579.31,-66744345.49,-16400645.51,14440113.49,-16325050.28,41367467.81,15330747.73,56883758.9,-85998424.77,-97889464.88,14727863.51,94174513.76,31862182.52,208319732.06,208320784.41,-54264389.52,208322219.46,12300251.98,208319375.29,59735383.77,11730699.02,69757313.4,70292745.39,139808763.39,-79982981.74,92619104.51,208327578.25,-12985335.14,73031387.16,-56598787.79,208320454.53,45097407.77,38192303.56,-50198214.44,34828922.32,-39611914.8,56628439.6,77497486.03,208319136.88,208330305.22,-94491984.39,208330610.54,208330173.12,19696178.34,208328649.78,-5346127.69,81175065.78,208330698.51,208322797.28,3858710400000,-46185056.11,10437869.73,-53707648.83,-22642761.76,93358634.99,311458326059.63,19343018.88,-94295685.56,-52571962.57,-45038296.23,64539901.44,90576805.86,84080033.55,-35281029.59,-19786667.77,-39262778.48,208324411.68,35419889.33,208327979.24,208349986.24,27993418.34,69842710.79,208333596.13,-43634746.03,68438277.29,10334261419768.38,44799113.82,208368925.06,76246500.01,-62766141.41,17932542.31,-32156775.89,-3580873.97,22295416.15
65832859.81,-67729763.73,-52325060.22,208747966.35,86344018.13,-65777932.98,-54122709.26,-23445052.38,90863989.56,-31083863.8,208326082.82,73381577.99,46656005.64,-88798876.15,25711505.51,208334660.64,-73983676.86,48490685.53,-33513587.01,-69476620.86,30353551.67,-35032028.39,-13374524.79,-96971146.01,-6752298.27,39953035.27,-84320912.35,-97276064.26,52963023.23,208324327.77,208321156.39,-95136778.62,208327927.36,-26120093.11,208320136.1,-89747565.05,94650155.06,31635314.58,-22451153.78,160355972.05,-2352696.12,49503358.86,208323038.9,6717782.58,-32508529.43,-88842934.32,208325489.16,-91946159.87,15732947.58,-29072706.49,-14521774.21,18053830.03,32572090.63,31868281.1,208317539.05,208330454.35,-58006376.83,208333580.57,208330625.07,92186939.99,208330267.44,-96746665.6,-2665410.8,208326397.57,208327719.47,3977769600000,51348824.53,59238374.68,64823646.02,75194969.88,17466389.29,5239583320820.89,5912165.28,33461122.34,39374817.61,-68437525.66,90814960.21,37414148.82,-87961517.62,-35792495.48,-12825401.26,41315753.15,208321509.2,9684281.72,208323172.06,208346943.53,6333143.88,-86672260.35,208329480.55,-27556400.35,70588926.95,10028198920472.26,43787877.87,209154783.87,7414502.26,-65314851.42,22206496.41,-96343268.01,21122928.46,42741796.36
10036478.67,92606303.25,93251572.77,208407787.57,-92757871.1,-29983150.23,-71774497.97,-87831848.59,38156649.16,-92389214.74,208330814.06,30422479.1,32187132.16,77883574.33,-92470496.06,208332808.96,44086729.97,-57961737.27,49761921.38,-9869573.5,12823420.23,85138399.92,86374511.38,3129041.24,-18764082.58,15576593.59,16935389.28,5948438.25,40933543.24,208328721.42,208324306.76,-36795731.09,208332225.69,-48248533.38,208322988.66,-87696293.17,-89004975.61,-41199259.19,-63529993.55,160361010.15,-64198516.24,33951728.41,208318551.61,-54530649.22,-79910720.79,44255538.74,208329271.48,90868882.4,26936280.22,30616308.29,72654934.91,96508525.71,-56953981.11,75804052.55,208319621.11,208327043.82,33089685.41,208332975.81,208327421.34,-22664723.37,208328194.76,-94314659.61,76223355.18,208321830.52,208330681.74,4080240000000,-99954859.05,41235480.63,-64113018.55,-34753157.79,-31830431.4,8300208317211.61,23520792.43,97924934.84,-97880753.54,-67938139.76,-38149585.47,-27347808.44,-43390732.13,-675109.46,56097589.54,42415690.79,208322158.21,-92473683.37,208319483.22,208357384.94,-71862237.47,-62059090.86,208324607.8,92588256.48,19001432.75,10775198924556.51,81492429.09,208400623.8,-55284138.65,19228642.42,9925945.33,18111697.24,-5081808.48,-61569221.59
-56474220.98,59031623.14,-28993993.15,208361478.33,52810697.77,15266141.01,84988499.7,18879717.49,73043243.43,-39201904.04,208333729.08,-44397383.31,75169444.73,98901673.17,48027738.84,208328121.99,-6045203.51,-77715406.03,38846166.3,-53376962.08,-93208134.66,-37373864.91,-33463446.55,-73911639.67,29440405.45,19794710.64,66433072.4,-46542461.84,8320608.34,208330390.27,208329211.35,3653722.78,208333283.1,7033191.15,208328213.34,508915.42,24530728.93,-50985154.51,22559809.92,162853645.22,-80217438.65,-86470135.57,208316728.36,-32251015.33,-89926167.66,-93389116.02,208329707.68,92462681.78,24639232.7,-87929025.88,-8792260.84,14619346.48,-69828893.53,-64598020.41,208324238.58,208322069.38,57272132.85,208329233.97,208322309.55,85694702.24,208326105.59,21307966.76,2300669.87,208320312.88,208329970.58,4163529600000,-93759992.74,17177511.66,81153782.66,-7742102.81,-64463463.38,518958317186.42,54626490.03,-55339303.68,70493373.93,21780514.78,-7361159.93,78819323.53,50099477.73,80338739.29,-44674250.47,-38996071.92,208326092.51,-67311778.89,208319134.64,208363112.88,-78075093,5489243.86,208321735.09,43950645.31,72459933.58,9997073929830.1,-3598077.49,208404867.08,-14477972.83,-90582395.51,-53025973.36,56187774.98,36489292.71,-92016461.92
-36229682.91,-25699182.48,19903390.48,208362809.15,-81059041.79,29736587.98,77716780.5,27608999.06,-18382439.89,-70524326.31,208333101.42,-52809465,68622344.82,41122393.93,-24167738.64,208323158.87,-45707877.64,-10258613.66,77696068.41,19518222.72,96099811.47,-32923103.49,8283855.04,30473267.13,-89423251.26,-32418133.32,78533368.14,-16598728.56,78272971.33,208328349.43,208332381.55,68479120.01,208330082.36,-21260155.9,208331046.58,4096222.61,31032668.72,61759400.69,-60814810.63,164304979.12,77561151.99,57591954.57,208318708.1,99195840.26,8652607.8,39536661.42,208326629.69,-61967731.34,36734418.5,39232544.99,4685795.57,-58145054.97,-24329705.37,39739858.23,208328773.75,208318367.16,6936188.68,208324586.46,208318109.56,-67415484.43,208318503.22,-4883340.5,3462190.1,208321973.07,208325920.57,4224960000000,-32509262.52,-82817690.45,32560733.89,40376201.27,69848199.14,570833320698.35,-32840423.31,-67005365.12,-72440664,95259571.17,-15784775.2,47313052.9,-50633223.87,80831459.63,25318384.9,74046232.88,208331163.41,-38644196.06,208322385.26,208368767.75,-32585940.65,-48728031.7,208322451,696740.43,-169378.47,10053583330562.6,40958821.69,208418119.88,-33854063.1,30011985.67,29372401.66,65295729.48,-24075289.45,425745.45
-29176407.51,-23775374.38,9215789.7,208326309.72,-6325426.92,21352036.23,85481999.25,-76232926.19,-64449643.67,21097577.74,208329226.22,12980535.15,62028715.57,-25842317.95,-66498228.66,208320649.09,28465863.27,-90475071.58,-30488850.34,99308074.42,-84872542.25,-69469001.62,-63787506.18,-83588264.72,-42260224.68,-73905404.7,-11490984.71,-70483131.88,54843636.04,208323784.16,208332805.61,-77924359.13,208324967.1,42205759.89,208332676.59,26232839.39,-20310414.35,-2915943.39,74483519.7,164300727.81,-28182911.03,-2144980.47,208323498.6,58765275.6,-97436887.89,-89239544.87,208321879.31,9886467.61,99535310.16,10009119.46,67888741.99,96147183.8,-22686487.5,66612614.82,208330616.45,208318011.84,95493615.47,208321782.42,208317202.46,47865567.38,208317658.31,35850096.79,77525976.46,208326654.29,208320737.05,4263062400000,-84298745.29,38557350.59,-67403755.57,-35778108.64,48038710.56,830208325738.87,-29170252.42,-96405419.09,-54880584.79,82817918.73,82537132.76,-60221950.13,45315240.44,5391788.5,17073232.79,33528032.53,208334545.64,-45975466.11,208327539.62,208372563.37,-13807514.58,7488790.18,208326285.8,94882777.15,-58600979.14,10126208330577.91,-42187165.33,208338026.56,1986433.8,27089252.4,-47049746.39,52071449.03,-74482765.6,-75945919.84
-36557199.14,14258465.19,-82451170.16,208376110,26441505.31,-94178233.1,-62908334.55,86996906.32,58960794.25,-34177387.52,208324264.29,-29939196.95,-29097158.34,99001432.52,-79383575.34,208321964.57,-67705275.23,63605481.52,-65663277.81,-75455170.58,-95914314.52,69994904.53,7218809.88,30074142.59,-22180818.71,-82679209.19,61195102.68,31205056.59,-19583000.01,208319317.13,208329168.28,-74129906.12,208320086.66,42656660.41,208330310.14,-52877430.12,7630491.63,-5587508.14,-52402322.22,165748312.09,46263969.7,-73191919.55,208328518.82,90959028.7,46546175.09,-10539062.75,208318255.15,71261856.4,34291071.19,-74942938.92,-75865111.81,17092791.81,5374245.33,27940075.03,208328647.6,208321152.16,95329495.83,208322519.75,208320126.56,-66106752.41,208318807.66,-85180476.86,64325690.01,208330651.52,208317264.88,4276540800000,-21710672.52,-65775598.78,73735573.21,-31070885.29,66410379.57,674583329479.3,3560873.14,2064685.88,-39779527.58,-21267905.61,-22136467.32,-84362216.7,-82155800.47,-75774998.57,-50082021.18,-54364874.35,208334329.75,34236139.95,208331733.47,208379521.61,81404076.64,33954581.74,208330989.18,-40658765.92,1862200.92,1893645827080.78,-11767178.17,208436922.95,12771525.4,78474097.98,35424444.8,-87304323.18,74513304.66,84615067.14
-10535111.68,-43140537.05,13036244.22,208746535.81,-61080245.12,-94716153.42,42082312.8,-78451838.39,36479182.48,-33693450.85,208321027.83,11961887.11,-77742350.29,-77324517.06,17281404.17,208326353.25,90572463.8,19727915.22,-93547836.96,86849010.02,-25248562.66,84757650.28,-6049174.47,-47319427.89,-88822120.7,56607961.46,67185818.05,62518912.69,-99171090.79,208317570.03,208324118.37,11836210.08,208318537.96,71669425.68,208325662.35,-14146873.42,-45632546.73,-36300576.22,-24057998.16,165745490.77,-53929297.18,75564599.78,208331038.94,-89779785.66,-53851645.82,53784713.56,208317918.78,-33662587.89,-24523244.65,83003494.07,-34383288.95,-66269296.54,49038551.02,5571343.24,208323886.66,208325939.13,4192359.47,208326471.62,208325317.67,60686569.99,208324398.21,-95478707.78,90860421.6,208332325.42,208317396.69,4265136000000,80719733.97,-57190925,54635845.91,5896138.39,-57870616.41,5239583329867.86,3556529.45,-18441703.06,-60275141.99,99365897.59,-47573649.26,17887369.08,57604152.9,65820714.38,-18262038.2,-86193860.82,208330602.14,76117066.27,208332652.84,208382288.49,39982458.79,47383926.93,208333816.79,-26133890.16,66151119.88,2334583322097.14,-45784817.71,209163511.6,89237320.38,54145575.27,93237205.25,-2015106.9,-68679275.55,23465245.72
-99227184.72,15274281.56,-36046558.49,208355750.17,93695111.03,-52055490.73,55044114.5,-12925135.47,-12257916.52,36063734.98,208321393.11,-49574375.65,-25648196.33,-75055623.24,20467064.38,208331366.22,-40999201.57,18671008.99,-31077237.06,46622705.94,8123287.83,67488525.16,88390674.32,-88003518,-76534652.6,-62411185.87,-14944222.08,86214551.65,16349011.59,208319640.93,208320034.69,-17084426.76,208320806.52,-20805849.12,208321256.83,-63860247.72,-49255432.94,-13916132.17,94125421.79,165746307.66,-85565435.12,-37513738.32,208329708.52,-2439039.91,49678860.94,72137377.38,208321161.67,52853838.45,-50978345.87,-18690945.3,25660070.08,-97932236.58,-50450155.31,55903660.06,208318934.55,208329584.91,22317346.5,208331460.5,208329950.09,76752662.31,208328912.71,10130255.64,51814743.17,208330284.35,208321017.3,4229452800000,-66300223.19,-16471075.44,243252.66,-99013207.47,1931881.57,2490208326780.53,-11063836.67,6077707.5,-89805508.32,-31151942.62,5204004.46,-70802617.79,61643044.66,41128732.56,-29330290.45,-56422962.51,208325403.19,-50813374.17,208329754.04,208377639.67,-40100702.14,-88290357.52,208333096.55,-77578725.51,89069530.58,2500583318449.92,74761738.04,208345465.68,10384944.14,76816253.08,-51523708.26,-6072154.32,-35168317.83,56203220.49
19100013.05,-45048344.71,65549186.43,208380491.59,-74972047.15,-12484357.14,-32957503.78,-90021129.6,-27449972.36,93191834.38,208325236.37,-26862352.04,87877618.79,25264515.31,24683375.77,208334237.66,-64549943.77,40387962.16,30012109.89,-67976970.48,-24891080.29,-35356136.82,-12082088.17,-17947445.09,-83551218.59,-17610186.11,-89986925.53,-52860464.81,35798084.77,208324507.79,208319313.18,95288909.18,208325587.83,-32059886.2,208319692.69,45394834.59,53052094.46,79023876.45,90741555.1,169900228.79,-50405640.85,25633839.66,208325311.84,62222440.38,-60768366.13,32757322.96,208326229.88,-48945876.43,28593586.85,-85225848.52,26506428.85,40686801.36,-48645491.86,-14128753.89,208316522.9,208329951.96,54994736.05,208334682.9,208331554.98,7257239.56,208334158.14,-94269650.66,75419602.87,208325794.92,208326078.33,4169923200000,46365955.65,-93128888.12,-86046811.04,7371366.01,47202295.36,622708322078.03,18556750.59,95854404.49,-96691742.79,10689363.25,79617747.59,56393681.47,-49782815.39,-59339433.58,46045441.27,-55290274.1,208321586.52,7736205.18,208324673.43,208371972.06,99076752.57,-65541641.68,208329187.64,-69626999.77,-64463464.75,2479833318166.23,72239680.78,208417430.11,-24328284.14,18068293.65,-3709704.33,-61535417.21,-82563015.8,-97711593.11
13105615.57,-79928861.15,36924965.74,208343663.99,73173607.29,12490186.25,-36177244.72,41166822.32,79485643.16,65027776.47,208330494.46,24967471.74,-85621077.36,-87709775.77,17570484.37,208333439.39,1659249.11,-80399995.08,11025210.35,-2703384.26,1314054.73,91182257.22,89134681.16,-95941782.67,7651101.77,79472217.25,-5532506.2,-19195912.43,-52566043.87,208329515.67,208322309.31,-34494220.97,208330068.86,30593289.44,208321787.76,98636551.46,15242427.97,89845332.71,4895992.13,169904956.07,36006167.96,23297012.41,208320324.74,57671901.78,-94977674.22,-80972765.08,208330306.21,13297617.36,-44821206.67,7669918.59,30990473.6,-63896585.99,91352282.29,-77542478.76,208317984.96,208326773.07,13580496.74,208334293.72,208329323.97,82245076.3,208328666.91,87733497.7,-30960981.42,208321357.8,208329758.95,4088620800000,-12535833.58,67526227.32,4837003.32,-62168633.98,-67341816.37,1660208318539.15,40934854.28,-68762978.67,21457365.9,-15929078.23,2756935.86,56870977.68,1493400.58,-34566178.05,34782461.62,16179304.95,208321222.22,-23056685.34,208320130.28,208368119.16,-57744971.6,2456460.68,208324288,-49106632.95,29677375.44,2614708321340.67,2315345.21,208335255.56,-52835544.89,48219942.76,-10541652.57,-91103080.53,-48149386.65,90641945.51
-63086593.68,-17730586.05,71792902.94,212476192.89,31091384.8,-54433290.53,27446745.4,44001777.54,41404625.76,-22034961.83,208334317.17,79622931.11,-90470158.13,-55357120.44,941237.41,208329533.57,28683916.15,-70478534.58,-17114903.5,38169562.03,87837165.03,80169659.01,-55895286.96,-67589626.42,23654513.22,54731719.13,-37843709.41,-35043699.35,32052728.02,208331949.24,208327890.89,-29878401.37,208332024.95,45809460.67,208326567.55,-14674155.56,-61912358.06,-74903458.77,-61499083.22,377200239.31,31372008.38,-62308246.76,208317522.18,70709125.46,5325876.03,-6078026.78,208331096.34,-6496443.74,67093327.05,-53334834.57,87790405.61,91470715.38,-67113210.39,91419571.64,208322509.18,208321812.34,-45405733.87,208330455.3,208324639.13,55382981.31,208323868.03,43181904.73,3172507.62,208320047.33,208330056.45,3987878400000,7546597.99,-10053982.06,-39759167.79,56722806.17,34610469.54,51927083318275.67,-18657147.47,-18755098.78,-37320029.2,65443351.46,-76353466.06,-60203691.52,-98272661.25,-71350701.32,62359811.13,424922.56,208324443.62,27225591.04,208318641.08,208369989.12,-14688427.66,-29996953.97,208321197.39,68838425.88,24955944.58,7283458326095.43,-49520360.75,216630952.07,-90664382.77,99461526.05,22540910.03,-64927448.81,71434625.11,-1929541.02
-858947.99,-38249785.67,-6644160.05,-54988336.67,-69844301.95,208375313.92,75388145.01,208328124.23,40714287.92,208318251.27,208317875.31,2410025.92,-40568387.8,79808780.08,-31287890.87,52839357.98,208332265.47,208418051.63,77403820.24,52496353,208329386.27,-35053406.37,49405007.13,633404.8,208327596.04,6577958329657.08,-84855635.69,80794612.01,42355796.14,-76353283.56,-5951549.19,208326908.71,66729246.52,-95812944.29,68787463.81,-96170254.22,77056892.42,58788825.41,208320212.25,-47241656.01,208318421.07,24610778.8,76969105.7,44916231.79,-96462752.91,74221429.6,-3962096.61,208320946.44,208324843.01,1245208321526.27,-13977165.34,208321963.97,-77301598.91,87242835.88,3870633600000,53396795.53,-5670706.56,31535033.51,94989997.71,380519443.96,93252102.11,-49716228.42,91801278.53,208330939.98,-67059837.89,208325257.33,-80038268.96,13536885.68,-26793834.78,-60234924.54,-43047798.92,42396387.39,-86251514.57,-78441423.25,208526799.26,95669247.16,208334662.16,-60309109.47,-22701386.31,20773991.33,46305954.7,208330485.4,208329875.42,-76550889.98,73208921.5,-66055496.43,8646037.58,88429461.19,20583466.27,208321733.56,-19759904.45,5007689.24,-7733853.85,-23938067.05,-53363694.2,93527171.96,-71952017.43,95123480.41,58999111.35,-52221156.88
-18586493.36,32877218.82,27636525.36,49797825.01,95703020.91,208395993.91,-48395203.73,208323006.37,-97369604.18,208316609.4,208317226.82,-94887572.13,-9530173,75817190.55,41975944.44,70632410.58,208333761.25,208650270.93,-15966195.53,34076025.84,208333251.06,70057526.01,-64480853.04,-13429310.82,208330461.5,9846083329939.17,49078142.41,-25670684.95,12123419.24,-96693592.23,45229165.52,208322215.81,-81735697.41,74399006.62,7342535.49,40143466.63,34267151.16,71115777.4,208318583.9,-2447293.49,208322435.55,29791307.1,-16113871.88,-92242967.63,74868696.81,-14361086.58,-92248156.25,208325703.85,208322126.36,33200208326512.06,-47143956.22,208326818.64,71910963.07,-86846578.92,3740083200000,-3521615.9,-49980849.99,-28064253.13,81060682.63,380515487.26,43767068.97,-7490639.94,-16462866.56,208332687.18,36584098.22,208321551.08,-10152073.28,-13019581.62,40509826.74,65600823,78954157.52,-24211339.66,68873080.96,-34971722.63,208662696.59,18621995.74,208331433.9,5461211.31,-33362944.99,-58707323.06,39267768.96,208325971.2,208325347.87,-73591318.3,26125235.33,-90678174.74,-34611404.81,64836828.15,-91161878.78,208325696.69,72618525.14,40786006.18,24062485.57,97210286.78,21854370.89,23250055.48,-96186542.8,-51887194.23,77705236.18,19610621.48
88699394.82,92706236.82,71412782.98,-90397959.27,-43509863.19,208394442.24,-18703373.84,208318549.87,-23623591.85,208318177.98,208320309.44,-67128340.94,46740319.26,-13702515.1,39439964.29,35817059.24,208331459.43,208329829.43,-61191029.32,42413549.36,208333889.39,-82085953.44,-45812055.03,49402652.84,208329596.85,9872020826734.4,-34874804.83,-8975413.39,52512532.67,89823237.12,-58722951.93,208318750.81,17695537.98,27278146.59,91461990.52,-67235086.13,79553334.7,82298891.11,208320658.58,-3903710.33,208327220.36,69336598.45,-40266583.51,48245508.79,41340142.11,-76888200.1,-4511882.97,208330178.76,208323007.24,830208330436.34,-57363673.12,208331785.84,1108593.22,-32954313.47,3600201600000,-29500400.45,37434538.78,15426475,3817.33,380510611.85,-62622863.39,-62428820.11,-59152214.6,208330633.69,46974202.25,208321354.02,92022789.46,-56295490.47,32393751.35,-26460651.93,-42318524.11,49588587.53,98552119.03,149649.59,208338448.6,-13128398.08,208326525.4,39340096.64,-16742888.78,-15152565.76,29518822.14,208320917.54,208320961.27,20612773.41,-3807031.88,-59207160.44,-92949669.06,33135918.72,-1993758.62,208330968.41,-47972931.03,96354086.57,-69088205.07,70343847.42,-59416139.26,-73617154.35,41736154.94,-8036319.35,78068140.3,78735216.84
51952070.59,-64566011.79,36374025.38,-34185838.62,-60970817.86,208398783.74,-68912570.74,208317182.65,91171646.18,208322796.59,208325486.17,-45544994.22,-91805875.91,37960844.87,-652483.02,-86236491.89,208326753.62,208392700.73,2535900.28,77198659.38,208331014.29,-35785795.13,50296496.13,-36370322.41,208325606.9,10453020821841.17,-26157955.32,-68797369.57,34565934.29,-49343318.16,84286240.45,208318577.46,54151654.78,-80999654.45,60006462.95,-21930675.17,54657222.44,29030757.85,208325223.73,46081681.9,208330007.33,-87635731.88,-60906675.16,99063828.15,38685014.36,77646116.95,40550743.97,208331858.11,208327045.96,6640208331064.16,-27227293.41,208334140.7,86842685.74,35188985.33,3455136000000,-95583232.47,-61861749.67,36756455.41,28798272.59,380507622.32,-66467690.36,-29990013.45,81613486.14,208325858.24,-48204932.04,208324723.79,56148247.23,-34226663.17,-78454719.36,-31537111.08,80961412.53,3965190.9,-40506236.47,-91354268.42,208392589.42,-85944683.6,208322741.16,-49769123.77,42211996.73,-59772449.9,15096040.18,208318115.21,208319302.2,55884752.41,-3725164.29,-40218196.19,-3498055.52,79925786.68,9769395.15,208334692.16,-66368424.42,45839229.61,31320901.81,-66518254.35,-33471940.24,95923288.31,-73313511.49,-2241720.38,61815442.52,-39478206.42
4000078.45,-92972199.14,-57291311.1,-58328010.27,36859925.14,208393459.51,42240947.04,208319599.58,-4919005.85,208327933.48,208329953,71979048.06,7966516.14,90497297.58,-53420058.83,76069628.95,208322357.12,208338106.74,-52978617.95,99013910.07,208326353.91,-92770796.33,67614013.33,87079116.59,208320855.4,10468583318051.65,-72933960.94,38215076.67,35014197.48,-56691857.1,71436847.57,208321870.76,10345826.18,35255625.54,-83005593.45,-49594443.28,-71710561.82,-27482546.04,208329636.36,36104018.01,208329179.66,-64660242.62,73411068.22,-73179189.64,71926084.92,54656077.56,-18949113.97,208329848.03,208331979.96,830208327989.69,-33515457.48,208332592.3,75684188.16,-32700205.84,3308688000000,60541569.47,-24512434.59,-71273572.92,91100521.33,380508297.05,21922453.8,34118414.14,35873118.19,208320992.71,-57988019.61,208329735.59,-96706808.72,29897908.11,91338651.13,-23420141.18,47386817.68,37048916.17,-95303748.9,-67039939.35,208329266.11,83607452.99,208322210.58,-28894225.15,63354000.54,11010596.91,-92088202.49,208319065.93,208321423.63,-89526115.23,32032715.39,85735603.78,40310298.45,-15425022.45,875376.94,208334871.08,-70635001.86,21211833.38,50973857.46,-24449305.81,86040572.9,67440709,-79149745.54,-84903855.71,-91058401.5,-38649804.65
-44998287.63,-40771932.52,-70507618.85,59465359.32,-60401639.76,208385612.02,33612742.68,208324385.94,31055503.21,208330795.35,208331307.5,-85108641.71,81440461.14,-22018892.84,-93764006.03,47625493.18,208320765.31,208338302.17,23915979.67,-36298878.5,208322662.14,-77980074.87,44287749.58,-39756466.49,208318118.86,10027645817572.81,72677929.06,59646564.49,46681089.32,-11275208.34,67661592.2,208326809.03,-16945004.02,71863610.22,74093134.22,48122365.19,-28176081.02,-69348634.12,208331326.76,-15291676.03,208325194.16,16521506.01,-26614053.07,-19936904.15,61965185.2,36671980.66,79427524.84,208325371.12,208334999.26,830208322875.13,53493464.62,208328007.98,-77282971.07,-48318269.05,3165350400000,-44535746.98,81389627.29,-95931591.47,85730929.56,380512372.39,39890076.36,-15197116.81,-65818251.03,208318750.32,-59491957.36,208333574.68,12655039.89,31591423.17,-11018548.41,55399584.63,68768298.53,96267465.31,-36760564.31,-50666125.9,208325643.62,-82041885.34,208325188.66,90665987.67,69076156.28,4397861.36,-46244538.61,208323149.9,208326237.55,44581438.8,22494993.5,-47697964.38,25854706.32,15096349,67153941.35,208331483.38,-75043917.7,83852091.18,-97278971.24,24528061.67,-6322082.51,-24918460.07,95444391.48,-56901015.8,8411677.02,-40360615.34
81906102.1,5654952.61,-25548475.88,-68467237.04,14422339.87,208379066.6,85152461.46,208328827.62,37817277.21,208329888.54,208328889.71,-90920562.3,35830463.94,97320945.01,-2705792.87,76741637.92,208322848.7,208335042.89,38615102.86,-75443501.7,208322147.17,-82599065.4,-24843945.04,9280627.79,208319009.53,9861645820772.33,-88366964.76,82343395.55,-22159024.27,52899187.2,72267950.75,208330599.62,-68411795.67,-86868983.85,-71361013.86,-789176.25,23472684.09,2458986.25,208329261.8,-61103041.74,208320329.29,59597036.19,-25328379.59,49024089,-19289542,-67464697.47,-5294591.85,208321064.58,208334338.14,830208318524.95,-14516619.79,208322927.7,56507654.87,-29905772.11,3029270400000,28922628.23,73764123.87,-7680946.86,-88210640.04,380517674.81,-52833586.09,-62207762.38,57698626.25,208320404.03,48616763.46,208334126.57,63762208.56,-62351560.32,58625944.19,-32517797.26,-94481171.32,-53856265.02,55039991.97,-56395699.88,208325602.75,85555498.66,208329920.82,-10200495.02,-55838986.22,51597286.99,3486228.82,208327989.72,208331115.97,50677395.1,41236818.71,-62637895.75,41025260.7,-98900258.98,-7016781.91,208326486.77,-43723602.46,59198666.11,91580074.14,91548474.48,44096188.85,56260562.8,38670633.55,7731434.76,-85057896.63,73390566.24
59980504.39,92406966.49,-79156564.26,33718708.79,37131830.98,208387267.85,9391506.71,208330448.45,-13921068.77,208325845.4,208324140.76,-72055417.43,-69106875.15,85793610.86,42575974.79,28777738.37,208327370.04,210811876.09,25011243.17,-99642730.25,208325208.15,9617253.01,76623191.15,-57459846.18,208323058.26,34699395825959.03,-48773833.11,-19762810.78,-54636642.84,-58844003.2,-10456214.1,208331059.78,36307345.37,61248766.13,98812979.34,57257404.25,-25101150.85,-62450685.21,208324540.72,77826238.84,208317399.54,66042867.21,46943695.49,33285958.39,-26069550.58,34288787.06,76562516.69,208319477.77,208330284.25,249000208317316.9,-40866238.77,208320141.85,93148054.52,-12654132,2904163200000,-88547503.01,34419225.08,-2433398.32,21920305,380521329.78,35784755.77,-23446659.72,25817437.76,208325071.4,44466698.72,208331166.6,-59882760.94,54343827.36,15551590.75,-26498358.63,77593705.72,34528615.23,17069421.24,56528528.52,210810833.31,-11547440.08,208333647.18,5295738.78,-65635799.19,-23045033.71,39163077.19,208330803.75,208333362.69,-92073540.97,30218728.44,83775223.68,31476531.62,-11297041.6,-32200064.18,208322710.08,3656426.14,33946931.6,-73783493.29,64927593.9,43258403.82,-11314688.79,-95470886.55,-67441952.69,40481005.6,94747863.63
22480982.11,-11656862.74,60092354.7,32346350.94,40236588.29,208388544.83,60483330.84,208328405.73,-69880054.27,208321052.29,208319779.45,-93225316.75,-7277382.49,-79640115.42,21363545.22,-70536408.93,208331696.02,208326499.48,-21230510.03,-15253620.29,208330195.83,-92374181.93,89143713.91,2579579.58,208327975.74,34616395830323.48,8290625.59,46932941.38,-50397110.54,82585026.61,80146786.33,208327859.01,94691418.33,75001840.3,-87054018.1,-54515550.55,74108549.09,-36771873.74,208319786.1,-25102593.21,208318160.73,-36298936.92,54068888.31,39192920.6,80284810.98,-76068039.81,-30793890.45,208321619.21,208325033.43,830208319873.55,-65979744.56,208321132.79,-52286066.69,67568296.66,2793744000000,-45466980.74,84413779.78,-99123028.93,-8906921.79,380521368.49,46257848.27,-89007551.82,-53966332.22,208330208.2,-94209536.47,208326477.61,-98517662.53,58387310.83,17097754.49,-95128017.56,64572087.74,62088823.62,-37191073.82,95429003.83,208334245.85,-76869259.36,208334177.3,70455206.02,-53093779.05,-99217602.5,-2471201.86,208329984.22,208331727.37,-58801668.04,-52743982.93,-39963550.6,32833662.41,-59814688.03,-87431704.02,208322257.73,-2172154.26,-305987.66,6572305.6,-75894693.05,-86846630.71,-70615847.77,49631262.64,-36273711.23,-93666329.43,-40235916.36
23633690.01,25938021.16,-20467362.3,-16943349.9,29801544.69,208390362.32,-50840874.28,208323956.7,-92716299.5,208318291.42,208318263.41,-89835840.33,99922180.53,21422295.66,-83028745.21,82988988,208333299.2,208326176.62,81389946.93,51740794.98,208334334.79,-20536973.01,-71503627.39,-55546108.18,208330945.89,29506708331509.83,81285401.69,6445818.29,-15914147.67,62896824.92,-5200122.63,208322719.82,-48079074.02,-36589706.68,27424372.49,2064509.8,-62730439.05,-5077846.14,208317672.75,17465341.32,208322306.52,58741299.66,-21230371.3,86726464.23,-52560683.02,84851893.7,2297328.69,208326374.79,208321468.83,830208324722.58,30062364.02,208325256,-60883711.23,90263856.2,2701468800000,-25643649.49,46001033.59,59484897.68,-22694105.88,380517828.37,-80304062.24,-56860434.91,-29866785.21,208333032.57,14441312.84,208322830.07,83395807.26,-35031652.91,61421635.23,-98150051.28,12644043.24,49267844.79,36917126.12,-20044053.55,208338095.34,-88600792.69,208331143.6,-57010994.64,-47999025.33,73965088.62,-96748582.29,208326009.29,208327109.31,-96088478.39,12021864.53,-57695640.95,-77300799.8,90420172.82,96405384.2,208325327.49,-24525626.85,-3706713.96,32999168.33,-23632157.9,22630097.53,35144461.11,-68132924.92,-73754375.58,65512870,-62680384.35
14739400.98,37193579.71,-83656480.14,-64198892.61,-63425206.22,208401326.67,-72535201.71,208319734.6,38685673.18,208327463.86,208320404.69,-17543869.76,26347256.61,71600141.7,-30394646.46,-63037423.57,208331608.16,208736203.84,-54234740.75,-36198328.96,208335287.69,91415591.35,73716465.67,-59218459.5,208330222.07,33532208328933.17,46134868.47,-74688745.24,15164764.42,-48622350.14,-41939524.19,208318460.83,-75817983.7,83140323.15,54897713,-78523963.93,-11137248.9,18315035.23,208319520.31,-82034154.16,208327624.18,53322142.67,-77238546.35,-34285097.32,-20245070.65,-77577592.69,47253011.6,208331369.71,208321549.77,41500208329135.67,-75905263.34,208330528.15,-791498.4,-37570141.05,2630016000000,-85567516.22,-48204386.21,21825971.86,-22586773.47,401262727.33,36343761.75,-16273543.26,46524262.33,208332382.11,-27908851.58,208322402.03,41280362.39,34922667.23,70979197.79,4767469.29,26501535.38,45894017.89,72192806.42,45706119.51,208745283.08,-65212293.1,208326222.82,27030591.71,-1151277.46,76873587.68,84854923.68,208321271.12,208322327.28,-71725723.7,51680481.11,7349672.59,-34008051.82,43623442.53,63802920.5,208330108.63,96501210.18,-44099547.13,-16239836.7,-55088371.58,80772497.68,-23872773.78,49374978.86,13986260.92,-84886222.78,26156446.34
49356593.1,54639539.85,-71754290.78,-94242928.26,-67809276.84,208407875.8,25828301.84,208318245.61,-7826256.93,208331483.74,208324920.96,94740841.51,74889912.92,99992183.49,-92365763.49,-38889297.42,208328605.63,209173027.2,-22973922.09,14525949.75,208332478.62,-81025712.94,78522417.03,-46674811.1,208326125.26,31270458324100.33,65800.57,82567604.06,-34678429.93,-20552540.22,-48632867.66,208317420.17,97058281.33,-60772526.94,32485209.81,8907421.3,61237476.45,93415622.85,208324612.39,73742752.26,208331225.01,65283415.72,78130647,-19832290.53,-48402243.92,-75539583.34,75451731.5,208334460.31,208325216.44,10582708330671.03,95419824.7,208335020.61,70058971.65,55682782.11,2580768000000,72289659.14,13163221.21,30789615.5,-34656065.59,443588926.48,-8936504.29,77742963.89,60241219.29,208329547,-56636914.81,208325533.26,-63999705.36,74467151.54,63889959.5,-27706922.41,-48177235.62,35181530.24,-84181683.14,-38424637.13,210020433.61,57904846.9,208322198.04,91377341.2,7566037.7,86358865.53,-37113547.75,208318786.36,208320715.67,-2017661.6,88731246.68,-82605585.29,-15633659.79,-30894302.83,-14540922.91,208333817.05,-50876525.6,3486199.59,-87775369.18,90241202,36447836.02,-48771361.41,-28675907.04,61857635.78,-27170444.53,-69454898.59
12697366.59,70170794.51,88678304.15,-95215983.82,-64962366.99,208402480.33,-56666086.54,208320438.12,-84160994.98,208328054.44,208329174.02,36332247.2,65450651.43,-50528282.11,50400392.43,60451512.48,208323984.49,208355615.65,-40199822.23,24230608.36,208327427.45,-27654338.83,37213631.16,46653588.8,208320879.36,31218583319754.01,-74069282.89,12624552.32,73693715.07,56878174.22,52728631.25,208320146.99,-99326015.47,-80823322.47,76608426,50724316.46,63632108.61,-79195047,208329701.97,-98244411.4,208331158.67,-31232415.18,-6208059.4,35823188.89,-21883029.69,78781427.57,92691477.46,208332712.76,208330427.14,311458328547.97,-76997528.64,208334219.72,65927328.59,74764362.7,2555539200000,93388892.36,-18697051.68,-29410804.92,-32277540.31,443588521.84,48661094.71,26294977.4,-94507107.5,208324747.84,79027450.11,208330519.98,-484904.72,84662143.57,73121247.92,41560811.17,-43392844.4,98901427.31,-53725111.57,-84661108.72,208372283.12,45184019.89,208321389.09,76122909.53,49243364.48,-82194655.67,28427875.4,208319592.92,208321770.03,57042651.98,63499455.29,-43699866.51,-4396430.82,-34213356.13,-51301147.46,208334281.96,35685377.99,79813492.87,23152128.53,89929122.07,-42052890.03,-88490811.72,-1157942.97,3164984.59,68823222.5,-62784738.5
17354756.67,54401174.51,43141163.12,32495915.14,91908311.79,208395223.57,-460381.89,208325154.38,25462864.91,208338060.31,208330676.12,4888709.89,77207039.52,70429742.03,-22721399.75,-98227988.88,208322371.52,208381544.24,-84802876.79,-26634545.09,208322904.72,-17607817.33,-78692992.1,-17880182.64,208317373.81,30555555974574.36,48784940.01,95056005.42,-95537777.85,355515.96,24498816.89,208325098.74,-97476622.76,-5888746.23,39372057.08,-59848474.39,-28644026.95,79153484.28,208332514.85,60038822.44,208327503.53,-6550197.69,58035603.22,-85586029.27,98296097.87,63559940.28,-29891816.68,208328264.56,208334307.07,9934886577.79,-59139071.03,208330620.37,61910404.7,-45024163.6,2555193600000,55773596.49,-92750345.9,28427974.83,36389922.24,452099171.21,-1991189.76,-68431815.64,-74667533.18,208322241.51,98214530.44,208334568.52,-84157116.06,-22576433.75,-10164925.07,4983870.82,-40339045.69,32752088.16,86540280.21,98027780.69,208717230.21,82503727.09,208324337.38,-7454933.93,-23404792.98,46547333.9,22641663.57,208323834.65,208326147.81,35767124.18,-81847474.88,-819952.18,68112601.39,-14290520.96,-36482878.7,208331186.35,18644491.61,-1261550.94,90185522,-20234491.76,33804815.58,-21065011.64,82592766,-33169506.13,-12554047.63,69343167.58