E4,T0NBUMKneyJtIjpbMTEsMjMsMTldLCJvIjpbMzg1Mzg0NjEuMjc3NTUwNzcsNjE1Mzk3NTMuMjg0NjI5OTUsNDg2NTcxNDEuOTY1MjUxOTRdLCJwIjpbNDcwLDg3Niw5MzddfcKnNzXCp0dRNCxOQzgsUlQzLFVEMixYTTYsUk8wLExJMixTVjcsU1M1LE9UMCxGRjgsT1EyLElJMCxUTjEsSlMzLEJMNCxBVTIsSkgyLEhCMCxHUzAsQkMwLE5NNyxQTzMsU1g5LFhTNixJWTQsV0w5LFBLNixITjksUkM2LFdYMixERTgsQVM5LEZYMyxJRDUsSUg3LE5TMixBRTQsUUwwLE5DMSxEQjUsWFIwLEtMMCxWWDEsQk80LEZDMSxYWjgsT1kyLE5GMSxVVzcsSlo3LElHNyxKQzcsT1g1LEJXNSxHWDcsWVY4LEhXMCxCVzgsWlowLENXMCxRVzEsVEs2LERHNyxFSzAsREQ1LFNZMCxJWjcsWlgyLEVXOSxSRjksTE8yLFdJOSxYTDAsWk8xLE5ZNSxGSDAsSFM2LFRWNCxHQzcsU1I1LFBFNSxRTzcsWkg5LFlCMCxQSzMsVFo2LFhHMixISDEsS1c5LFlOMSxBVTAsQUI2LEdDNixCSzgsSkozLFFCNCxJQzIsU0owLFdYM8KnMDo0NDpSLjE0LE4uMTAsTi4yNSxOLjE3LE4uNTAsTi43MyxOLjQwLFIuMSxOLjksUi41LE4uNDMsTi4yLE4uMzQsTi4xMSxOLjIxLFIuMjAsUi45LE4uMTIsTi40MixOLjI3LFIuMTMsTi40NSxOLjYxLFIuMjMsUi4xMCxOLjQsTi4zMSxOLjM5LE4uNTEsTi4zMCxSLjYsTi42NCxOLjUyLE4uNDEsTi40NCxOLjcyLE4uNyxOLjUsUi4xMixSLjcsTi42OSxOLjMsTi42MyxOLjEsTi41OCxOLjYsTi4yMyxOLjQ3LE4uMTMsUi4xNyxOLjgsTi41OSxOLjY3LE4uMzYsTi41MyxOLjQ5LFIuOCxSLjAsUi4xOCxOLjI0LFIuMjIsTi41NyxOLjM4LE4uMjAsTi42NixOLjc0LE4uMTUsTi42MixOLjI5LE4uNTYsUi4xOSxOLjI4LE4uMjIsTi4xNCxOLjU0LE4uMzIsTi43MSxOLjY1LFIuMTYsUi40LE4uMjYsTi41NSxOLjYwLFIuMjEsTi40OCxOLjAsTi4zMyxOLjcwLE4uMTgsTi4zNyxSLjE1LE4uMzUsUi4yNCxSLjMsTi42OCxOLjE5LFIuMTEsTi40NixOLjE2LFIuMg==
GQ4,NC8,RT3,UD2,XM6,RO0,LI2,SV7,SS5,OT0,FF8,OQ2,II0,TN1,JS3,BL4,AU2,JH2,HB0,GS0,BC0,NM7,PO3,SX9,XS6,IY4,WL9,PK6,HN9,RC6,WX2,DE8,AS9,FX3,ID5,IH7,NS2,AE4,QL0,NC1,DB5,XR0,KL0,VX1,BO4,FC1,XZ8,OY2,NF1,UW7,JZ7,IG7,JC7,OX5,BW5,GX7,YV8,HW0,BW8,ZZ0,CW0,QW1,TK6,DG7,EK0,DD5,SY0,IZ7,ZX2,EW9,RF9,LO2,WI9,XL0,ZO1,NY5,FH0,HS6,TV4,GC7,SR5,PE5,QO7,ZH9,YB0,PK3,TZ6,XG2,HH1,KW9,YN1,AU0,AB6,GC6,BK8,JJ3,QB4,IC2,SJ0,WX3
148733688.54,-88003929.56,-47803537.82,62150868.44,37053253.91,-43627259.9,-55736532.82,148738391.18,19275049.13,148817628.33,-57650366.97,49439338.11,-23914178.44,85352735.51,17851237.49,2082332112.36,148737196.17,23972616.44,12426149.11,87010026.12,148737546.32,6553726.53,97307125.81,148744761.37,148735388.84,-91144075.25,-87765336.11,-48183125.07,-64708924.24,-79907615.56,148679199.67,79908180.96,86782167.25,21066985.46,-9843827.17,97746131.3,71999827.62,26215719.3,148737300.72,148734025.55,-32519231.64,38849949.73,-13846418.02,39452601.03,-49734518.32,-62251443.69,77300173.45,-67721312.57,-55310790.02,148737773.61,-35468417.14,84976072.18,-84668805.77,61430702.33,-77179226.37,89011183.14,148736153.25,4065465600000,148734306.95,36025168.97,148734115.54,-34475784.79,24135279.53,-27950878.36,-47092687.93,69785595.88,-42369607.45,-29755283.28,-35956133.72,-84785387.23,148733347.22,-50303327.87,-78894708.97,-78513139.5,56129402.54,10409930.07,86500712.6,90660370.74,148736229.58,148737326.04,-10915364.77,22905650.79,-1209898.18,2082330181.89,47864201.28,-24118772.19,51363185.32,-4030003.93,-6353752.8,-99113010.23,148734704.55,-61433378.6,148746754.49,148734406.93,88180774.5,70899126.52,148732569.9,-52795256.54,41695288.21,148737670.08
148733922.93,45559936.89,54074877.48,-69071368.06,-34574745.65,-21619886.92,-64361593.6,148737955.24,50168702.67,149526948.09,-36035782.07,-56440360.29,-43734082.73,59378092.39,77576854.89,2204653104.8,148736340.42,12914647.09,22964607.17,-25531484.61,148737052.03,63307289.67,-33688930.16,148792633.04,148734111.22,54394632.83,-96597302.92,47257530.11,-78328142.75,-24937009.84,143217824.18,-95879596.56,19433203.65,-87399854.47,-85748394.86,75071748.9,16016834.47,9606171.41,148739881.68,148737325.08,30992110.09,-25882655.8,21299406.51,46163857.25,18095623.76,-36149061.6,-12031597.83,55659658.5,-194449.08,148737805.85,77065416.23,-29846386.16,-74853045.77,887221.63,-23115944.82,-64985500.69,148737029.24,4047148800000,148733263.99,64655002.15,148734039.03,30269050.65,-835428.1,-76172619.52,6841544.23,-73003641.54,-28495651.79,-88572838.69,55208444.99,-9460288.77,148735253.56,64606502.89,-22987866.05,40315703.06,31911190.91,12900165.21,-60672051.62,-45019230.57,148737168.87,148739321.34,-24064345.67,-73884868.73,63047246.67,2143488625.59,84224778.81,43328009.21,-59636803.71,59744270.17,-29074960.76,98122142.19,148736138.41,-23374551.47,148782204.67,148735236.92,67753063.3,16810753.81,148734078.66,77899079.86,-96765809.31,148736745.86
148735039.06,89817406.46,-57815035.37,59706244.86,-19405685.34,36977818.36,35641767.7,148736442.23,79260410.82,148849524.73,-4630508.11,-37001030.52,-36807834.69,35452537.3,-68149740.65,141383305919.96,148709919.92,38023868.16,-6414990.74,-19832864.3,148735655.58,87567114.99,53232259.06,148775490.17,148733889.82,-71325655.22,63128198.8,40939333.41,6753358.69,48414823.95,151603146.27,88436787.96,-31865647.81,-62619882.27,80604954.21,-4097908.48,-1237177,-24719366.79,148740436.59,148739127.27,-56194063.13,-7791410.26,97974556.74,-94358193.88,20161546.77,-80151802.92,66563949.58,97861308.75,-35380295.96,148736981.74,-45776869.35,21223873.69,57420122.97,61745551.26,-92135510.84,-58951640.64,148736803.86,4053715200000,148733535.16,-39681020.87,148735164.81,-29660147.93,-71415904.89,-5095766.28,-99365391.96,-55092255.97,-57471298.68,-92075108.09,71780992.23,33179583.33,148737227.11,92864767.44,59127056.36,-76923448.53,59771883.36,8398750.07,2980475.59,-25252806.26,148736790.55,148739916.38,-59786101.47,-59837988.1,6865539.42,48556758395.81,29953737.47,-16478483.88,-91105298.96,-68598758.52,-66126179.56,4068004.9,148737588.72,-61353369.79,148784082.43,148736626.12,25781432.94,79458011.11,148735805.75,-26738759.07,-10177567.73,148735788.77
148736836.99,-13211765.13,-21089734.74,-66732085.57,-92004512.84,-86985523.54,-47251563,148735144.32,21033158.15,148734473.87,55719150.63,-5687003.07,-95160922.71,2310991.15,-7810807.91,110148736144.7,148709023.86,22708589.77,67375029.69,-26856847.47,148734425.32,6854724.27,4858894.18,148738599.66,148734807.72,13059958.56,37863143.72,-54912638.11,-32007901.48,-37276674.89,151604527.32,-78991916.97,106622.7,53027787.86,-44824885.87,46297272.34,1036979.05,-70384272.92,148739111.98,148740396.36,13314251.21,38135704.24,92243985.67,14522404.86,-15859816.88,31147734.33,49616419.96,56091590.21,43258897.9,148736255.51,73788429.83,38202922.62,-33439982.38,-83873595.28,91465525.53,-32986153.61,148735476.41,4085078400000,148734841.73,45174107.6,148736981.41,-53346569.12,98325647.04,-91610176.15,6178795.83,-97689138.93,-48728602.13,3398901.74,-83302210.02,-68884108.5,148738316.34,34426578,3627967.82,4320201,-81792356.77,59635819.91,-29732790.88,-10814245.85,148735519.55,148739176.67,7340203.54,-52140834.35,-26294700.66,63954751653.03,-10585566.31,73699500.3,76884147.98,17505322.93,-26500434.62,-83830923.68,148738215.94,57284234.85,148778219.67,148737965.93,-35469261.03,46113155.53,148737242.86,3041949.55,61826753.04,148736344.98
148738862,-36671257.58,98353970.42,-11264889.75,98828544.75,26537703.62,-71814501.35,148734850.93,6766776.84,148733849.14,-10324190.54,-31715809.11,-14367421.81,-18267260.06,-86532001.4,110148734230.47,148709225.82,-33552975.48,-11212702.27,-43466309.71,148734578.52,-63252732.96,32353264.03,148737552,148736214.7,27815631.3,-72970269.02,-45631259.44,-46685889.06,-63493590.02,151606630.35,-29433907.56,-72482370.43,46133582.89,-47137384.47,-65744858.48,-12109149.27,-53701116.85,148737258.09,148740393.18,-30300490.8,-70489836.23,17301183,78895007.41,19838588.83,28537507.37,72252126,-37807901.82,-63850563.15,148736672.5,-97286930.8,-26072134.2,28333633.46,-46881866.35,39714991.01,74408309.1,148733712.93,4140115200000,148736351.24,26781762.54,148738537.37,-20242413.43,-20450588.13,64395901.07,-74046558.92,-94743115.46,-137134.81,74398055.13,-32271909.09,38473218.85,148738076.4,-93708136.01,16449312.6,80046286.58,-49741987.79,-48343215.21,-46075266.53,43344993.28,148734165.28,148737578.52,-6676984.3,12171320.56,70998480.61,73193548856.05,90639367.07,33322846.01,-40814336.61,-34008293.87,64476482.41,41827183.36,148737543.03,22141831.44,148772572.58,148738417.31,33480254.19,28755058.93,148737535.13,37723200.23,-75165267.64,148737626.83
148740108.54,69965108.3,95748251.71,2661504.08,-44795459.69,5019826.74,-22727.19,148735836.43,24382647.33,148737883.33,24780809.93,73520508.63,-51338386.55,-82081575.26,-85348655.84,27648733225.61,148710525.37,-94800854.13,-65740139.04,-18494385.75,148736012.15,-9844786.51,35176163.35,148736929.23,148737186.79,-14002199.15,-83832584.73,89591105.66,73887205.6,59945115.17,151608435.54,-97106711.7,-71880982.54,15312202.7,94636643.44,34539968.3,-71110777.71,95658433.31,148735872.3,148739043.15,-41761385.18,-77262275.94,-3819184.62,46908536.36,-50498723.85,-49415117.38,88677264.74,-86727812.82,49664959.12,148737979.84,-26543836.24,40614388.65,-91471608.45,85603579.19,67661813.94,68597392.55,148732495.35,4217616000000,148737164.41,-77634369.38,148738969.84,39524615.76,-62500253.15,-32930358.54,-83582280.1,44573449.91,-35518304.77,-29174309.95,98456143.39,-3226205.01,148736797.41,-49925630.7,-86497778.93,-27542816.53,49370182.66,52702286.74,-72731783.88,-50352337.96,148733629.66,148736058.2,-4983183.65,-44531131.09,-37098350.11,65602748293.6,-50148245.07,99354909.35,2600150.93,58237618.85,71556601.36,4983509.11,148735815.79,20660697.07,148765426.63,148737723.33,-60118171.47,-10060968.31,148736678.41,-250094.98,-32708151.03,148738749.29
148738805.79,65593313.29,86579475.46,79964451.82,98996690.57,53970439.89,48761617.54,148737737.14,-90307941.02,148907777.57,-27685670.71,84595456.4,14574338.78,81906098.46,90786471.78,4365042159.16,146302555.65,91327522.56,62795038.5,22029322.37,148736782.93,91844893.87,-38796733.6,148754868.5,148737037.19,-53611657.56,85468864.47,84852471.86,45357039.47,-78358332.98,144618593.02,6671068.91,49351732.09,-89704688.14,-53838850.84,65496379.7,19663548.42,-80263641.13,148733900.84,148736992.67,90159356.89,-66132886.22,-32654979.62,-48732462.09,9626665.09,-41102979.58,-84914198.26,-51445995.06,-5541773.31,148737628.87,91170602.11,96928012.39,5926716.34,11781215.44,-42502814.71,-75723897.98,148732789.74,4314902400000,148736832.51,-59535542.01,148737991.95,-67675842.05,5728424.83,20423477.44,55413393.27,99160711.27,-20759348.53,23015253.9,21805103.51,2832375.77,148735320.14,-1444856.56,72062684.83,-17858673.91,32668295.25,-29607174.24,63660730.67,-39979843.29,148734299.04,148735864.81,-83119270.04,49698450.5,46240602.37,56854506836.95,-84840694.74,6827573.24,-75483926.94,-5758050.29,3130667.21,881042.54,148733854.44,-66411619.09,148765304.66,148736322.91,21882007.07,7932403.56,148735038.81,-87520095.56,62967236.82,148739455.96
148737390.82,-16934818.93,-68072712.5,-35801074.22,92667092.27,-73017941.21,-12469298.75,148739949.74,-22578545.42,148848797.93,63641926.45,-49685175.9,71764685.56,32184743.47,73983195.13,18100734947.6,146303737.1,20070156.1,-21408495.91,-486047.15,148738251.8,-90030932.21,87105354.52,148755401.44,148735832.51,-10421459.37,-96322763.95,55821175.63,-61481271.65,-42130952.98,144671046.47,-26128832.37,-52795866.86,6242319.77,-16926011.33,63487551.82,66811238.45,-56594450.05,148734828.45,148735262.04,-59730146.69,44329779.98,-65044274.05,74860942.15,61153462.83,-1914535.73,70387692.97,-58980978.28,-4420247.67,148738204.53,45713649.38,67536623.65,-57132455.99,76120555.49,4332288.82,15984272.43,148734169.35,4429382400000,148735611.76,95238538.36,148736064.06,-40242717.31,-51500632.29,48819820.11,70174268.78,-17224849.24,16626740.51,-37220474.99,-8812742.81,-35841556.1,148734546.28,4156192.4,-42588807.48,79978260.19,-5913058.32,-6394097.46,-82705739.77,7557245.01,148736080.53,148736395.58,86835349.49,70809472.08,4594268.68,52010286730.12,-75884201.37,50873442.7,-62213505.51,99154748.31,-37260544.09,-43073537.15,148732721.98,73427153.88,148763562.05,148735486.54,-99712732.74,39864979.55,148734408,-64980256.02,11963268.04,148738402.39
148735478.23,-92251939.4,-53006738.18,81410307.67,-85159169.75,47274483.81,9736302.97,148740343.52,-84999566.82,148738310.02,-56909717.67,-18150717.28,-37762567.22,59705491.95,-76950109.42,110148736522.14,146303654.42,-74056626.87,35107966.58,86908760.62,148738544.82,31534638.06,-54333293.56,148735144.27,148734210.32,479791.92,-85087747.58,-81154286.46,56028920.19,1928201.61,144669472.56,-98196560.39,-44193905.82,-50181365.44,-49727911.5,46941870.03,78682793.6,-58785437.41,148736256.04,148734701.6,-72025235.21,-57929141.19,73094447.66,86218744.76,-85651135.47,8450945.93,28646654.28,27176248.38,-97338175.28,148737508.44,-17896509.93,-85709109.41,22439644.91,74324126.95,13474064.22,-95946274.8,148736226.01,4558118400000,148734311.02,18562241.25,148734150.53,59933867.06,92345732.47,-27388532.14,-1052405.7,12350096.38,87760165.4,75329935.54,27974231.19,21389766.78,148734921.89,-20737897.44,-20307740.92,90019746.62,44309787.03,82560392.08,-63461160.86,-30895556.96,148738038.3,148737648.54,-71130632.72,33333274.9,20435050.37,58470114407.68,-65104264.47,-3967092.15,-77238319.92,-59813462.1,53468367.33,11201954.95,148732983.54,-74230680.89,148761107.26,148735213.68,-15014954.85,-56477788.46,148734561.07,50588845.64,-61702123.99,148736255.51
148734101.13,-44625329.43,-22058432,81387979.24,75053486.57,-54018193.76,-95191339.46,148739532.82,-56156744.13,148843348.93,34364663.62,-98697959.43,50666870.47,-57608543.84,98440205.36,8381762075.47,146302254.89,-56334985.81,91695683.12,-99838858.61,148737965.78,-7413206.61,89484703.42,148753840.18,148733151.58,77771175.14,-71832008.28,12934919.26,92251334.48,54190936.67,141237630.32,-84058899.65,88238718.91,47856143.24,75577663.4,-77275585.25,-8067447.64,92753774.83,148737303.19,148735351.42,-27337049.35,-43396118.11,94101214.87,-98649625.32,62768798.41,-79102106.01,-24883387.45,-44700789.6,-83150644.32,148735847.83,-73913279.4,89940432.62,18178991.43,62813099.12,99741562.69,44602953.84,148738018.19,4696790400000,148733819.9,20108583.6,148733196.89,-42917960.1,-45887211.9,89774393.17,-5439301.35,89581813.25,-26203084.08,945758.03,-76795863.08,3988216.33,148736186.93,-86670843.36,42751898.69,88645387.79,-58733656.43,-90527064.29,2525336.65,-35180588.43,148739222.92,148738748.41,89500597.78,-65292754.88,-78894841.48,53461277909.99,-31989989.1,-88340835.73,-39333974.36,-19959495.15,-96535157.75,-89075551.93,148734524.46,-32143609.36,148761231.14,148736193.17,-48598433.2,-34861936.18,148736035.41,-47273964.68,-60453742.32,148734487.84
148733879.46,-3325428.34,-66854235.61,41845962.91,77889461.12,-14266036.53,25679042.44,148737662.82,91665345.25,148778259.41,-25790356.62,17235275.12,13727459.08,-75710889.93,56049734.94,16906549589.81,146300200.19,12552428.95,-97573643.43,-17919112.19,148736586.43,-25039505.4,23562868.76,148748753.39,148733333.22,89614958.64,2986262.66,57338423.3,92519490.59,21995891.73,141237057.29,-6934578.83,-64391057.23,74322394.34,-32251926.78,-43726401.18,54247231.4,-33457664.38,148737231.37,148737031.38,47804422.45,-22297882.69,86367016.17,96490655.88,99709511.95,-53060465.32,-13465968.75,-49659298.11,-8857658.97,148733990.24,43798959.64,-97657042.68,-5114369.14,29108880.2,29440941.14,-13839613.08,148738550.51,4841683200000,148734585.89,-23952018.59,148733619.03,-54135317.42,-63824227.92,-18863726.85,-23830743.85,69237086.08,-85562048.35,78110422.37,71252134.16,-99197460.92,148737531.8,15545000.32,-77873789.63,-66680411.42,25910136.59,301034.23,-2841720.25,-71696548.14,148738968.34,148738884.8,69275134.12,26342125.07,63391495.81,54943698237.74,-83196526.19,47929870.25,24771165.09,82273027.94,43587479.15,-29274263.64,148736526.01,46768000.08,148759961.73,148737961.94,32595924.24,88689231.57,148737442.43,-94476073.44,96345092.95,148733792.42
148734834.23,-53751188.62,57900247.92,44817380.09,-43596885.25,-89210331.34,-79915075.36,148735652.8,-54344280.41,148807928.59,-60149626.27,-72302058.79,56960914.33,-94868752.3,46092191.08,91136390224.24,146298515.05,-47006653.19,86940027.91,-44786679.29,148735635.55,-39755536.03,35856159.82,148763582.43,148734814.3,63937507.48,-76561832.97,21847896.3,-11084918.3,73072098.96,139383800.44,43314726.25,-70914512.54,-85701999.55,-6838189.61,-71709102.37,30627083.57,-97670280.93,148736091.87,148738617.45,-46317384.67,98148269.45,20989635.78,68119900.85,51095116.61,55246845.31,-27364895.46,83278660.25,-16275074.94,148732964.94,-94717036.76,52667138.7,-24656668,95560360.13,63750179.88,85866070.69,148738024.09,4988649600000,148736338.91,94382569.15,148735089.35,70994229.61,-68538480.81,64933169.89,-41053254.01,-24315953.95,33827455.89,7146292.81,15522914.19,-11461602.02,148738071.4,-31017175.03,-72534365.55,8329385.03,-37803270.65,67352332.29,37019053.83,71410918.08,148737463.08,148738320.21,60053911.62,67474595.17,58434909.89,63836871425.76,-44904489.63,6496096.81,-48528528.21,81523509.04,41802193.15,60806608.08,148737999.65,74320276.54,148758954.05,148739575.83,28147128.53,56526017.61,148738547.2,-23915094.4,-45538340.66,148735059.53
148736295.89,97349640.98,-30951968.44,-17580367.88,98378513.68,2230908.13,-3004597.62,148735606.13,12912904.49,148791264.42,68019717.6,61524058.11,24729039.52,-72259129.9,57999311.54,4562314882.59,146298032.19,86400503.65,-77610229.44,71086890.61,148735747.46,54990362.38,57118908.11,148748146.2,148736925.97,1118743.54,-88705905.35,-78454963.27,-89304375.64,-67036100.5,139385145.95,30650559.98,64082834.59,28626237.26,-48624526.09,38461945.56,-89692201.95,-37630964.43,148734549.87,148739276.27,56280314.44,-97112027.86,69636001.25,-91383098.38,-22555763.91,93490520.18,-10221670.35,88015708.55,3931926.87,148733339.73,-51676671.9,41259455.31,-17354737.33,-46838913.95,56741275.04,-31764204.59,148736434.28,5133196800000,148738222.02,-62778094.7,148736737.56,-12900125.35,44531903.13,41804346.82,-68240996.09,-32174566.8,-23884568.81,-24764551.72,48228889.86,35148911.68,148737366.31,-81294924.27,-79660998.19,34584034.41,-83154069.89,88079824.25,-5627831.64,-55122320.65,148735501.62,148736663.68,-21608620.03,2708002.05,15284191.49,50154773001.73,57530145.96,29343519.78,-4978356.3,-77441137.15,-25110994.69,65193615.8,148738271.16,-9625196.48,148756523.58,148740822.35,-38969573.97,-92439953.91,148738387.62,-25054493.93,20602172.25,148737491.94
148737336.98,-25614687.08,-72541752.25,38938947.1,-97737063.08,-30083369.43,-10976573.58,148735806.41,-41468080,148759317.11,-22888339.48,98754907.39,-58616938.65,-56113838.93,-30073330.43,4020734168.91,146298943.14,-98302893.8,1739050.97,19184323.08,148736920.31,-13587298.93,55707506.63,148741999.62,148738644.97,68253505.29,62865801.03,-11374633.13,17619217.47,73931638.29,139386339.16,-59861018.14,93101760.43,-1629416.1,20156644.73,67078738.84,-43771647.3,-26720407.22,148733557.34,148738742.11,-97148201.77,97122661.25,20071182.32,60726232.84,-17353814.31,-55615249.39,93634220.29,-39430437.93,-2003958.15,148734953.75,-8880597.13,83159064.06,-80369177.15,-53614457.46,63451190.39,18937253.54,148734876.71,5271436800000,148739257.89,-99766964.54,148737650.39,-64551634.06,-69926168.92,18167939.59,-65293711.11,69652753.69,-77573142.94,-21044532.44,55957376.89,-11607931.31,148735693.9,-52049078.43,97820146.45,73428007.78,-1011714.53,-38750998.89,55820537.29,-3175378.11,148734092.46,148735078.16,35364889.29,8762511.39,92137786,39541974240.31,-13911200.17,-65027131.56,-980895.74,-92478019.85,-16963169.02,92387904.47,148737358.56,70117490.25,148755418.74,148740009.96,59192515.19,11151387.2,148736956.7,-40116249.57,-39418886.68,148739501.23
148737311.45,59009523.38,-918269.24,-24274770.65,-58831538.68,-11103382.89,32831846.85,148737082.96,-80214282.58,148743516.86,12950971.85,25817483.93,-82766615.75,-86197654.57,88892702.18,2726859935.44,146300705.19,51342651.38,-32239020.36,-16695588.47,148738487.66,-18352403.06,-43261533.39,148737186.77,148739146.78,-33748016.13,26160546.69,-38153052.1,85654371.96,90400447.52,139386574.22,-50890522.56,-53218339.31,-99727582.54,46221447.79,-97965090.7,-42155432.83,-55448149.65,148733802.73,148737464.79,66338291.2,-75839150.06,-18178984.6,96686188.7,80568187.3,10839141.67,73386207.9,-26325012.95,-36307909.24,148736999.79,24615017.57,-47637843.06,-76665103.09,86779664.85,-52817333.6,63636696.63,148734467.15,5399308800000,148738890.36,34570149.42,148737387.1,-7065286.13,-37487946.98,30202700.43,-59552362.83,-8549734.2,-53893232.88,12433828.23,-91226097.01,8014394.27,148733912.67,-22780395.65,35006834.92,-45803976.57,-95395647.23,80778620.47,49405953.59,27229898.33,148733903.17,148734901.5,-38720576.03,51689346.65,-3905392.01,28799788062.66,76760623.66,-71728449.78,-58300326.33,84143396.7,-43804652.37,39655750.38,148735937.27,62497678.89,148755717.4,148738487.99,-62619756.41,-71891655.73,148734919.92,68615531.01,-37252357.29,148740666.12
148736231.29,-72847131.39,60058302.76,-37791209.81,-95758354.8,-6835574.06,-87768116.72,148738621.13,-77831873.67,148740722.84,-37320936.15,-87747455.04,59826518.75,3913644.69,-9307806.53,13898736651.49,146302354.6,56762130.41,-60491916.72,93021310.96,148739505.17,42928172.43,25194242.82,148735762.21,148738251.93,24456591.35,60890333.58,-41408886.79,245881.52,-90695878.27,139385604.5,36236256.81,-28964742.06,-11451571.74,-28394130.69,-76635376.69,-52885209.59,46568617.43,148735307.19,148736332.92,26748581.87,14996267.52,42267019.03,26242697,32862037.29,19921745.64,-77335386.22,37740655.54,126497.74,148738468.08,50002028.06,41090119.93,99204112.25,44327892.51,-78695223.43,74085938.21,148735055.4,5513097600000,148737296.78,-643783.59,148736219.91,-42085877.98,96185044.95,-80256211.04,83620062.9,-17247054.73,80161247.46,13409138.89,-54787527.01,4310700.22,148732993.31,45181573.71,24300672.92,-52543582.72,-54842296.58,87700650.95,76273818.72,50635491.46,148734906.43,148735822.11,69605028.68,-47509253.49,93337212.65,27424788589.08,-40587226.28,8070735.82,-11841160.77,-61657534.03,-16926343.19,6969513.04,148734937.89,-94809105.24,148757067.36,148736533.11,77706251.41,23224478.78,148733298.91,-37456103.63,22721051.17,148740498.78
148734782.21,93020740.71,-76958030.23,-42814788.39,1300887.2,69698700.38,94973746.13,148739395.71,-45478800.18,148961245.2,40671183.92,-51503209.79,-30970627.96,-99871768.61,63093586.92,9403215758.34,146303048.32,-22466974.27,-39728969.17,-47310214.43,148739491.92,-51598199.52,-47273320.8,148766718.5,148736525.03,-74501970.7,76356761.91,-48204100.01,-64642827.52,-71152848.56,130022901.47,29326922.62,65381406.15,-76330281.78,55671918.01,46041388.62,72487344.3,-76946950.46,148737420.81,148736219.34,32629295.53,74139186.26,59440580.68,58338898.93,67573728.4,87027755.7,48836842.71,87596842.74,1566667.89,148738726.51,60041778.63,-94251901.42,-58833241.99,38607582.82,81945694.58,55076278.66,148736257.66,5609865600000,148735295.27,2168983.76,148734964.72,41290522.36,3842218.9,-23540843.47,64247651.65,-26643301.69,-16946477.55,-13685418.62,24956324.35,41833507.64,148733478.65,-10573596.78,-95791736.92,-51476875.38,-33975768.42,-37689655.1,13256729.65,-2271106.46,148736445.66,148737622.63,-41035368.82,-81044786.22,-96964127.45,27928604763.47,91738940.61,-5266653.73,-48957866.66,-24819268.83,-7033415.89,48826710.16,148735015.21,-93675094.53,148759430.35,148735304,-33627674.97,43739379.46,148732984.98,26579791.4,-36466256.46,148739247.5
148733863.48,29035661.94,-35609555.29,-96028151.43,-9089928.66,-51871986.58,33097864.98,148738884.12,-88425746.73,148739247.22,-20738983.43,55388295.72,56494644.97,-41442743.55,71005668.98,110148739388.43,146302528.92,41952946.2,-46781357.17,-96639381.92,148738043.85,50288295.78,20908692.55,148737301.28,148734914.04,42181275.65,24722970.61,12277581.37,-14942994.26,54414088.33,130021402.87,54938092.6,57443540.6,24084265.85,80285207.88,-57386203.26,25438980.78,-40419981.09,148739066.22,148737229.44,-49373253.16,69432470.61,9698939.73,92520608.56,-92038765.53,84881015.82,57712528.94,-88033444.98,16606672,148737754.45,86645660.65,-39944318.85,17411971.82,-13966198.58,90999004.67,38501952.51,148737391.8,5686243200000,148733897.85,-71905196.42,148734500.01,79050095.15,-2739547.82,17378783.14,18167798.82,51858979.57,43835173.46,81494523.37,-2395658.5,-30156321.35,148735176.29,57637662.96,26100972.58,4310454.23,-10574139.99,-53708975.14,69340203.71,18255113.22,148737532.25,148739535.26,-86892165.79,90163696.74,-43249667.25,37133403133.4,8695297.86,13798353.01,-12819922.62,71357750.66,-85848578.96,30411945.29,148736131.94,-45511530.25,148760179.16,148735457.59,97775416.65,-33099588.54,148733915.84,-93474103.52,59784676.81,148737373.4
148734161.95,-1342420.48,81904787.6,-74158466.85,2239667.87,30984657.43,-43166330.83,148737586.11,47424890.46,148737344.28,-58378964.55,9584190.39,16532343.84,31235303.65,38703695.06,110148738914.83,146301252.25,6262624.11,-27738655.18,-9486183.47,148736042.24,74913319.24,-70723634.44,148738620.38,148734272.84,-16331406.91,67859042.93,56766250.81,-2461732.64,54396604.22,130020990.04,87192402.19,-74213432.35,-31652996.88,-13645956.67,-14971485.17,-90395854.98,-60585111.51,148739468.06,148738959.93,-99190526.95,78433440.1,76815986.72,-53931491.54,97846040.65,-27109065.56,-438782.63,-40888957.18,-29367057.96,148736274.54,39328946.48,84411318.98,-92377637.34,-44588407.19,69868596.99,-3933050.44,148737585.6,5740848000000,148733759.59,64671535.85,148735248.27,-42953888.96,-56538873.86,-83319670.87,-74963289.74,46487392.42,364163.98,-93830949.35,84238947.5,-48174612.84,148737257.42,-86179023.55,93149428.83,-13086640.39,-82660874.51,65061305.12,25710167.99,64818429.34,148737551.32,148740555.76,2847845.9,80198141.37,98202982.79,37133401430.23,-64505317.28,-78091744.63,61063292.66,35956206.54,-55151588.23,-63540062.61,148737632.31,-9720685.87,148759727.23,148736702.11,-99019295.48,-9757373.7,148735755,69948450.46,18387229.89,148736412.6
148735677.53,37991404.2,-5899450.24,-82486325.28,-59325685.55,55904357.69,33321859.66,148736147.88,61439990.47,148737586,-24133795.42,-84357894.01,-29852684.48,-4369597.94,-39606814.38,20773737243.18,146300108.32,67023326.91,-40410953.41,92303621.75,148734502.79,80723256.58,-38713278.83,148739705.15,148734854.83,-6762857.94,67622513.73,62151603.36,-7352268.2,58253071.22,130021988.17,-16295311.5,-18439983.54,70988705.53,74711741.61,-93520284.12,47857962.12,-559024.68,148738474.01,148740477.02,81203767.46,20861862.4,-85512676.78,-16820360.43,-1368116.71,-64040973.2,-88438120.4,-63277940.44,96671575.91,148735225.3,57935475.85,29153435.76,-11526549.82,26546926.6,85219818.69,85084423.23,148736598.6,5771088000000,148734831.51,-25202688.56,148736916.15,-61119633.81,64201521.91,-121268.56,30848765.97,85806135.26,79301229.05,70137711.79,90132999.13,-2099093.44,148738707.77,43482558.6,-52949619.51,22826788.65,52462061.89,-39295583.24,35540123.38,76829324.89,148736522.1,148740210.45,-13814396.54,30932137.43,-82067021.99,38372598143,-69150347.27,9116614.32,30765837.87,-25479169.51,-15668247.94,-9664050.39,148738583,53429775.92,148758354.23,148738204.07,37200441.85,99497724.71,148737450.81,-67276331.21,-96463350.77,148736601.64
148737720.36,88731286.12,75706432.3,86084604.34,-79898927.74,-3729809.66,90694604.03,148735528.77,-6961734.02,148734342.04,9561099.62,63514697.12,-66500982.15,-51420810.53,3313426.96,110148735212.45,146299896.49,-13189057.35,-14123308.75,31460970.14,148734218.9,2581972.35,-79646713.2,148738486.43,148736200.03,95215925.22,47271277.69,68728836.41,27984274.14,90123681.02,130023971.81,19676787.98,24025626.01,-70925161.26,-33783008.32,23676214.99,-43703746.56,-15232450.03,148736661.25,148740908.52,64025657.02,-35704738.36,138235.07,-82321665.46,-34151917.89,-19178565.77,-11951580.51,48662022.21,11817389.52,148735247.79,-84766057.45,98878565.13,11774810.78,-76951108.78,-18162467.83,-81205489.14,148734936.31,5776704000000,148736409.84,-62721431.31,148738643.03,-51690189,-15546426.74,-28092010.84,-54008038.58,-92357628.33,7715540.65,59621829.89,89137314.19,-62126873.36,148738878.62,32546459.48,66994653.23,-51975418.8,45533551.51,-22028374.21,80330317.72,-1522469.24,148735112.57,148738823.49,46414061.99,-89473195.45,-4150506.07,47696817478.12,-52800579.45,42841674.18,11591430.89,-80907541.75,-71146759.81,-13920835.2,148738326.5,-51122557.93,148756881.19,148739093.4,-6778113.09,33913387.06,148738161.26,-43604497.23,-81136454.21,148737779.46
148739278.1,-43850291.5,19340095.6,80348334.65,-8109150.22,-74046944.21,-76710836.85,148736107.5,-85044380.5,148734678.22,-27159848.05,-50742863.4,38811187.46,17178496.47,-8487187.03,110148733838.95,146300854.21,12441067.47,-49340734.46,46786593.18,148735328.01,96701776.91,92586569.66,148736910.62,148737417.23,8378137.65,36874463.69,-80387497.89,-63698451.45,-86045145.57,130025986.82,-4919160.32,-9260942.34,-74273200.94,38588976.44,72936065.99,54471103.27,-659231.54,148735010.86,148739940.77,9878924.77,25233568.08,57652134.62,6931248.23,14560274.54,-18841323.43,33802267.35,4807538.24,-65612704.95,148736319.03,-78995624.65,-89016583.63,43945842.52,-13066463.83,-83292660.11,-29654868.33,148733462.3,5757696000000,148737550.65,-9125573.89,148739477.01,29993664.84,-81817153.91,78681002.26,-61024430.72,-73187761.86,-36319818.81,88561862.97,84008901.91,34331299.94,148737830.3,-87789221.02,73995909.56,-26017822.36,28234818.12,-11562987.07,37043006.4,-9954406.12,148734252,148737127.38,-49876437.09,-78407617.03,-39415301.57,49598053814.28,-26146020.24,-91818678.8,60477301.8,-28212.65,39016938.27,75385282.79,148736873.16,72709472.62,148755447.88,148738770.26,-32207264.2,37642207.57,148737638.2,25162991.26,-30034104.87,148739045.83
148739593.96,-25286050.73,-93614339.65,86376635.16,-53325622.01,-78860504.73,-11800969.98,148737724.37,17412584.97,149078214.98,92409475.05,89616693.72,-7502876.78,14273597.17,88475154.12,1803826357.54,146302508.25,35728182.34,-63961542.92,-35843406.41,148737493.29,-15510482.33,-93092940.64,148762787.48,148737723.47,94006937.31,6460919.22,86023703.44,-46425666.87,-98865033.97,127822336.43,75626989.82,-17455924.18,-67414447.42,4279108.2,9794400.56,77491500.59,-52750580.96,148734400.82,148737937.91,-60955747.37,66396113.9,3132071.81,27910067.45,-80747842.13,-23991193.98,80466118.77,-5346346.22,47511741.02,148737806.82,-75901421.49,-25972771.58,-70471600.29,19272713.51,21436379.04,-6814200.01,148733112.88,5713977600000,148737613.3,28756351.11,148738911.24,-64680934.35,-66565576.23,90135454.23,-57935446.5,-30829600.84,-62157773.86,54919318.98,-86219322.99,-72048687.16,148736277.43,-14207068.47,-82187811.59,-48931724.57,92970066.09,-10442728.08,41845647.52,99685567.19,148734624.27,148736117.89,42120112.87,-49550520.47,94527436.81,49322207151.96,92579204.02,87194131.49,79485582.06,54243011.74,-42419668.1,-5034184.92,148734932.21,-94576785.76,148757537.12,148737518.64,-96101917.49,2381431.03,148736410.36,63241497.72,63826930.36,148739564.91
148738521,50385099.63,-60808366.76,7738391.35,13339256.76,-40257936.29,38205956.81,148739533.6,65332774.72,148833501.2,77626842.29,-41424030.41,-16981838.33,-56121966.52,-74479457.48,423734918.93,146303934.47,-43360200.52,-30039993.09,60292965.53,148739474.91,-1697588.93,83359592.6,148755462.38,148736870.58,48650534.59,71379350.94,22844111.93,-95935504.96,53042833.14,125465823.59,-84050948.71,-13295742.82,42368781.97,-65174147.75,34238609.07,79344449.22,35641462.67,148735035.01,148735949.55,28671786.06,56514259.59,37262096.63,82530310.49,30804262.91,-43109380.72,73639041.27,-67117918.69,-6312651.57,148738746.99,-99067106.26,-35043115.76,-24761675.92,-1509367.03,5561773.04,53456195.39,148734262.79,5647276800000,148736624.29,-82776112.18,148737178.05,93014637.25,-58044967.5,64989491.98,47288539.92,8547921.6,-57374653.96,53314092.23,-81261290.87,-82726997.36,148735170.07,-54424221.42,-800440.34,10954682.59,50583414.57,55440817.24,-4763994.9,2758033.54,148736174.1,148736472.1,28492508,-46859105.97,86070828.29,48962508572.25,-98389511.56,-28290446.85,89560685.3,-9229138.69,-34752206.69,-47557159.77,148733498.65,-87823274.73,148759241.06,148736118.62,26786453.44,50359125.32,148735229.89,27141773.29,72127389.35,148739040.47
148736636.91,-50456810.43,68890846.96,45866283.59,73390625.75,-65153311.69,59235581.51,148740951.77,-34299294.38,148739903.01,-9563121.52,35842837.6,-68790281.78,-75991926.1,-8594787.33,13898736575.11,146304280.54,40647927.88,-92653475.2,-83328264.95,148740181.86,-38228636.51,-26501530.63,148735231.34,148735318.34,61533957.74,-20062401.44,-65563747.8,-44940936.69,-96172328.8,125464408.51,-5354756.88,62376228.42,32627092.03,24686068.84,22387678.83,42969806.86,30491386.48,148736404.1,148734965.99,-49162213.78,-81181204.5,69393086.23,1313751.65,85318010.73,914170.49,-78823293.08,-70853610.86,-88397097.95,148738461.03,23261467.72,59325200.22,-55535172.23,-39115264.92,-81300211.23,-53921596.8,148736222.94,5559408000000,148735255.93,85735766.52,148735133.87,62751797.44,-81226127.46,-10369513.46,64558469.52,-30518174.64,-31771118.85,-73150749.88,64667820.16,-701160.01,148735149.18,12066462.93,15488159.89,-95959830.21,24796173.94,15067363.6,-14360940.65,-5430093.57,148738166.26,148737607.27,-72241976.12,-51702986.13,-67203880.78,50079696173.84,-18818032.34,-47816156.31,60933484.05,-76026981.65,-76051016.34,-2468550.64,148733328.66,99565180.88,148760776.53,148735700.75,78791060.93,-21736395.43,148734933.62,-45127565.33,-55505631.04,148737516.41
148734959.72,-95175744.37,9565240.24,54941338.32,-83592232.23,-61981341.43,82103498.69,148740600.25,67700579.97,148754030.47,-77740524.04,-72678770.32,96524740.48,-60653836.16,-58337091.89,20519108147.28,146303256.51,-46690338.73,-58829393.72,75381641.1,148739632.92,21697378.89,-36523392.91,148741450.79,148734000.01,37710806.79,10741929.59,12540094.69,-70099589.61,-35747820.52,125462750.49,-31308309.36,30954429.32,922275.94,68653607.21,-14868635.55,-41555298.65,-62040064.18,148737649.84,148735385.15,39707465.94,-30304247.98,-73033987.97,-2710395.04,11745067.41,54402403.25,88043087.93,97006471.49,-68678214.88,148737015.21,45001127,67118504.97,88970645.38,-21906169.51,42722076.6,-19927410.3,148738263.56,5453136000000,148734432.61,-1369409.49,148733797.15,30603657.3,78123348.45,-68029998.62,54133737.05,-17869548.8,6200883.18,20463167.63,-58328888.09,61236886.98,148736185.07,87014417.97,-87432269.85,-95099923.54,-70921208.98,16536820.86,-97214470.23,79346813.9,148739629.88,148739050.7,13352139.58,-90295496.47,9297038.67,50741732076.64,30088999.22,-31536930.52,-92841181.91,-89744288.61,-50572210.67,-55253481.97,148734542.67,-90174795.93,148761418.32,148736380.6,7689648.17,-82123080.77,148735836.97,-99018280.65,-83892206.26,148735641.56
148734324.91,-81615380.55,91390986.64,51566342.03,20056932.36,68970568.33,-76685031.4,148739137.85,2709883.28,148737505.19,-77415545.12,80985353.85,17491315.74,27395093.11,-30966143.71,110148737882.59,146301315.11,-27658667.46,-19883557.65,90409634.43,148738307.7,-26465623.17,61912127.11,148739157.47,148733757.58,-58397300.18,34379285.76,-25457493.28,30306572.92,20611497.29,125461786.8,-31428482.75,-90264434.84,14052489.65,68615575.3,-89543538.4,40854036.76,-44099691.57,148737979.08,148736905.72,-95882570.93,-7066065.51,-24828193.76,17463441.48,-3330594.43,34939987.48,-6688277.99,48024533.2,72761449.68,148735114.5,-98013690.78,78586894.26,-9280789.83,45034663.2,33615293.12,7469619.06,148739343.39,5331139200000,148734788.94,-95875697.47,148733796.86,-58877532.65,-20073462.39,13043460.34,39124404.66,76045769.47,98387507.95,71653205.17,-51977410.88,48839643.15,148737602.84,5154276.49,4192502.54,-44984323.52,48841427.58,-937868.07,66914961.43,-34568671.45,148739806.07,148739773.08,84642468.6,8622439.71,99507752,60816282712.93,20404454.11,-60925879.64,-81911456.89,33827716.69,85571277.79,-43147200.92,148736524.18,-99262275.32,148760674.01,148738253.17,-46973551.46,77614328.2,148737415.52,21492196.25,-77266612.55,148734730.95
148734958.43,80153546.2,96022076.66,-33604079.73,-77970129.08,-35751636.61,-42459414.49,148737225.41,33929506.31,148736219.39,28213172.25,74342061,70389082.93,44690257.11,26386636.84,110148736924.54,146299417.56,-22112499.42,-82167543.93,29037721.27,148737106.05,-50930018.68,-38839393.03,148740533.4,148734868.81,6914818.81,-49800371.51,-72900972.87,-70370346.73,-82521726.09,125462006.51,-49254475.67,-77570687.43,-54106344.75,51114712.25,-36857134.65,-69763402.71,75350640.39,148737165.26,148738660.41,-56934106.13,-91287951.59,10919123.67,8121206.65,35599784.77,89735211.4,47489298,5953424.97,11340623.79,148733761.75,37170922.14,18299878.44,-3872789.71,92054267.58,-88748635.64,-30900186.27,148739012.01,5197392000000,148736288.68,-45582031.8,148735039.08,93464804.97,-14068418.35,80919562.17,4539538.6,66248266.89,-53456228.66,76386463.18,-18792540.42,-72157059.38,148738479.27,-30643210.27,-7029766.39,-23942071.68,48910245.95,-99311131.06,5274193.5,58455196.87,148738603.95,148739278.05,25569165.56,-14192643.01,74056099.57,60816281543.23,-52125959.3,65600167.54,88659769.75,-89224709.87,87081439.9,98836306.03,148738274.12,75414876.78,148758797.65,148740196.78,-14533747.11,34771934.12,148738754.68,24237212.46,-68369763.16,148735239.22
148736371.68,-56522730.1,-11653222.26,5491604.13,39720227.3,57798585.11,-66340209.18,148735863.75,95959478.45,148735668.06,96667240.19,-5605734.13,-75794854.91,45533470.43,98393407.55,110148735580.25,146298514.01,-113755.07,31156989.37,88098306.09,148736819.99,34103884.81,-94634761.29,148740557.04,148736872.17,75638115.1,24377732.84,-94334907,84216391.84,-11177142.41,125463185.66,-77507101.84,38474440.03,-3643038.34,-92756968.81,56320613.84,66682436.46,11077105.71,148735684.94,148739709.34,-87253769.72,11099841.11,2284502.89,-70668892.44,40352462.6,56066124.75,35902892.58,-15871941.43,55297828.56,148733704.94,60818732.97,-47821637.59,-2321458.64,-5911332.44,18827827.68,39079548.18,148737582.78,5055436800000,148738222.91,-28368538.4,148736776.69,62558011.2,-31136431.78,-46985493.39,59441199.84,-20493492.26,39132430.44,80817546.75,6699804.48,65695424.09,148738184.91,66448413.44,-40137619.31,-22783576.26,18985188.19,73930851.3,63845311.79,-77000160.83,148736653.55,148737803.78,40513666.71,63759237.23,-73314476.7,60816281480.31,-32880522.06,-92305598.61,-55387605.1,-32244721.94,-97105708.16,31957840.54,148738959.59,6125685.35,148756657.78,148741320.59,-10411630.88,-60440853.94,148739022.62,-48587095.51,93864967.67,148737000.92
148737659.68,43042707.38,9157985.94,36351375.92,9857879.04,11286647.68,-6985129.49,148735749.13,71014334.04,148736321.51,-75928193.77,74618760.2,46952033.57,66442181.87,-10513307.67,110148734772.32,146299028.31,-56824579.34,-94674223.85,-68357691.64,148737672.24,62665.49,-81187170.79,148739333.38,148738805.34,-6566694.32,45601739.58,-27594511.02,-54654965.57,-82867807.94,125464531.43,-1635572.9,-28600882.33,58971359.02,-17000866.14,-68246333.85,60309131.7,-8853761.86,148734448.83,148739565.29,51754899.77,77916619.73,-86800740.65,46381917.34,79749807.31,96641825.43,94927722.65,43757646.64,39343285.2,148735019.95,34317318.5,-3644645.38,786359.4,-11589251.04,3210775.34,2083794.8,148735930.7,4909248000000,148739591.91,34697376.04,148738040.25,-91062808.82,-54264828.61,-73448550.22,-46761933.41,-68391417.56,-41198696.85,61246297.37,35330424.64,-76484173.6,148736762.29,-26684932.11,-58382176.28,-23422109.02,-58457184.62,93482831.54,92597466.34,47991604.12,148734960.23,148736184.74,79756328.46,1264925.96,67551011.69,69753782489.32,-97780306.82,76984317.43,-52891829.19,59109248.02,76568515.35,20057689.83,148738363.46,50094551.61,148754422.86,148741048.99,11783506.64,98948685.84,148737953.8,-31430623.68,18259662.51,148739213.74
148738030.72,-84744957.45,17083193.89,-40621241.01,50047644.05,27681858.96,-24003565.5,148736881.33,51961064.03,148739039.01,-72840720.27,81927209.5,53940677.93,65417170.01,-65496239.32,13898735126.1,146300634.68,83603588.23,-21041554.79,41973108.48,148739184.04,60909020.86,37383905.83,148737619.64,148739725.75,-65822861.49,-5181073.81,89780052.49,-97039260.51,-38898593.45,125465151.2,-75169922.86,26897822.22,-74505970.77,83299733.02,88264933.7,4064810.19,-22884054.62,148734279.08,148738455.36,86086653.24,-93716585.05,-11625722.72,-54255597.25,26452466.32,99726114.39,-13302995.35,-79554183.52,1361088.96,148737063.61,-90681471.99,-41243713.43,-56348106.97,46789450.97,-54228644.69,24814423.99,148734990.64,4763232000000,148739658.18,-33848379.6,148738185.83,-86167827.93,45770764.1,-64125287.11,54795489.93,-23561553.44,-72563063.58,-23187884.58,-92287247.57,26870798.4,148734923.4,-70793284.77,-74151525.07,92939662.63,-35240757.37,-72626819.54,34475019.2,-50441031.77,148734354.36,148735381.73,-45919756.39,-35356743.91,37368574.15,60128783890.36,15642122.31,85186757.81,-16164092.19,95479333.07,6985234.66,-93543637.4,148736984.2,-43258064.13,148753553.97,148739526.44,-21686866.52,51369061.36,148736018.56,-5501511.27,-25959172.98,148740852.23
148737265.65,-70251458.67,-92277484.99,-81428270.41,2699361.23,57523193.42,-27762172.33,148738563.3,40294757.51,148751788.11,23587185.98,39102809.92,26905192.19,13170793.71,78570316.18,16445032890.29,146302449.75,7242363.07,62475198.1,-33625099.28,148740447.75,-97750842.76,-25899572.97,148739690.92,148739222.83,-85517113.53,40703370.65,-90617951.24,91751631.58,-67371588.51,125464578.74,10763723.26,17559478.56,65201600.38,95392834.94,-14312212.82,75540859.84,-94989694.41,148735429.27,148737173.41,-93681880.38,-84500645.3,15917935.21,-3400658.34,-2411426.42,75130370.16,-3871270.31,62745709.94,95284088.96,148738824.34,54318562.53,72752426.69,-34383541.78,-64453022.05,-44846161.37,67336791.25,148735190.54,4621622400000,148738360.12,-54457440.16,148737250.54,-65039294.15,44160086.14,-74346505.67,-91407618.51,14827093.97,97540347.38,-23977185.15,-70037501.87,81479606.52,148733664.48,49682736.64,-9921183.81,5831857.38,62491208.71,17401929.41,23298572.71,-86178274.33,148735044.02,148735871.01,15375426.38,-82766686.02,90387497.69,50758414390.83,-77797395.1,-34798558.97,59371956.15,31413979.86,-53109970.72,-61068287.33,148735733.04,40141528.62,148753934.99,148737475.49,49310571.1,70877520.65,148734180.14,28958124.34,-54757301.64,148741202.58
148735845.85,-84155166.2,-64628209.39,-32158036.77,-13657759.9,62972680.4,-85602916.74,148739777.29,69341883.92,148740604.94,-3939925.56,-7607386.72,7109937.6,51768736.48,7558088.05,110148738462.12,146303530.33,97407431.7,73126331.59,-87358196.19,148740650.04,-20371742.9,83625895.77,148736291.76,148737635.89,-98717558.61,-66434312.9,-13747125.39,34048447.77,-22081324.59,125463057.14,-81950827.77,-13854928.88,-11708042.57,-62607650,76285227.87,-73674593.87,67616049.43,148737420.29,148736609.66,32947301.43,-33214294.95,-84354172.9,33996773.79,-95926280.76,-91924495.54,-67833856.87,94626160.93,-58326826.49,148739474.35,-21348371.32,-22815829,39841443.96,51533855.52,4853331.37,37421749.89,148736425.98,4488480000000,148736353.33,-91236552.72,148735916.51,-41992591.4,-84916919.82,84885266.36,51953270.25,-44158207.31,-63195973.08,67559961.87,46638518.17,28563064.26,148733712.93,84298631.83,50403056.23,46391763.66,-76250508.11,-14605976.48,-21908544.29,53287212.88,148736520.2,148737683.57,-66745430.43,-69030910.84,39919795.66,61592904850.13,-93138826.23,22739190.84,66089887.2,91723673.73,6142698.88,59029703.49,148735402.34,89452748.01,148754798.8,148736121,-78986455.12,-9336175.36,148733373.03,-9614160.98,57566456.24,148740207.98
148734691.43,43332663.41,36272853.65,-54894107.14,17852235.36,95893027.11,-26968933.04,148740150.17,-8004854.15,148850136.99,95153859.39,59726924.31,86803863.25,-47592565.55,-20140888.89,17924739738.16,146303396.14,46494283.59,-34393501.16,78484253.21,148739696.36,50162438.98,18524974.95,148758402.62,148735865,63105844.63,-99374312.93,-97298594.22,-7234726.46,-27715893.72,122111916.24,86803389.88,-83955085.47,52385537.83,-40934517.88,94774450.76,-25107522.14,97905860.35,148739310.04,148737266.99,31024169.77,72538657.73,43308771.21,-95050790.42,26073448.5,-67886300.18,77316959.84,77979418.08,-39607704.11,148738836.67,-92322561.12,29826114.52,-69245438.75,1337885.71,506659.3,83237053.79,148737810.45,4367865600000,148734655.14,14834473.38,148735105.7,-92480745.65,-92184795.31,-81424451.19,63566118.84,-62761368.42,49949958.8,56798607.8,-94110679.56,59560525.94,148735116.95,87955866.39,-1571674.19,-9248354.3,61499766.22,-87095911.98,67961395.79,-98272317.06,148737885.16,148739913.69,76475676.23,-94456811.94,-37921194.15,63343003467.95,-56625439.23,84120630.88,-6479233.08,77648224.74,-60206489.85,65578875.46,148736216.23,88378612.69,148758969.65,148735951.27,-90557910.61,15344845.43,148734108.16,-82032836.1,83243723.85,148738860.5
148734578.67,11176937.1,-22044533.48,-82027345.94,50868939.06,78709393.99,-23238772.26,148738953.73,-44258838.32,148738462.62,-16284357.57,-80475584.59,-15776200.41,-80644589.47,-5368774.63,110148739704.66,146302283.84,34810060.66,-15219155.97,18828057.39,148737779.06,38704527.35,84574724.95,148738679.23,148734838.12,-53781199.48,37083057.46,-12940883.2,-99769085.66,8765364.19,122111111.38,-18207313.65,-37239897.78,30236667.48,-29407430.07,-39384976.58,50841469.87,10240914.83,148740128.28,148738818.24,-45919883.13,52713655.27,-8532247.58,94459850.39,-3364063.07,98625838.4,-57416813.44,-43857957.38,65996290.48,148737387.11,48548008.64,93480752.22,-20402332.04,1818631.95,95779159.46,5351589.86,148738350.8,4263321600000,148734090.63,-3471885.46,148735437.26,78846466.61,87647091.53,78330094.46,5026428.65,-58063352.53,72190665.35,-18423586.45,-76821527.01,36398078.01,148737209.46,90195539.46,-74550316.14,-26518611.87,57640659.42,-73623186.53,4632457.18,83866727.84,148738303.81,148741259.51,-16667466.22,-54570860.4,75106953.05,72968001699.8,83973156.89,-35299591.02,-72585338.7,30073781.52,53631574.08,-61813043.12,148737674.24,-15759515.7,148758194.92,148737002.81,-62585164.34,2070531.4,148735688.66,-78510684.96,-47196003.12,148737413.61
148735753.91,-23404222.17,91040269.11,86590775.61,63706535.92,-94321731.91,77188617.3,148737542.82,35405675.53,148736405.83,97348467.87,49115718.4,25222125.46,26671033.98,98987054.35,110148738326.01,146300991.87,40627042.13,8680505.51,36673595.75,148736010.78,-47187516.26,89930215.33,148739560,148735038.82,35541700.76,2319046.15,93264004.79,80621134.04,59109685.92,122111682.79,-51194719.41,11334166.34,95059399.9,4555222.17,92458281.43,37205523.56,26576041.38,148739514.98,148740477.16,92928624.84,-82622355.1,-22532446.25,-60929349.34,-28951013.98,39755109.3,55331878.45,-19926065.73,10891248.08,148736073.68,62010421.62,91677777.1,-40861877.3,-20863508.34,50147304.64,-25739205.27,148737797.51,4178476800000,148734849.69,-63174398.28,148736856.71,27245898.1,37608045,-89963412.23,-55379434.27,19848682.46,-87849520.13,-47027681.46,99932042.91,81208940.21,148738968.18,-12006696.36,6285095.16,-44413384.77,-78678152.38,-86663300.86,-17784197.75,66441286.06,148737583.29,148741426.42,77538978.55,-19967184.24,79049191.8,81930963496.21,-34630510.46,-79059844.03,66638974.65,-3439408.44,46130081.01,-12471814.51,148738880.39,82106439.39,148756321.27,148738637.62,-2772355.4,-65309850.03,148737556.85,-21428949.7,-42491461.17,148737264.91
148737721.51,-66047640.81,86155199.49,-25606640.79,43573480.18,84706960.26,-79448082.15,148736637.12,-64055728.97,148740492.16,-45460047.4,89277817.49,80160444.36,-73749359.07,3711778.79,41398736279.56,146300406.73,28679747.08,25285685.08,-12584053.33,148735309.52,-44535647.93,36399277.35,148741508.47,148736223.74,-41933083.93,-95053780.54,71784856.89,-57806411.44,-78967612.67,122113440.76,94783821.81,-94404716.7,25861060.18,-38433305.56,90637403.03,-32542773.44,-90845008.85,148737838.65,148741297.35,67236545.56,-89464550.78,83651644.31,-54350391.67,14676027.33,82922472.6,42328491.89,32762911.74,-37011161.9,148735692.63,30432152.79,-47376899.7,-86419175.85,-33382785.76,-89318185.52,-72728379.68,148736329.87,4113590400000,148736401.69,5542097.79,148738649.47,-77083654.14,32716443.12,36625560.88,-41102022.36,16733883.96,80763634.79,77581299.6,-32729140.23,-5557658.32,148739571.14,68854909.24,-60099317.52,-23394344.08,72298725.56,16913668.33,61883380.05,-20573337.74,148736210.59,148740332.93,-456019.39,83807091.56,54007216.66,75055963638.66,82650206.99,-60316704.39,95116384.4,-19467154.16,-50350931.88,-78608555.06,148739035.74,-72702879.56,148754035.05,148739893.04,28922214.77,-34244538.3,148738653.02,81905692.63,-2544806.13,148738228.57
148739515.67,63891261.64,-15757825.17,90810236.17,75560245.68,50699559.97,30431574.09,148736888.43,-50224009.55,148742593.19,65293580.88,-54053858.46,81415880.01,47096870.94,73721202.59,880148734591.47,146300981.83,62213716.89,-45542256.97,58719380.02,148736042.78,80295262.22,-35594684.75,148745681.58,148737590.51,-99800188.79,44051502.87,-89747450.04,99530937.76,-29630146.25,122115555.67,-89810903.22,98468966.32,28331504.83,52737752.55,90672724.34,6066171.14,75949043.36,148736009.64,148740751.26,17616659.5,40364646.7,-18804306.64,5915192.96,-18570738.31,-44236125.72,-3838193.81,11448570.62,85082345.59,148736455.47,-50122049.59,69611465.4,97006579.77,-30878765.67,-53735879.15,98538086.9,148734765.39,4072118400000,148737812.69,-25235762.76,148739833.56,-391313.26,68874985.78,84921830.53,82938297.59,-34493366.5,25906495.05,-10158916.99,-47740609.86,-71826584.42,148738837.53,15932508.26,-47893075.12,-50875426.8,53451197.62,-41691714.23,-49678379.14,-83563163.81,148735089.11,148738669.92,62917901.94,60906914.11,-71930379.28,152055965113.93,-94370562.65,-66106169.65,-86193587.39,61212634.3,-92694250.1,-39351056.5,148737917.94,37413821.71,148751443.92,148740074.55,-70389587.05,-59692532.71,148738507.36,5375850.17,71158445.69,148739620.3
148740226.41,30939455.21,-66811424.53,-47776502.38,-43602232.65,12460218.86,-88005060.68,148738268.92,28952047.01,148745969.48,69713776.42,-92805560.21,-52802758.9,-39549163.21,32512155.74,1100148734079.94,146302465.88,32749940.25,-79366234.51,40196548.49,148737826.95,-63028276.84,-97547207.1,148746192.89,148738253.39,75133131.06,-76017862.72,-94831234.96,-94087174.66,2735387.84,122117004.44,28032919.02,-97261788.96,-49376484.77,-79494961.64,-63473071.42,2264337.02,25401561.3,148734974.38,148739040.03,91089174.99,91539892.47,21607242.07,59969726.42,-92340526.64,-51632165.62,-50002599.11,-50392502.31,-91601623.06,148737872.65,36617276.48,-9130786.61,95731920.48,48272939.73,71417651.53,-1396896.85,148734034.87,4054752000000,148738283.68,-19329327.67,148739711.65,-30442611.88,-49477408.9,-21633612.81,98792895.56,-15378303.62,-95448026.79,-90724287.68,-28745637.55,34253415.14,148737308.61,-87924796.26,-24437141.15,54054392.49,-45179579.53,-11596010.61,-1701764.48,-72748067.44,148735012.29,148737393.74,-92580262.98,-56989295.73,-3756110.72,251055967235.56,43602301.91,-12159110.54,-85068308.7,7113500.18,-28292440.82,34257421.52,148736029.83,68323003.55,148750112.68,148739149.31,4273638.7,-52518834.25,148737370.99,-76027701.13,20615864.59,148740535.7
148739500.51,1362842.87,20051009.78,6336624.94,56049921.29,49173961.69,51115361.8,148740073.08,83634819.97,148747710.03,-86675264.82,-98325439.93,69655444.48,45041749.03,-29732859.7,1100148734916.54,146304036.58,-33404027.31,90766597.3,-39930517.01,148739741.93,32353289.39,57395658.36,148745118.03,148737763.1,-68184351.15,-54429080.62,-47206286.9,-50434512.46,-1721632.68,122117124.83,66334782.3,44537845.85,75732732.3,31952822.32,38191823.01,80199316.45,-79640760.62,148735196.7,148736998.58,-91916176.96,10445580.18,-32375077.58,-60059346.82,22449702.03,16341565.1,94731044.87,-48925824,80410286.62,148739041.11,93677399.81,-18335870.61,-3968662.98,97317507.33,-71659843.01,84908673.44,148734597.71,4062355200000,148737604.51,71279573.69,148738271.39,48949585.85,-53784283.23,-58146769.08,58422033.48,72343739.25,-61034533.36,-44651009.27,48215778.99,22922488.57,148735926.15,-59369009.99,-28586131.03,29929124.67,-37288619.07,-97876273.77,-92123494.23,68254108.73,148736194.44,148737100.06,-43752633.92,-15423392.84,-4746000.3,350055968974.84,72550316.24,-88192667.27,95300274.51,59923461.29,21293028.36,97709114.71,148734337.75,-70615860.47,148749775.97,148737670.09,27118527.27,23402759.54,148736051.52,35427100.01,79090461.73,148740206.81
148737736.53,78847662.64,63888354.88,78831671.92,-64002969.55,-74634727.02,86107921.96,148741510,21671409.72,148751243.25,-40171799.53,-14609986.88,17598425.8,5899556.61,-41551695.14,82648736549.58,146304765.18,-18263532.74,41365422.97,63046631.72,148740840.01,23670518.73,-14700183.31,148740943.75,148736374.29,-34037723.52,-19858276.82,-39167089.46,59964277.85,-99060621.47,122115968.27,-21726302.96,-51757697.27,82359860.8,-34210740.73,56235184.82,-21957822.16,79927201.42,148736416.73,148735646.64,59183187.33,-25328481.39,56672717.28,-9771778.58,-84919217.91,94095868.69,89054777.03,7558096.93,76521200.9,148739171.9,-41091336.23,-95186165.33,-30849185.8,-56147685.16,-69225016.78,-67455488.82,148736385.8,4095187200000,148736266.96,-54726857.72,148736207.18,42021603.37,-2670121.31,-97438961.87,-25467012.18,88451156.88,99596582.11,-7765278.96,-98513661.67,-36763352.64,148735492.07,-51170911.03,-10729492.24,81903022.8,-16917778.94,42042712.52,51181281.16,-70149376.02,148738126.53,148738039.72,32837588.26,14234717.69,86443689.23,356930969518.3,9304396.76,75878255.46,-86461907.99,-21515162.08,-43510690.96,-12697042.19,148733743.87,-40537259.42,148749790.31,148736791.86,-26258527.67,-80314946.84,148735434.9,96729499.2,42659621.31,148738853.11
148735864.36,73201641.71,-84830381.41,-25427935.49,21280990.46,54370301.75,-84548523.05,148741563.12,40074479.06,148739386.2,80194463.52,-60001587.88,-97783548.18,-22107140.35,33977813.57,110148738029.87,146304149.72,-83586316.02,26641243.01,-48367213.18,148740663.55,-37250559.06,21027834.99,148736971.25,148734907.75,-35613989.06,-43088994.42,-59170478.75,45388646.5,15900562.47,122114255.37,55694265.2,-66916418.76,70412670.73,-38959261.92,-99900470.29,28028990.13,-60789270.55,148737820.45,148735635.92,14293527.98,-98043355.22,-27027843.5,36560085.59,4311446.62,44555946.93,-89009663.78,-8095291.2,7331112.21,148738057.49,57783754.81,64936004.73,-83742428,-99587982.84,-73321824.37,37204704.99,148738407.65,4153334400000,148735173.92,-99492965.84,148734548.94,86931887.11,72262178.58,-34691890.08,-67796708.47,66247606.57,-67070495.86,8470208.04,25645846.12,-49333457.4,148736215.46,25602436.12,15804411.02,42296411.53,-21606987.5,-5235497.93,11359918.67,-3441536.55,148739842.22,148739329.15,-10986196.63,1982416.56,-65882542.4,366301339074.38,39828323.44,-93911182.74,-44422099.13,-36353517.87,27672321.45,-5470452.55,148734587.63,11635094.17,148750883.01,148736936.73,-43049759.88,-23621674.6,148735966.78,4742683.72,15720166.26,148736906.02
148734833.11,-77222917.87,-98164950.93,-67645532.94,-72179533.12,-7144438.82,2633236.36,148740337.25,-6316480.85,148738521.97,-96837116.64,-39769785.93,30272922.5,-64885202.5,92121063.2,110148738552.84,146302414.55,-48347434.85,-61893687.06,58947274.35,148739481.75,-77508365.93,54526055.19,148739099.08,148734284.21,-29097767.01,40923371.92,51279173.04,32038136.42,30551009.88,122112961.67,66589915.62,59880462.62,27402298.14,-9822050.01,99052353.06,-8519790.26,96148695.54,148738520.6,148736901.9,64037412.78,-40173401.44,81280578.08,-75329864.41,63106147.13,59260836.54,65937779.69,-77018553.31,-20149204.26,148736211.84,-35812690.63,-94520131.41,-72039730.93,-47466178.85,58892128.95,78584685.39,148739785.16,4231526400000,148735110.55,56651057.26,148734104.17,-30196437.47,-2197028.3,-73108720.81,24955945.54,-48821330.44,40573606.86,-28077741.88,-31274501.99,24248651.87,148737602.62,-20195648.18,25933642.88,7295326.87,-13732709.89,3960982.01,-75686453.88,-70916928.86,148740447.02,148740266.77,-20823780.24,25565633.24,-69083956.97,366301337464.25,-42386395.03,95095612.8,-3384203.85,-13756534.97,78287337.86,-29764179.51,148736456,-48903804.66,148750682.51,148738331.9,12176045.05,39841356.25,148737388.95,6671509.23,-92648938.76,148735580.28
148735094.19,19953321.72,-60826721.6,-99140707.35,-81402404.16,61471276.73,-38627659.52,148738315.68,-21407488.7,148737193.61,21682015.55,62807861.46,20700432.99,39249610.43,27354204.21,110148737910.43,146300404.78,-43581172.03,78186351.14,-30826715.06,148738116.07,38678294.7,20400148.34,148740797.48,148734993.35,41395420.15,-95183873.67,-76009243.86,-97615983.1,-77904706.44,122112768.55,19361841.73,-69139799.94,-4986075.68,-50361.65,-51111369.59,3980391.43,-78212495.58,148738074.49,148738713.73,-4441788.38,5916068.18,-64620569.35,17087171.95,-578046.91,87808488.96,-62204903.2,-18954942.35,51010236.71,148734600.57,19335680.94,94585028.14,-29554701.8,-1084755.13,96744515.5,-20359419.96,148739774.86,4330022400000,148736278.78,49677248.81,148735024.5,-57613798.54,19902924.71,-35355667.82,1180846.27,-10504156.8,-24953849.89,23590095.29,-98180342.07,-58711986.14,148738750.92,22642029.78,-27015208.2,-85627813.44,52531619.55,31973625.48,84426832.91,-19586161.17,148739614.72,148740028.4,21434476.72,43732774.59,49502005.91,375523736014.37,-674235.1,23199155.77,84044645.26,33303561.36,82391.59,-82370692.59,148738409.58,-59224215.31,148749198.7,148740138.73,57447638.73,-80379807.83,148738881.47,5033383.41,-83533192.31,148735474.9