E4,UkxDT8KneyJtIjpbNDcsNzksNDFdLCJvIjpbNzc0MDcxMjUuODUxNzIyNTEsOTU2ODkxNi4wNjA2Njg3NzYsNzI1MTQwMTMuNTM1NjkyNTZdLCJwIjpbNjI3LDI4MiwxMTJdfcKnNzXCp0RMOSxKSDksQUc3LEpHMSxSSjQsTk8yLFdUMCxHWTQsTVo3LEtRMyxFVDIsTkE5LFpGNixISTMsSkM3LEJVNSxNVDIsVU0wLFhEMixTQzEsV0UyLEFCMyxVTzMsTks1LERFMSxMTjUsTks3LEhXMyxKRzksWlAzLFVNMixVWjMsREsxLEZPNixSWTEsRUY3LFRLNSxISjQsWUw2LFJQMixJUTQsQ1U5LFBVMyxTWTcsQ1gzLE5NOCxOQjUsSFU5LFRGMSxWTTcsRlk5LFhKNSxOWDgsR1o2LFRUNCxVWDUsQ0QwLFlEMyxERTgsRUc1LEhaMyxJQjUsWUQxLFJJMyxKWTgsUE8zLEFMNSxUWjUsT1g0LEVENyxMVzgsS0U2LFZZNixWRzQsSlowLFZPMixFUTQsVVQzLEpXNixFRDUsTUg2LFdXNCxYQTMsVU8xLFZSMixWQzgsR003LEtMNyxITzQsV0U2LFdTNSxaTjIsQ04zLFRWMyxYTzcsVVQxLFFDNixWRjMsU0YzLEJJM8KnMDozNDpOLjAsTi41OSxSLjE5LE4uMTMsTi40MyxOLjIyLFIuMyxOLjcsUi40LE4uMjksTi4yNCxOLjQ5LE4uNTQsUi4xLE4uOSxOLjQsTi4xNixOLjM4LFIuNSxOLjE1LE4uMzEsTi40MSxOLjY4LFIuMTQsTi41MCxOLjEwLE4uNzIsTi4zMixOLjE0LE4uMzYsTi43MSxSLjE3LFIuNyxOLjQwLE4uMixOLjY3LFIuMTgsUi42LE4uNDIsTi4yOCxOLjM5LE4uMTksTi4yNyxOLjE3LE4uMjMsTi42MyxOLjMwLFIuMjAsUi44LE4uNDcsTi43MyxOLjc0LFIuOSxOLjI1LE4uMSxOLjUzLE4uMjYsTi41NSxOLjQ4LE4uMzMsTi44LE4uNTcsTi42MixOLjU4LFIuMjIsTi4zNCxOLjU2LE4uNDQsTi42MCxSLjIzLFIuMCxOLjY2LE4uMyxOLjY5LFIuMTYsTi42NSxOLjUyLFIuMTAsUi4yLE4uMzcsTi4xMSxOLjUxLE4uNixSLjI0LFIuMjEsTi4xMixOLjUsTi40NixSLjEzLE4uNDUsTi43MCxOLjM1LE4uMjAsUi4xNSxOLjE4LFIuMTIsUi4xMSxOLjYxLE4uMjEsTi42NHwzNDozNzpOLjczLE4uNCxOLjcsUi44LE4uMzAsUi40LE4uNDMsTi4yOSxOLjYxLE4uNjcsTi4zMyxOLjU3LE4uNTMsTi41NCxOLjM3LE4uNTAsTi44LE4uMTQsTi45LE4uMTYsTi4xOSxOLjIxLE4uMjAsTi41OCxOLjE3LE4uNDEsTi40OCxOLjYwLE4uNjYsTi42NCxOLjQ0LE4uNDUsUi42LE4uMjMsTi4yNyxSLjE5LE4uMjQsUi4xNSxOLjY4LE4uNDksTi4zOCxOLjAsTi41NixSLjE3LE4uNTEsUi4xNCxOLjEsTi40NyxSLjEsUi4xMCxSLjIyLE4uNSxOLjI4LE4uNjMsTi40MixOLjUyLE4uMzQsUi4yNCxSLjEyLE4uMTEsTi4xMyxOLjU5LE4uMTAsTi4yNSxOLjMxLE4uNDYsTi43MixSLjAsTi4xNSxOLjU1LFIuOSxOLjI2LE4uNjUsTi40MCxSLjExLE4uNzAsUi4xNixOLjIyLE4uNjksUi4zLFIuMTgsTi4xOCxOLjMyLFIuMjMsUi4yLFIuNSxSLjEzLE4uMixOLjYsTi4zNixOLjEyLE4uMyxOLjM5LFIuMjAsTi43NCxSLjcsUi4yMSxOLjYyLE4uNzEsTi4zNQ==
DL9,JH9,AG7,JG1,RJ4,NO2,WT0,GY4,MZ7,KQ3,ET2,NA9,ZF6,HI3,JC7,BU5,MT2,UM0,XD2,SC1,WE2,AB3,UO3,NK5,DE1,LN5,NK7,HW3,JG9,ZP3,UM2,UZ3,DK1,FO6,RY1,EF7,TK5,HJ4,YL6,RP2,IQ4,CU9,PU3,SY7,CX3,NM8,NB5,HU9,TF1,VM7,FY9,XJ5,NX8,GZ6,TT4,UX5,CD0,YD3,DE8,EG5,HZ3,IB5,YD1,RI3,JY8,PO3,AL5,TZ5,OX4,ED7,LW8,KE6,VY6,VG4,JZ0,VO2,EQ4,UT3,JW6,ED5,MH6,WW4,XA3,UO1,VR2,VC8,GM7,KL7,HO4,WE6,WS5,ZN2,CN3,TV3,XO7,UT1,QC6,VF3,SF3,BI3
-13061033.96,-3770568.54,158170846.05,-50449470.75,67685054.09,-34946567.94,159510058.93,-25534651.91,159505974.94,-9571150.72,-61877277.95,59001071.52,-69928513.82,159495051.96,-87147410.26,22719315.92,-75169525.78,2388763.39,197451761.02,37172670.32,-2217762.3,28037734.92,20613296.71,159487378.61,-78297873.79,89854540.57,96655413.83,-15135725.99,68762777.06,3940018.11,62220665.96,159482472.45,159511571.46,-87895745.68,80993165.84,99654454.79,158166395.26,156295249.94,-66511155.95,41917788.93,-38245519.17,67543471.85,34980283.53,95695713.51,-82887595.16,41648320.29,43551156.68,159491470.29,159493473.7,80154385.77,94607229.04,-36498361.51,159481074.22,-41873540.15,74532294.88,68510991.26,-73078676.48,-7958083.34,72701728.5,-25998543.9,16529862.26,27442107.97,9618651.9,-9506142.6,159491514.43,-66539258.85,-89546946.5,85249590.24,4806097.28,159506077.02,2188857600000,99535501.62,-11472272.24,-96574340.71,159489530.62,-81605780.82,7345786.01,159490050.75,159500141.37,-64629440.44,93639914.32,-5410210.65,3508209.83,159492744.37,159481740.38,19426165.29,14790261.13,-42898444.92,159483353.02,77757402.17,38751504.44,76889635.28,-21555898.96,159500207.06,-67481455.82,159492363.11,159497826.47,84732288.84,-10582748.65,-17234012.86
-78587477.29,-36774404.95,75119657.61,77979890.94,-85565292.79,60002000.06,159513629.26,74669284.12,159504138.61,46017708.64,-71824950.56,-36913519.33,-1978193.16,159496829.29,50525461.51,71335992.94,-63481087.6,99505745.25,242556823.04,-76598818.23,82865219.98,33594533.88,-22858962.58,159493664.53,-20085226.05,-50373339.38,56497344.01,22663662.98,-46226157.26,45448373.07,91207110.85,159485395.78,159512337.64,50305522.06,-19805231.41,57990766.69,73796763.67,153251748.27,-80989892.06,-2038429.55,-43190312.12,-36297905.98,30095634.02,-85135215.71,16955020.36,-19592109.7,-93006674.23,159486470.23,159487933.5,60129066.46,74093510.14,-14238848.88,925394072.85,87451466.82,12600304.38,39229510.54,-22719687.34,-68078006.09,-4515058.2,25262467.28,69618780.63,-34736630.02,69536480.53,-63548669.89,159497317.71,23691888.44,51717231.66,94435544.59,-63582754.9,159503269.95,2334182400000,-41380951.81,70146887.62,-95388119.17,159483415.49,-24920206.89,96949019.82,159495865.64,159509754.28,73492711.59,-98538181.18,31950819.06,32092881.01,159489091.85,159484105.12,-78620863.88,-47325681.09,78375453.11,159483882.88,-94514612.73,-41462402.8,82176103.52,-33991023.41,159498569.92,-93077430,159487256.8,159494891.48,88431781.61,10233225.19,-70610178.84
19257711.93,-75299008.42,-10228074876.09,58125906.95,-54442147.85,-45353838.99,159513816.41,-2595950.4,159504338.36,-56195402.05,-87486044.03,-97987316.89,10593074.31,159504156.36,73430006.29,-67839048.13,-70251185.89,49074500.98,293653691.12,59402735.4,23251999.86,-70388939.62,47565977.72,159497490.25,-12669285.32,-61515271.47,-24551013.21,66187175.13,-32484415.71,83016973.97,-66132233.26,159491457.59,159508718.32,-39575003.44,13191477.95,-54448457.18,-10313765715.44,157376762.46,99955424.06,20749096.15,-56975902.94,55679886.35,-81434785.61,74388469.83,49474168.56,77377366.76,55587400.92,159484560.94,159481878.15,-63362258.42,-69123703.4,-98033930.16,2948241658.47,-32511839.86,92416761.24,72511309.31,-48062738.39,-84874372.03,67056342.51,-31688322.2,-11696200.09,-14811887.36,-49823623.54,74464248.5,159499453.71,36544774.37,64824080.05,-9339229.57,-83143426.15,159501222.6,2480889600000,-80071436.61,-72185501.14,85971013.09,159480484.04,-30503075.06,92141116.67,159499311.2,159519202.7,-75127470.76,75018305.53,6754403.51,-56869782.59,159491200.97,159489417.36,68576804.48,-43994847.58,10280939.68,159488076.3,88039974,4010006.93,78082267.99,73964440.84,159493136.19,-78672000.74,159484333.58,159490018.23,32834406.26,-88531135.68,-63735194.34
26847016.26,30360204.06,-2298850511.9,-29310409.17,-45244057.24,85125134.36,159512776.46,-31402052.84,159509330.79,64953837.53,-75955158.89,-84270484.05,-43454905.14,159515545.4,-65002442.2,-62417392.87,3860294.67,-4170184.69,395427963.08,95741914.34,-90944256.31,-26481215.37,-98013226.69,159497015.09,-50491706.27,64399585.56,-17811260.55,40325119.84,8823233.88,-78773849.04,49041231.68,159497532.77,159502943.22,-88570914.15,-59251428.73,-83027671.28,-12772103607.88,148109167.21,-54158417.24,-33457367.24,-89864731.82,-31064000.77,-92193634.73,80633182.32,4214062.53,-64945281.05,64743418.09,159486786.21,159481275.06,-25886543.76,-26676060.08,80293156.93,2948248438.16,-48990762.88,32400874.88,-20448827.9,99409084.9,-19925137.1,-41693826.61,-35709990.73,76597758.54,-64877686.39,-1290234.68,-5923322.88,159497040.91,-71459057.42,73009581.55,-37125689.59,-93473135.15,159493523.38,2624745600000,74471301.54,16944295.27,24828884.98,159482307.47,-12252626.46,34705284.6,159498284.18,159525800.78,45793210.95,-98768405.09,-5761845.86,35193319.43,159496065.64,159494528.12,-26538242.92,-72179708.87,66947607.71,159493283.69,-55630076.24,25935322.24,-34013746.31,-92824710.71,159486874.93,-6929342.94,159485509.85,159484612.69,93423900.53,-38951393.76,40388020.74
-15793776.34,80599207.52,-85198908.36,49401063.1,57102824.84,30908532.88,159513983.72,3453078.67,159519693.46,29090624.36,-59142829.15,-74089704.65,49736742.24,159527862.12,-51968565.49,45733696.43,-84775199.88,66011702.59,851002933.82,-29299429.66,-82562436.47,91219474.83,75877775.56,159492845.79,-3818143.97,-37744323.69,96817331.87,97634714.03,64417891.44,-50578226.41,-93923595.27,159500387,159498340.53,-99540466.8,-20964465.67,-96632990.4,-13016791574.65,124110757.17,80629985.79,72278474.89,-13168494.95,-20475225.39,-57832127.73,4100345.71,-7066561.86,86104392.03,-90809143.39,159491740.97,159485074.95,35657559.32,-57913802.94,-82158006.58,2948253335.23,27628152.02,74328955.13,44393814.08,-51649936.08,33785684.96,-2033971.26,-14860334.17,46426494.06,60069310.52,-44959993.2,-14626320.13,159491697.94,-52710580.85,47871376.02,-99524295.37,-23380568.51,159492716.2,2761776000000,97879114.39,24868917.13,-72076404.26,159487891.41,88668431.57,-3738561.32,159493107.77,159528882.32,-38038109.79,-98582799.6,-28839834.82,50037684.22,159503363.25,159496524.05,8083208.9,-95031506.19,88157639.74,159496293.27,55081323.17,-84519309.01,-99313827.3,98320816.52,159483108.3,-95630884.86,159490251.71,159481230.1,52799944.89,-40947808.18,87268618.51
-87253321.32,-44599414.36,-893360931.85,-81254514.81,69295046.51,-4215937.67,159520753.69,-25598304.61,159533905.89,1664558.29,-46811560.28,66820119.75,17591167.7,159538518.08,-66688044.06,20142220.53,-71836149.41,90050847.55,1023173549.64,51026867.76,33330514.57,84250711.23,-56863667.63,159487752.98,-13489480.47,61102063.24,73700582.76,97425319.59,40884433.13,-73899027.02,95885281.4,159498618.67,159524382.69,99932715.75,48276478.76,59023057.57,-14069644481.67,-15586357.42,28699744.77,65505313.71,-66439414.41,-22222899.31,22779617.05,-35422275.1,-28280004.72,34517445.13,-86946601.46,159496381.62,159491013.82,58705297.75,76688429.04,-66327858.8,2948253900.4,46340106.93,-83022129.3,-52981778.63,-41715690.12,83701103.4,-43858488.75,6760880.72,20189517.08,18289746.17,75359109.36,-48658352.4,159486594.11,59273698.36,36403414.94,74066039.38,-68227244.21,159518239.27,2887660800000,12848930.98,-59478313.96,-11162327.06,159494327.29,-98018782.99,-72272790.86,159486427.21,159530635.52,-54969771.83,-68665815.7,75738166.49,23107238.61,159509712.29,159494377.42,-78386250.22,-40285612.47,34780323.11,159495352.19,-6072919.84,39057944.18,-54731869.71,98752011.88,159483708.61,-90558821.77,159496021.4,159483105.8,30287388.63,-64131085.46,-49001889.85
-87045716.75,94617363.22,-3859924445.13,-99132034.78,-15530214.07,46690984.05,159534083.39,-81938881.47,159548869.47,-8172292.49,-11774971.85,17872581.3,98983525.6,159546589.15,29350894.48,-57927383.76,57646674.15,-80164016.19,1685982399.53,-18403484.73,-80869717.37,33614659.96,-32244008.24,159484849.47,-88442625.56,-51425061.56,-59897494.68,73949500.22,27360080.9,2753478.21,69174324.73,159493123.68,159532273.92,-82932168.17,-4098278.42,-62119595.99,-18089063631.24,-191885691.87,-93163401.21,1039736.73,-9761238.57,20843349.07,70912593.83,-67880181.5,53679548.94,34859262.5,74963741.74,159497788.17,159496280.63,-30248115.01,76939854.52,68224482.13,2948250049.14,-24662842.65,-91284859.41,-91664323.21,-72679760.71,18448031.01,-20220302.18,46755460.38,70672903.46,-65923281.11,-83720427.04,76406265.1,159484639.87,81223693.77,-87612747.57,-7028154.94,-39287807.84,159547140.02,2998944000000,33386105.63,-83964284.56,56706467.16,159498212.18,-3350978.37,-15499842.22,159481686.28,159534590.58,-87045857.28,-50684350.29,-13592308.74,-14549499.95,159522910,159489515.2,-13703979.64,76478102.88,-46003664.84,159490858.33,-14657819.46,-56634710.39,-28601802.71,-8965314.86,159488007.51,-80460858.33,159499393.98,159488175.5,87477334.07,82129616.84,71237423.62
14589372.31,-73702133.65,-4228704082.47,-25571175.63,6459980.21,-55508471.97,159552917.3,-96843903.2,159562469.65,22072057.33,-47203048.03,7751968.23,-4046564.22,159554125.67,46594149.18,92473404.25,-6513221.11,29442141.52,588756594.16,-91878440.29,-58975075.16,-18434542.54,-24769820.52,159485917.12,92812119.68,-81205499.03,-70288610.9,2816951.5,16284913.5,-11430135.4,72890400.91,159486776.38,159537437.46,82529246.59,-75147150.13,-17214368.59,-22477263543.41,-291074320.83,45083577.95,14562195.78,-2964130.35,30434041.74,-29990401.6,-20573203.55,51910025.47,6215556.32,81780716.48,159494857.38,159498562.53,2525809.55,-96024475.01,87135209,19330186425.26,50994474.56,59056043.04,38409008.93,69530175.28,-93555918.19,-94163436.42,-9285387.85,46291990.68,13021116.84,68629932.16,-30751250.83,159486841.91,57521349.86,38935310.87,62689558.39,52349582.72,159510764.36,3092428800000,91595673.88,-67577434.31,52239190.64,159497639.83,32811544.99,-58051329.34,159481280.15,159544501.11,-67269429.77,-6591594.65,6939147.86,80372148.23,159517644.67,159484982.85,40799605.06,-87850254.94,-78530508.38,159485344.75,-96205899.94,39805131.27,-86524185.83,12406949.69,159493269.39,-67304904.31,159498186.2,159494453.24,67259220.74,39684725.8,-78128737.14
74566402.45,4995113.33,-540423514.32,91658130.51,-73922785.7,7519475.15,159565009.29,62333763.36,159565057.07,12806274.39,78363925.12,33731917.22,-23757347.78,159555241.23,-61815916.7,22553439.57,-94290097.13,-24348902.75,978532067.58,-5749413.08,41170128.17,-95326144.44,-49910496.45,159490382.88,14779213.74,98163656.31,-38130448.34,98176113.88,-3856845.54,-89229310.92,23256256.14,159482849.28,159541390.54,76163635.64,-31436024.23,-76530980.34,-23177181785.63,-461448151.14,-50163138.42,-67998588.71,-69759051.64,-11234009.67,-59145022.81,-58347429.12,9825797.71,-57064059.33,84291463.95,159488978.23,159493632,57663037.9,-98405339.98,-20625667.52,152737380351.11,81098520.31,85505804.82,7059777.11,-30459658.36,-60054400.66,-15540389.53,27769224.11,-26033631.46,-92696226.54,10144993.46,43392019.36,159491751.7,-90457150.49,-9096124.8,-32329787.43,17697810.44,159515444.61,3165696000000,-94842498.89,86293518.4,-89961890.04,159493256.67,-69786668.55,45383063.22,159485255.69,159552564.19,-27823810.75,-34090806.35,-53829759.07,-65297907.39,159510178.18,159483684.06,-63886255.5,38821308.37,31843575.57,159482016.94,-76400964.58,78364481.58,-56797201.98,66252155.81,159496290.8,57318870.49,159492737.72,159498444.14,83011675.97,-29430988.94,69621119.93
73260458.47,50791650.65,-5430235175.84,-78421895.98,-82624738.28,69300231.14,159574369.21,81291440.56,159565483.04,62463754.36,-18112838.35,-4689326.77,36996111.44,159559972.06,-50657031.71,25798748.31,-34641621.8,88961321.2,1230573315.58,68801155.86,97654701.12,65077809.95,-56301918.66,159495861.4,14412662.58,-76689237.76,-24902365.75,62536512.52,-8481836.81,64326350.32,54127725.22,159483539.59,159572114.64,-4311241.96,50891136.76,32102241.94,-28766908883.55,-1747966687.57,87154702.11,-23573612.64,75389303.1,56186591.62,68214748.81,-515614.46,-65142429.38,51942370.25,-44412501,159483286.94,159488527.17,-20080544.28,77877188.9,-47696822.75,152737379411.89,-95406178.52,-47733271.14,60196529.32,83874824.71,-62822030.04,-99938481.68,-7320610.24,63756575.73,38419492.39,-79998703.86,-40667370.43,159496316.37,-72576330.67,-27552806.89,-66981272.5,48461244.95,159540981.19,3216412800000,5466284.3,20961765.77,89426615.24,159488025.73,-13187574.65,57936873.19,159491385.84,159564447.8,-88530405.24,-55105564.84,-16677850.47,-39007525.53,159516624.5,159486690.11,-83883686.11,89035789.24,-75371343.46,159483348.99,20458807.46,69119700.59,63666425.35,65455273.01,159495316.29,3558528.3,159486097.08,159499870.98,-83186062.73,-20919243.6,-13579722.21
13238755.54,-30528183.72,-263577956.55,12555951.6,59925971.37,-40060709.43,159579901.34,-85746871.83,159567084.54,50545429.56,-43792584.02,-15413536.6,73360091.96,159569538.68,95022433.25,35717974.79,50250698.47,16906011.39,398658218.03,-58210834.83,89430924.07,76849916.92,28190173.56,159498927.59,-59320668.38,77314754.29,25930305.15,-6755027.98,-65468040.66,-96302564.45,-27879154.33,159487904.63,159568207.17,88078063.67,-96046455.12,-98291514.92,-29189975643.85,-2141638143.65,94627502.19,18746028.53,-9174326.56,53013303.91,-63640925.38,80671631.97,92579739.33,3917802.71,21084473.61,159480927.85,159484631.03,-75979834.12,-39328355.14,47525323.76,157071910564.3,3284571.05,-86990528.41,55224103.03,64473030.11,97921012.11,-29859428.2,23094648.26,47282707.02,60608164.63,-92764561.23,-22718121.83,159497646.9,1363088.93,-66267038.5,6446072.35,-45467849.94,159511379.77,3242764800000,-58661385.17,19746450.86,-74543995.67,159484974.89,70633153.53,-86295992.91,159496223.19,159577085.16,-13551717.3,89713040.9,64736525.63,-41550259.74,159512189.2,159492588.29,-43618915.95,-1175345.61,85258323.72,159488645.81,4763317.72,-5626055.6,-81453182.45,-71699105.69,159490835.78,24174062.59,159481477.7,159494199.39,80495084.43,-37143396.63,11096709.43
5575521.89,70467253.89,113896191.57,9809463.7,-64405476.8,54354303.2,159583025.15,98753742.17,159572894.4,69499287,-54073967.62,85493671.6,-18737883.88,159582702.64,68091115.68,-76586337.09,-1529901.36,10504408.05,251634635.62,-35027888.86,-22941860.45,1885043.37,-26399833.1,159497617.96,-22337115.57,73727271.51,-74585386.58,96766728.65,-3355136.67,-83455386.46,700805.26,159493255.58,159562224.34,-78664414.62,668999.69,-84821574.73,-29235566331.26,-2251195717.43,19110918.25,-40668862.22,-51795186.31,3087936.56,-5728609.34,3425441.77,43350059.95,86110894.74,12097442.97,159483288.98,159484470.1,88006009.09,9678148.84,46628305.31,157071915740.72,86317462.03,30826817.09,82705239.97,31324372.61,54980141.68,-42883356.78,15560282.27,15904029.32,65446682.54,25595030.72,-13100537.44,159494698.82,79788435.29,12295022.13,-6507567.88,1683770.61,159493404.12,3244492800000,65807490.21,-81028763.74,-24495000.69,159485981.53,41223039.24,17207938.26,159497244.37,159587489.24,23553733.08,57511216.63,-71387860.64,83317749.17,159511228.35,159498238.78,86814733.32,-36351476.52,-28624343.77,159495314.95,-86330486.12,64725252.73,-14420296.61,-61680828.9,159485518.26,-63446034.05,159481303.69,159489228.35,76176190.08,64581576,65910977.77
87727017.86,49689942.29,129449568.25,25570051.31,-74761182.14,25769087.52,159586832.9,-13329966.58,159583978.28,-42845928.4,-26168992.61,72068505.66,7493137.21,159596480.45,93638697.04,-88260783.33,81988809.83,-22299042.86,225743611.9,45671480.89,79661165.09,42514579.85,93559645.8,159492358.26,-84598560.9,3440440.36,24877433.4,-8339788.97,31910512.35,-10477037.06,49313424.33,159496384.83,159557496.97,-80952899.49,-44831744.05,55475537.5,-29265603722.17,-2433288335.52,-77725341.55,99813809.5,-71860557.82,10968359.39,86083257.55,55380699.82,85430811.03,81027406.76,-29729166.57,159489222.7,159488402.22,6112029.27,81407409,-42478396.86,157071919713.05,-12199114.42,93151380.07,25029846.4,-32389174.14,-70114482.96,-67409791.61,6527006.34,-91134199.08,61170060.48,66688216.7,51332097,159488909.1,-10106552.51,74178104.1,-74774037.71,4735701.78,159495023.2,3221424000000,-29446315.44,-91612886.22,-49152629,159490461.26,-14768617.16,42676343.83,159494152.83,159594456.6,-51036784.97,-82955421.71,-72006611.99,92077694.07,159512976.59,159500521.69,-3464206.11,74116930.11,41306213.68,159499880.85,14912398.59,96609375.11,-44121125.24,-43290792.19,159482595.07,706016.96,159485546.04,159484672.85,-95283312.55,-84404931.85,83202430.19
40068885.43,-34320675.09,-192452592.22,-13116411.71,43611470.39,80980667.56,159594550.47,-60181928,159599114.77,-56304623.43,-3621113.9,-41042328.63,-58263227.97,159608094.69,-34586777.38,68739312.73,42244244.94,-91567629.28,189758121.04,-18607072.11,65565450.34,-46176954.06,46235089.94,159485814.34,-25183352.22,-50796922.47,7346805.35,33482208.89,-18492751.67,-58168140.79,19032675.88,159495471.61,159556776.76,40580148.91,-1634230.99,48480417.22,-29617545061.26,-2509234431.64,-99128133.15,-72962066.03,31867348.42,-66988905.02,16706444.7,-52802155.01,49923656.21,-12163232,-31989712.22,159495679.53,159494376.92,-25790993.15,13078533.61,-26992591.03,157071919961.87,-52981893.59,70817088.67,-66546687.26,95321557.73,54354309.82,60529399.1,-45496648.82,-3583910.79,-91196367.09,85603442.12,-72866553.02,159483422.39,-73212019.41,-45377332.19,15808163.55,28875836.06,159497258,3173904000000,-82554267.5,-86243793.3,12275800.79,159495760.14,-22627443.55,24248309.09,159489028.89,159599481.06,24028893.86,-30636217.73,-25075444.03,-98278569.72,159516795.27,159498092.44,-36697237.13,36180731.51,35309566.53,159499995.44,43791931.56,15878520.04,-6712983.1,-18458452.34,159484026.93,74014900.79,159491825.87,159483132.88,29531778.63,-92710774.97,33128542.35
13810105.63,-51522862.28,674735400949.41,4275766.28,86051637.51,-10703108.6,159607366.74,87425793.92,159615185.16,86852656.15,52249410.51,-52205850.33,-89129139.8,159616248.84,-33477464.65,-97386512.53,52294848.56,-53087770.61,1816186225.98,-71937815.39,-28598393.08,81504476.72,-70993553.83,159481425.71,-70212523.53,-18369700.8,26741895.09,93535405.21,99758181.56,25797734.14,-55411573.66,159491105.02,159560674,40864941.83,97019445.77,-36224914.51,644958364843.92,-2881803700.78,95639437.16,49360060.56,20430486.38,52345917.34,82927674.12,-90178366.82,-24616950.49,8105439.93,-68925474.64,159499380.22,159499068.89,61864012.27,67644379.91,-76832794.24,157071916141.66,18094153.69,65795988.92,35457770.46,-33216845.65,-34091993.82,-75836524.44,65733696.01,64130390.89,-79702316.59,-83567099.54,-55962986.06,159481337.51,49436614.97,43492443.56,-10955202.1,70458933.72,159759495.09,3103660800000,-12099243.02,-20261983.64,84283423.94,159498661.34,-13952895.23,-82501642.77,159485103.5,159605553.82,75996880.89,-45031439.97,-68540912.76,-40715136.56,159525162.09,159492154.98,-32206077.4,94444091.8,29705381.75,159495709.2,58807197.02,89329850.37,-8607843.82,-7315088.44,159489349.14,47227864.79,159496742.05,159486961.69,55072248.01,-62364176.86,-43194776.69
-88532887.94,-64241632.09,203083544412.67,17255582.38,-4644988.27,97644924.65,159594393.42,73934213.48,159647522.46,-34195791.59,-61750608.35,-44510220.41,-94977283.73,159631074.22,-35574022.42,-220583.08,77941019.13,-94710401.75,3043600018.62,-8207850.29,13602563.41,-72500089.48,-80311883.2,159481548.04,80843741.68,37990614.62,8072429.62,-89211254.2,32336184.94,-52673932.82,-73259677.08,159486005.98,159628697.04,-21765291.83,-76346328.45,-73845879.03,847882416796.7,-3133628418.37,15741954.28,81654676.97,37361963.43,85643669.43,41142306.98,92381624.85,83289466.14,25574251.02,36013341.7,159498393.93,159500230.68,80576915.51,78674801.1,-93798326.49,157071910309.1,79357535.92,-53749575.65,27739457.94,-20452904.56,-3238076.58,20569858.36,12186224.7,55567862.27,-62925411,-40412757.18,-91123557.99,159483960.47,99299412.97,57139853.29,41733362.23,-183521.07,159528811.09,3012681600000,15437822.61,84075237.1,76249097.54,159497300.28,73185851.92,-94263721.7,159484913.31,159634004.73,74931102.41,3439487.9,-63464986.11,-43311914.64,159525741.13,159485787.11,79011956.92,-58173574.41,-26783059.76,159489523.1,-61948896.25,82542515.67,84397285.77,60856299.52,159495911.25,61116985.59,159497834.31,159492278.62,58414955.21,40494785.01,35487157.5
21477903.98,88744424.61,47276996602.36,-75164907.55,-6339920.52,-81642788.61,159647100.14,49179567.56,159683199.71,-54646603.42,40864973.42,38619406.56,83657567.39,159672089.87,43682205.52,18669015.64,93942263.02,48414322.96,860811343.67,-8814696.5,29038454.82,-14494413.42,49913073.29,159485977.97,-10158863.69,-49011861.36,10396855.98,26607670.46,656874.87,-89241199.28,-85535609.87,159483203.93,159634635.47,31060369.97,-953202.93,21368533.02,894999921187.69,-3537814772.57,-3348723.11,-43007885.62,-72413883.17,-46411337.12,-20696895.14,-58984777.76,92135662.5,12113122.46,82147325.52,159493817.29,159497610.94,-17936827.39,36044181.67,46243939.37,255464182051.91,-49423686.89,-21670696.06,-74459219.41,84050823.7,-60043946.63,26609619.66,54541065.06,83221590.14,78589421.64,66245553.48,-86620643.83,159490049.91,61567510.43,-40593157.21,-12650472.99,-22554200.85,159538320.79,2903472000000,44476026.82,11352371.54,89194246.81,159492002.97,-49837118.05,-10273102.36,159488724.03,159674352.62,38378751.14,-51268744.48,-37849265.18,55401961.25,159522868.89,159482289.36,38415222.77,-28651126,20743824.58,159484587.03,75088778.27,34546550.49,-40773904.34,-58509814.5,159500222.19,-49797598.36,159494674.67,159495878.2,-99449693.15,59844801.97,43384908.47
-94352200.39,81784299.67,67553923731.8,54781535.78,13593834.27,83154317.58,159659096.2,-31545806.25,159688732.98,-25017647.66,38893129.53,-90107279.76,30763190.66,159715748.59,-76213778.95,-58389538.72,-62219691.98,24160515.89,4205653405.29,58455763.36,61096796.56,83815232.66,-62909458.82,159492369.16,-97982328.98,84000680.64,-7571802.5,-51312152.9,87590726.53,-75460488.75,-45142026.72,159484722.03,159636893.25,2645245.09,-16303806.57,73239848.2,962394354352.47,-3621105543.75,75290424.96,8875333.45,13743952.52,-93484902.58,-5319643.24,13505718.15,26323878.26,-29233231.96,30253770.13,159488346.87,159489266.38,30092356.18,-56705168.69,89367463.48,319808377086.94,-64960803.2,-75739642.75,1651279.63,82756364.24,-61220486.99,91931109.69,-95410543.56,7735120.65,-42922024.72,-32021162.84,-23242129.79,159496483.73,55097227.94,61899984.15,-48938819.13,-12322831.33,159538774.5,2779488000000,-59402919.34,37273834.27,-9525036.07,159485585.97,-17075720.24,17589774.71,159494527.21,159726778.61,45554126.62,-34330506.65,-33242249.89,-65574850.68,159520364.95,159483334.76,75507496.11,58350847.11,-68632073.87,159483607.21,56309350.36,65833136.04,79623117.09,70575971.1,159500058.49,55191965.56,159489497.77,159496346.13,-76448719.03,-8067554.4,-96759355.38
-74500836.61,83788578.28,28663205432.22,45499963.95,-92827410.04,96614680.23,159688356.27,24338732.35,159685932.1,-77011691.6,-67782244.18,42462792.1,-53402788.33,159684699.35,48351056.19,65371063.47,-80248862.19,-38753057.21,1946957570.68,-63802385.05,-57156749.71,19909320.87,51494845.82,159497308.87,79754299.52,-91016528.72,49408187.55,-22486572.02,-2763798.98,-31848030.73,45320194.24,159490032.11,159634488.21,43586760.26,-99876547.08,-47043751.61,990898071106.47,-3633148713.73,-7903138.8,91301066.12,57858195.43,81090618.43,-40473708.31,96833720.11,-4093642.81,46824449.01,13776116.79,159485185.21,159483428.6,99919360.39,47456424.08,29971030.22,319808381125.66,8782068.05,-55666215.33,-58656417.62,-69393940.74,37280494.3,32344838.84,67451729.31,-61882565.59,-92268355.37,-84722538.91,58708113.95,159499976.16,-10407799.94,-21915287.11,57342859.32,94084462.04,159525200.99,2643926400000,22888316.47,-50668640.97,49742338.27,159481451.46,81465580.34,74060528.91,159499016.56,159719113.18,-69117449.13,-22768351.91,-46964383.91,-28997814.11,159517589.05,159488083.1,27051771.82,-17608448.42,75152888.31,159486815.83,-77218911.64,49520171.21,-27101140.22,11736346.88,159495551.61,-58925986,159485534.87,159492540.78,-50510849.98,-53858105.95,-66501347.61
18239819.28,-16401982.44,333202308878.29,-17519603.1,80233094.92,99330365.47,159683963.3,6425608.67,159721021.08,-62877814.98,-37432215.27,69205341.48,-9058149.55,159689402.87,-21969585.91,67194197.46,70832238.66,98992616.32,1125266128.06,-93950856.7,20648632.81,38177344.08,21048390.63,159498290.31,3262555.04,69629956.78,-69166706.92,-83664447.59,5461347.72,93093955.98,71166908.26,159496414.26,159628977.28,33927149.37,-23740683.62,81513972.59,1323940892085.9,-3684343130.2,-45522946.21,-1666441.61,36495723.27,-4146735.96,-45957911.55,-15155020.13,-39129919.6,-38710017.63,-70351866.86,159486103.66,159481319.8,40998836.88,-41098005.03,78575868.68,319808387769.15,34758039.34,96723872.81,-72516628.74,-7406227.21,-82007451.7,42112996.3,-48575071.12,57184868.61,-13757204.36,-45537939.81,-24134193.94,159498883.23,-97241232.53,81898491.13,-23890073.56,6372718.47,159520113.81,2500934400000,54904708.22,89001936.82,-46003054.59,159481815.75,-7829466.16,97480901.71,159499505.38,159743774,-9858389.45,-65756185.05,-64979485.85,44395103.3,159519995.74,159493694.75,-40010994.59,-96779771.13,-46317135.28,159492060.13,-48055196,29531773.18,-44381479.51,-67834269.25,159489155.02,7668703.06,159485254.89,159487104.35,86877359.22,83090506.96,26068723.79
-36166634.06,-47173372.9,508332413743.83,-28611559.56,33687328.65,75303612.62,159723265.77,8523372.71,159770785.72,68793913.41,160342.18,43653844.28,74015269.54,159734420.72,-37913886.28,-92555555.02,1884252.46,50022023.09,1738517458.98,-87573822.05,-18138574.86,-76150038.01,-50141347.11,159495109.76,-40986732.6,-54542584.58,-92832352.92,7638246.09,93915237.99,-3917336.14,-11000610.99,159500488.99,159756179.74,49369721.84,-11814085.07,-93456461.55,1832113816849.08,-3721937229.32,-12498966.74,-84084136.48,-84754593.75,-8741147.68,-97992596.28,50672406.97,88374824.75,-86873438.82,-23270303.15,159490448.72,159484153.26,22451894.81,75725595.09,19537935.67,319808393618.47,-35040195.75,-10219234.9,47502073.37,-32563151.92,40292789.98,36738996.88,85214711.57,-38599108.01,-25750374.65,70116310.43,-58282159.47,159494084.86,-47288610.77,25417623.34,44981488.63,97780242.8,159528513.42,2354486400000,78324922.77,-79110043.93,95094447.93,159486509.03,78338336.74,42749051.37,159495479.37,159782974.32,-60222497.84,-33599666.79,68439935.56,56467563.81,159528512.43,159496959.68,-55685513.42,2607585.04,-35395930.02,159496121.89,33126051.03,-62737975.27,39517526.82,-70628431.21,159484287.32,-45299412.03,159488975.52,159482830.05,-55526842.97,86528208.32,-68813241.84
-18869637.06,81781248.07,94550760364.49,21018140.56,16332408.53,18185677.8,159774696.36,21095435.75,159833013.1,33463140.47,-22693642.66,36580323.4,2668864.33,159792433.22,58352184.49,-23222379.11,48198631.21,85260285.57,1632440084.83,-74975060.01,21495040.45,36144496.81,73195739.2,159489888.95,86043339.67,-54056192.71,12863928.47,-17190747.47,54013842.38,-95611611.98,-20264986.01,159500029.27,159753854.97,74373113.9,-24933627.71,-92989791.22,1926505085609.03,-3660684491.2,-30487771.35,-63033595.62,49562530.89,37234291.37,-8229029.81,-50962270.15,67184065.07,10432024.85,-10472887.59,159495532.82,159489563.62,23870711.99,66489137.9,55584846.31,342181723432.58,-9325731.16,63650446.44,-91540634.85,-66373820.07,26584804.63,19761803.9,7104863,73626901.52,74812733.6,55929880.77,32043914.28,159488452.39,-59305636.45,-35907345.17,30736179.9,32192687.45,159532631.08,2209161600000,-84141849.67,-931848.11,-79563872.54,159493013.09,-93147317.03,-6618825.62,159488902.4,159833691.58,38150445.93,76314706.34,-58237599.87,23464469.78,159537280.14,159496118.53,69610984.56,10720492.44,78101463.34,159496479.84,25374918.22,-56265198.86,-17758207.19,61118379.32,159483412.1,11994823.27,159494598.63,159482261.11,55980800.96,-98328551.16,13691655.64
43439241.58,61100415.15,398499765651.49,98470606.6,94638305.04,86287688.74,159833212.35,71930887.25,159906958.35,-23072063.62,80398902.34,24281433.52,83053202.47,159900086.71,92981776.15,16970069.06,92092997.55,-8880357.04,655020696.08,9472128.55,48809961.32,-20510356.44,-80464612.53,159485882.85,78244213.86,32185074.52,-62182251.03,-88020239.32,1247107.73,-95329509.24,-98165357.3,159495291.91,159890570.12,-80639198.84,-88879824.45,63500184.62,2324845356741.09,-3567616879.71,-57203569.01,-28242922.15,93377684.57,73561449.11,77935100.1,93457057.09,-68098637.92,19840035.36,-59705919.63,159498195.57,159495173.31,-2135756.88,-69180936.16,91172951.03,342181720814.38,39665529.58,48902606.92,-6576846.19,76477692.37,-14967543.95,-48964924.74,-44190310.23,77272501.79,68432411.19,44265193.86,69182776.71,159485206.95,39559735.24,170966,40043022.65,-39771506.38,159540982.91,2068675200000,11943797.43,24773541.14,-82213664.58,159497933.84,37153985.4,30366803.52,159483183.4,159895389.43,93967366.31,56886356.65,81064068.82,43086379.05,159544030.63,159491846.44,-43394333.81,-56686284.22,76296138.5,159492888.67,-15990227.22,21568990.28,79006082.02,10163340.3,159486719.3,92020674.24,159498879.78,159486610.25,57458653.93,-33539331.07,-51092220.57
26710837.21,74217040.16,1839190771877.28,54836689.74,33083075.39,-87585888.45,159857851.36,81543504.88,159869573.67,97598150.77,84354475.93,28225528.72,-78067245.72,159862914.22,99713093.8,-53481229.41,3771167.16,38611090.92,489504481.59,26997903.92,66404935.36,25121484.54,6620830.8,159485546.73,-96412393.01,10273720.49,64001926.35,70914988.03,81071612.69,61950308.3,-52004369.54,159488791.45,159895409.4,13091120.34,-71492747.84,6720686.25,4163876632402.18,6409191237.75,-89332499.41,-28287740.91,-59681288.76,-90025727.36,-80849009.81,-40247915.07,39883936.94,-88922187.09,12093780.5,159511118.6,159497542.36,18860436.5,-58345320.39,42758608.38,341803851939.63,-59896023.39,85619555.51,61752511.21,78529047.48,94657011.64,98599890.66,9524022.89,83400550.04,36190743.72,31034418.58,-30854216.09,159486097.93,45391369.4,-96271565.53,-9041098.11,-84897097.65,159762770.21,1938038400000,42379810.13,63839570.96,-14505164.5,159498809.18,66721800.85,65049306.95,159481275.42,159851572.36,61020655.86,3934778.41,81400965.22,5013802.3,159545412.46,159488293.06,-12803909.06,26168233.92,-94842491.37,159487404.29,86473061.72,23272163.68,-1689268.53,61748887.69,159492040.94,29624779.26,159499188.03,159492965.01,-19974262.87,-89817965.08,70527677.65
-63886681.48,-71090500.34,3684265679.03,1407442.52,-35528086.33,57486007.39,159827972.03,99799761.96,159830979.03,22038784.44,15518427.68,-77213737.13,-93703568.1,159821075.35,-21675623.36,-97235737.73,50658961.51,45496464.22,177743139.15,-86897043.22,59166369.81,-71480980.65,58046426.02,159489155.47,-5846721.99,-99420933.76,46104283.04,-25415006.22,-9611489.15,-7618631.15,94999979.9,159483958.98,159828391.54,34301898.28,-31913348.69,8378115.56,4167401402319.57,6394255547.65,-48049400.66,91588741.41,-20410007.71,-98759428.13,-65511642.41,-91226765.58,-45479070.51,-56759000.26,-85328975.25,159527269.06,159495693.37,81782297.72,60403203.36,30723232.26,341803846390.2,-73131155.21,47406369.6,-81324017.01,96495637.25,89762522.21,-82501861.57,28844892.74,76950915.53,80265840.31,22727111.83,-82234755.13,159490430.1,-41286708.55,-96399872.22,25385952.65,-61194081.86,159535823.97,1819670400000,-86404144.56,69818473.71,-27662367.18,159495497.25,-18493154.54,54611497.17,159484069.78,159815738.51,-45850203.16,-79193939.62,45335725.35,-1053216.98,159540305.96,159489302.52,-13731257.45,73265747.54,-96961839.91,159483294.99,42014701.63,-51580275.98,-22514935.49,-48374053.36,159496138.72,51599052.66,159495076.56,159499762.29,-81006290.83,90900150.08,96370956.24
-65984897.08,98660106.38,-165480720063.09,5205852.17,-32418270.58,95720312.96,159798965.92,9827730.85,159792223.06,-80693232.15,-88877665.81,74130006.62,90120115.39,159817753.53,-67613729.74,-90055566.41,-44392465.75,-86362918.55,1689867050.41,-53601683.78,21140755.63,-4339907.01,94364138.88,159494620.41,-98906887.78,69060225.76,-43073785.5,-82289822.84,-58975497,-32377784.63,-38102276.79,159483213.44,159830028.39,90367910.73,-91258343.94,75153498.5,4001761188932.17,5182391372.48,22402172.59,-82091327.5,45655959.85,-380675.12,-62712969.41,48910952.92,-1521428.25,70738335.78,90199651.48,159485316.08,159490922.35,22033106.97,6221267.6,-87490345.93,337284328280.15,51935428.9,6041923.75,65350009.68,37719330.55,-70776847.87,-34878960.84,14510783.24,64872754.74,-92008740.44,4685704.48,-69215955.92,159495486.51,50506463.72,92127421.56,-99686925.8,-3463517.25,159577731.14,6037459200000,-61373419.47,36616418.6,-93191016.24,159490179.73,-9769681.8,33189433.75,159489915.26,159788446.16,5007608.65,86337115,47058853.87,5245775.63,159534736.47,159490962.02,72978999.75,31477986.24,9386032.67,159483130.78,57620362.38,40727867.76,94695712.7,-15456583.46,159496560.65,-72489829.34,159488547.28,159500457.12,60322239.08,84867136.87,-10558592.65
-59544633.8,23305916.72,188047469.97,-9116216.64,-67320356.95,32157299.29,159794829.56,-20851073.6,159815096.29,74912888.91,-54581719.6,96148904.71,94170324.72,159785557.24,-19158088.61,-4643534.51,31137737.2,-44912950.01,424173489.46,-46979913.32,-55529255.01,-5073917.15,-67825128.85,159498701.71,95771138.61,66353059.1,-18095763.26,-56576409.53,-92181153.18,-99353940.93,-50716597.46,159486676.89,159827398.75,-5540220.93,-53594779.93,44953273.87,4001789746306.5,5139364377.44,-64339093.54,98965086.66,-18753852.98,-56845323.55,26429955.55,8158221.87,18873913.54,10328732.48,-78491428.36,159481706.02,159486263.91,-19642493.83,30575936.69,82764188.16,337284330186.66,91109259.59,28117979.8,80373949.61,53638303.46,31513614.91,89919738.8,-42304778.09,-75076537.72,-33016192.9,84459417.15,66502969.83,159498104.42,-72773323.17,-77761347.52,89155601.76,61737105.94,159524328.55,5954515200000,22976201.73,26135127.9,-33848948.63,159486113.96,-53856233.94,61617044.35,159495575.28,159822205.9,24491002.73,-7939318.09,500831.93,65609460.01,159531320.12,159496206.15,-19989971.96,54580015.93,14248853.27,159487345.32,-24361695.11,-4049144.33,31199873.79,49893.27,159493059.61,-41193901.31,159483002.81,159497078.81,38507477.02,-32936145.38,-43967357.26
56133812.11,95175757.1,24481988374.35,-33166309.8,65919058.37,85143558.57,159846761.72,-36094385.12,159834808.92,80927551.33,44468687.21,19689396.76,-44994345.48,159819197.14,-78433929.53,47808311.13,41059349.38,-61601248.96,363182874.9,43066174.49,-10131264.79,1567942.45,-91982102.69,159498840.74,8142208.15,52293579.58,-45282365.89,69385652.82,-5085470.65,-70926344.16,-99283899.79,159492122.71,159821813.57,-61771996.81,22287385.68,52120696.28,4026112247032.74,5528674812.73,-9248168.95,-99519615.53,10032892.1,2331043.2,48140246.29,67660805.21,27694810.4,-38068401.96,57821092.22,159482718.26,159484676.98,95546376.75,-40843252.42,-45591379.3,337284335021.05,28610388.45,-31504131.03,9459599.2,-99406408.21,-21434758.74,-29560963.02,-47104655.43,-70704072.28,74135965.94,-7447535.25,57345418.57,159496508.95,-94167341.62,17293229.01,-89132705.89,-26795969.7,159537512.88,5893257600000,-22839899.64,-45538133.32,55381766.34,159485731.68,3055310.55,4258973.11,159498036.02,159858546.11,-16583164.69,-68543451.55,-28089150.65,-9872072.88,159533053.97,159502286.65,5104462.73,88572195.05,199723.79,159493898.25,62353771.84,64661776.66,4261410,13741400.75,159487725.26,-64936736.16,159481341.03,159491362.27,70335466.9,63873283.13,48808916.54
-83203069.09,50587044.03,159483592.29,-73652516.82,18905908.54,27816036.61,159805930.32,-65673109.84,159800319.62,24978258.53,-85439738.5,-14655808.12,32026060.26,159812684.88,62313475.83,-53826807.78,62960949.05,-11374661.7,185538846.28,4729971.96,59993631.01,60667978.89,50820249.32,159494659.89,90222286.97,31128563.32,-46231590.26,33555315.62,60671315.19,79124659.96,21125567.63,159496295.8,159801090.73,-35160887.54,52924570.09,89047467.64,4026112243536.84,6284919369.15,-69070860.12,-59053063.51,18365085.7,-10876415.39,-9084877.16,33368358.79,18442693.51,-48554721.92,-39477781.12,159494779.44,159487329.42,85924533.23,-93777513.84,34368410.52,337284339745.68,57857459.23,77392216.31,-21519114.68,-89354794.8,48546787.26,-39504376.14,57182412.7,8620787.99,-49341309.16,-22798089.96,-1138404.42,159491362.52,13665164.1,-99595619.61,-30334065.32,49861607.58,159518095.03,5855414400000,-54555709.98,75218394.93,31614136.52,159489265.85,-93713790.19,35723346.65,159496189.21,159813288.75,65044857.51,11196174.63,-67133863.18,67742164.17,159536678.91,159506547.02,-62356721.18,19536405.76,19543640.5,159499409.12,-45507650.24,96297175.95,32847451.84,60169485.75,159483797.18,-34444005.69,159484377.57,159487077.96,72528992.81,65348468.23,-16292084.41
-353405.62,17755138.38,216588013.97,-42476280.2,58563112.46,-70229162.58,159770770.19,35657678.68,159773224.13,-49776615.97,-47633318.57,-9121309.08,55559648.01,159783947.78,-37930990.3,-54739912,59322337.3,87879941.75,189265044.95,79946142.27,26217074.48,11611137.94,-77455277.88,159488208.78,71063708.24,49106002.34,-42471072.76,86969784.34,-83583201.63,-66866707.5,-40830657.08,159496761.63,159798922.16,91949432.77,-19517928.61,17525820.16,4026169343075.08,6931820821.48,-70330084.27,67236751.81,-54651896.48,-3096677.64,-6812358.84,39131444.25,-85922711.23,-59800903.82,-60350440.42,159546112.61,159492431.69,-65034076.66,6881581.5,3425381.39,333975423911.32,-67359974.03,25853467.06,-42305399.71,-16034978.74,49180469.35,21255189.76,85934443.94,-78131180.37,-62766742.86,-38339063.22,-38848050.03,159485430.52,-48171487.91,62830158.76,-34528425.92,-88496326.31,159547139.49,5842281600000,-97623271.46,-12449205.22,43681438.73,159494602.75,16566615.05,-37479655.19,159491410.04,159777388.41,17587593.59,4701727.58,-72036341.98,-34623168.21,159543880.75,159510703.38,2902032.79,-19709733.62,-3100502.95,159500992.48,82454367.33,95631277.95,-72213672.42,-4391421.32,159483797.41,12663027.16,159490389.06,159483649.94,-54714021.52,-15641195.17,96182186.05
-78842436.14,-610098.36,-289937555822.97,-34946178.01,62610539.41,-28180357.71,159738505.43,87218252.28,159791878.06,-91440369.77,-74999522.66,-58326062.59,29374612.8,159762714.94,66996989.17,92531175,-29743665.29,-49929340.62,1391293958.38,51451149.93,79820170.57,95486434.35,35766610.01,159482897.06,28468774.18,21337714.82,73818666.51,48561942.45,13704176.42,31426982.49,-12679449.38,159493352.55,159791244.29,15767367.44,4516139.38,61720184.48,3736072296421.07,6886815989.97,-69806823.45,-76727121.51,78704009.74,91755637.01,40366396.59,-23386492.94,56618336.41,-22946024.25,-81572378.28,159499293.39,159498176.19,-53044118.62,-1507958.91,84362705.97,333975421365.6,96899356.13,-63875558.82,-51983521.48,-1011048.3,-71183822.06,5376835.27,-58354206.69,-71129812.44,-49560436.15,-76386928.9,-51602593.13,159482045.31,29562913.43,74887048.46,26018937.75,-20157894.79,159531471.02,5853859200000,-68323556.68,-5489965.31,29520098.55,159498547.04,16036447.11,-96104721.56,159486754.18,159828644.78,53923027.54,-81044741.75,67069518.28,64540980.67,159545799.18,159505533.75,22282275.53,98994867.99,-99629393.01,159497937.32,-41882950.97,-80512042.26,-64554921.65,-85102677.38,159488084.61,-92756560.02,159496147.74,159486078.38,96363235.2,5628498.93,52748315.76
21012648.78,-92000966.76,-58960280209.53,-6356457.67,-99277866.34,56122225.78,159788543.54,-79679556.3,159798959.72,26118512.52,-163530.5,-88438396.21,-96634560.24,159792868.11,-8231555.15,-75506343.82,22638864.36,-11504484.49,504864595.45,58703336.75,-19060040.05,-80746185.39,-75586487.47,159481507.65,-83233524.8,-37829742.43,98601430.15,-98587139.03,-51526408.88,-36027539.74,-67445869.94,159488107.91,159797318.24,-65914544.85,-99473833.24,-89917688.83,3676952523492,7020282052.44,-4262556,-83665221.25,87351886.6,-2812203.9,-55941136.56,-73116282.13,22452176.59,-31940284.87,-55716360.6,159499849.01,159500352.36,-40144299.8,-20331857.52,39275064.24,335682423154.73,99190838.71,-28944780.14,-35906244.25,34813128.66,-42402268.86,51253267.79,-4478526.24,-89710101.81,12314723.14,87667142.03,-58353634.85,159483231.31,-36646412.68,29654368.35,-84121197.42,-42189686.41,159527364.52,5889974400000,26791370.97,31903134.19,33367964.27,159498527.77,37690703.44,-81905894.09,159485130.66,159804602.89,95699788.31,-7342855.39,-30195186.97,71175716.94,159543531.5,159498863.16,-64712723.08,86835390.8,43299386.91,159491883.56,-76466450.48,-39392594.12,-11028880.36,36475051.32,159494548.88,96390229.21,159498577.88,159490635.89,26317255.66,76336406.12,71965486.79
-41669599.73,-86750856.25,265577544063.31,48170182.79,98068671.14,-60895608.19,159770225.34,99228554.36,159800773.76,41483519.21,-73731640.86,-81307492.84,-26074507.15,159800661.4,-69037392.66,41869519.97,-7379185.1,23709395.68,534309049.66,-72439598.71,42276955.93,19686341.88,57097367.76,159484839.86,34685147.32,879753.54,-68270595.9,7161999.99,45582194.05,36879241.67,-56712475.71,159484371.32,159797348.15,-2736995.1,-32621170.41,-14208332.04,3942370574475.54,6934444981.91,-18960849.93,13787975.13,-30776835.76,-70325919.89,38698385.26,-47477281.73,-73288144.03,-72813445.64,-29707439.86,159496141.03,159497948.72,-89790807.84,-43147004.57,-81849272.23,335682417920.52,91333028.12,75273727.32,96787332.03,-10842759.68,-94485150.74,-98540244.51,61681132.4,16199701.31,-41593683.78,11861958.38,-390704.44,159488547.94,-28399452.97,-11651650.34,-2754274.47,-90136599.47,159531674.39,5949676800000,766871.95,-79207387.96,-53854694.84,159494336.53,-15335529.68,98674539.76,159487715.3,159800066.76,-52496257.99,95631093.9,71807137.89,-51518605.52,159537770.23,159494149.87,-86681727.59,-81845274.97,18065778.96,159486272.31,-51938659.31,-39861444.9,56759757.64,65794500.01,159499852.96,-30905358.92,159496730.56,159496153.45,-38857966.1,-75956622.26,-39024889.05
81785614.29,-46527185.49,-139621322917.1,-28432178.51,-42914647.81,49683182.14,159789608.65,65119365.12,159797824.02,-88152882.89,-97329226.92,-86718848.7,-92790439.32,159791853.47,48740510.22,21279182.86,-13748140.08,-30070218.95,322062902.15,-65310078.74,57745408.15,30288720.36,-33667600.9,159491030.54,49590037.82,59714653.91,43011398.44,-66617745.17,-25771746.49,98440359.74,49976918.01,159484508.82,159802105.04,-29790677.86,-74050407.72,-90258425.77,3802589759734.07,6885020994.51,-12113964.3,-15306857.92,-32160718.98,78028442.76,22946588.62,21420189.91,-5473292.34,72715210.77,-48621848.43,159490520.44,159491914.13,91593368.68,-93290505.62,98377297.39,335682415972.14,15104207.21,-92342318.19,34152695.79,-55516873.92,-91420852.93,-14961278.89,-8785558.6,-68853256.15,-84591487.11,-18956005.96,-56231756.88,159495305.7,37576508.89,-81777263.89,-41123119.36,91514247.39,159531886.44,6031238400000,-81821956.07,-52872894.11,66332860.33,159487985.11,-30281573.03,-87778914.56,159493131.68,159809908.13,-29623073.73,94255675.39,-58610095.32,-37679227.96,159531924.77,159492300.7,16393435.22,-3545473.73,25277215.16,159483934.94,16092576.05,-56017237.55,-87401140.85,19828122.71,159501151.92,1118447.64,159491918.01,159497578.14,-37343487.89,-51877225.81,62443486.09
67842560.59,18578590.39,-22501674.09,159485507.46,-91272162.81,159795077.13,-74454868.66,76978110.06,-20650759.17,-9593726.63,42754846.14,-78733416.63,-2237434,-71994107.77,86485282.34,60461639.02,21534532.06,-80612129.41,29679874.31,67528139.68,94386442.62,-52963639.4,12161081.58,33028493.35,-64005104.69,5206489.32,-66428919.24,84424728.97,458163.07,41763683.86,-68575059.29,22777215.64,6587616281.73,-16833519.42,-50979359.32,43519226179.95,-71562047.31,159497783.12,55872037.06,98421271.72,18734827.87,94723382.66,29493122.97,159488833.42,-43218049.84,159496803.17,9937665.41,-20477867.1,159787534.93,159498322.59,159500038.66,-81700882.63,-69573343.24,39842633.58,-30596022.94,78661602.66,55676263.24,159528670.71,159487230.97,34327358.72,29996615.5,-63501865.9,-72275057.88,27441279.09,-18228246.93,-76656041.31,19897842.8,1812585600000,-29823532.53,55923843.83,335682418652.82,-66198235.43,12144305.2,-71203750.33,159494971.28,66304176.54,159482879.55,396506.44,-48911299.44,159794204.35,3845949496038.98,-66673431.38,17006252.38,159519745.82,159813860.86,343612968.32,159485957.89,-34228134.63,59316124.91,74907455.58,38866928.45,19415206.18,-35679586.02,159486231.17,98626118.41,159801723.55,159492595.84,43554234.1,11598279.53,36511439.8
-1124820.22,-51203499.58,-78752656.7,159482021.01,28946835.51,159793396.32,-89892780.87,97871668.87,37191372.86,61719808.3,62966208.42,56935411.25,-48652180.23,36970336.22,-63958555.51,48715501.72,58794815.21,29411860.62,32232467.52,32609954.28,60888332.64,-91924520.76,6651181.35,-48696965.4,76887449.18,32119035.04,-30859123.72,-67362965.21,-14345887.69,63877041.46,4577687.55,-30622592.22,6713769253.28,-75132604.22,-66075191.33,-28388428990.94,-40260523.45,159491575.35,-20155186.6,-77907463.64,-24896369.31,-33196141.03,59985486.57,159495204.96,-94466887.34,159499178.26,-73983451.07,52590099.81,159799342.42,159500221.04,159500409.99,-77268922.8,-42800693.37,-1242942.91,-73270703.94,-62336481.78,51681278.3,159529976.15,159485573.51,28367649.24,-16003311.55,-38945617.61,-62199682.39,34816675.49,99905452.48,57459796.38,79436178.14,1930089600000,35264407.01,-87847595.67,337548748107.66,-94425501.93,-16272197.32,72485267.46,159489330.11,4160450.75,159481787.37,34021425.34,-44030233.69,159791508.48,3817401578434.68,-34809140.17,-46543640.79,159518224.15,159815573.73,364485133.37,159490882.69,84331154.35,2781965.94,54540948.73,-25008376.9,64950985.37,-10028648.38,159485748.65,15236066.61,159796870.27,159498400.5,8740941.92,-97464131.14,63704910.74
90127397.22,-65113307.89,39331138.97,159483669.67,45882172.82,159828806.48,-63149645.11,12134692.73,-8518942.05,-90381743.83,-21141027.48,63208066.65,-73996885.43,-53127501.54,35023151.14,-96837603.76,-43272853.79,18352748.71,9223598.53,88487744.62,-90331352.84,-57275896.46,94684760.19,78428787.19,10239996.98,-636597.77,-85090330.52,-91760436.3,4084355.87,-81659212.65,49684910.72,64761908.74,6612383124.73,15956532.32,10467584.14,-6555522698.83,-56440045.72,159485859.11,72853498.03,49764594.28,-74028223.12,-64646465.44,49821155.4,159500279.96,-56225899.09,159497172.23,78260460.88,-71304427.78,159806009.1,159497532.87,159496483.01,-9474102.71,-9737041.26,7655867.02,-44367237.49,96770924.19,-68840133,159535337.46,159488072.84,58564141.48,19429745.36,-84476739.72,60862607.98,-71283980.32,26280945.09,35435129.66,-56534145.41,2060812800000,42673328.93,-11314335.24,337548754551.24,-91866605.03,90847960.99,-34817370.07,159484655.22,65371526.46,159485366.27,-28131273.04,21783356.04,159787695.15,3810686566673.9,43756020.83,65583785.64,159521835.79,159843333.13,401700174.88,159495679.91,-50589207.11,27987449.66,-38740698.47,-51837574.03,-85344722.54,-41319813.02,159489205.5,79632016.14,159793101.94,159502799.12,-73414527.92,-8942811.98,29528469.2
39049160.46,-39263635.65,78420763.5,159488446.48,44278146.88,159818596.5,-59854087.32,79310051.05,73405332.51,37938940.79,82685080.05,96601277.44,-53323795.49,-78113647.92,-547655.59,-64652771.56,-58607974,-45828803.48,24935327.34,9590078.77,-23651899.25,7474346.03,-99219027.61,60422722.82,76715179.34,56793178.31,833829.34,78839274.26,45732697.46,52589894.68,-87114643.33,34002169.84,6605508775.23,42602780.04,98484108.87,-222948927503.67,62117945.4,159483577.34,63890409.45,25883117.24,34370717.74,17122235.61,-57120592.24,159501255.26,-60746587.79,159492227.07,94364213.67,67962838.66,159846375.51,159491464.37,159490647.87,49936345.43,17890115.27,70670604.56,78893450.05,86485454.79,-75123200.76,159542111.84,159493309.35,18750723.53,-52164227.24,39864538.77,-45289616.31,7597493.13,53432881.82,-37526092.51,49649805.95,2201126400000,-30556175.78,50605205.59,367768823213.56,-76592688.82,-11136574.71,3892349.01,159482527.09,-66508366.88,159491694.29,-20484143.51,73924615.58,159797905.24,3587578147906.84,-38443996.96,-91214772.75,159528948.89,159857338.46,644251285.26,159497367.98,63182093.72,-73898878.3,-92263536.96,921329.02,27347989.72,-90403606.6,159494411.93,-28886453.01,159789470.19,159503373.79,-22482439.2,-91883993.03,-77874053.75
-320880.56,33071891.14,28543364.43,159494435.44,-12541307.07,159840013.13,3296143.47,-41308098.19,-14453013.83,47503504.4,66370259.67,5848683.3,18117270.74,-4224358.21,84140180.73,52121869.28,44168922.54,-24847517.29,-34197179.64,-23446120.84,22080807.25,-4295891.55,50368932.05,-71609565.4,-56653005.87,7861959.48,29632013.74,8963640.09,91549201.27,-74007717.65,63500525.52,-10447579.31,6527641235.95,73300341.94,-88306405.7,1351833546816.8,49436057.91,159485739.58,-98352448.48,-13757709.77,-90595018.56,48273846.43,75006447.86,159497649.62,72788817.71,159487493.92,-44171315.75,42949180.6,159832123.09,159485160.55,159486250.48,-2390537.93,71591374.86,-24063968.8,85785617.7,30644127.57,-32854656.55,159546726.01,159498328.03,84558980.4,86120112.95,-19800915.92,87690079.94,22309018.4,-19320242.57,-96949546.91,75983304.84,2346624000000,-59312320.61,-44273538.56,367768822001.41,58661194.87,-46287423.28,-18843339.92,159485780.98,26960973.7,159497518.89,93799513.57,-74221463.08,159802049.92,4939252200509.34,15127281.43,-20858288.71,159532918.17,159861260.93,977221529.3,159495024.23,73732020.09,-92957200.13,-35538297.32,98474160.44,42849491.97,-67312545.98,159498159.37,10978118.06,159805691.6,159499300.21,-76558371.43,-22585567.38,-27580437.66
-37420167.09,-41932421.09,1953456.48,159498170.8,-17699007.8,159852079.2,-60419135.95,-23626687.35,-84175386.57,65706894.4,-40494427.47,-73875584.56,-47890703.35,-26901907.12,10034526.33,14780505.99,-82145522.6,-82918916.45,81054899.91,82745593.04,34150961.66,-65610040.88,-54633000.66,-45928372,49126764,52677304.51,-41440027.72,24285360.47,53786284.96,-38359119.64,-12339932.27,49141279.1,6414715493.8,31722168.05,99938180.46,289797348093.49,50215878.24,159490807.18,-19934734.13,36977048.67,-7806439.49,-63952603.14,-75125358.26,159491303.03,34542519.38,159485821.27,62353250.81,-9939329.17,159842910.35,159481885.43,159485700.27,-38778986.12,77270694.77,-30816323.68,-33082941.17,-80002162.37,12621002.15,159546985.26,159500043.95,34364671.38,25449836.56,47954161.73,80435818.35,9154221.62,-55644170.57,-56941190.17,-43222686.06,2493331200000,-79014866.96,-32903015.98,367768816953.17,84930782.21,78026757.86,-14273129.27,159491934.59,-70248041.27,159499823.29,6281111.78,-5584933.5,159816395.96,5228890052204.9,17686017.77,-54906878.24,159539512.51,159857395.32,643883181.8,159489920.02,74594076.36,-39732799.53,27839641.46,88279751.18,72607766.32,77531098.09,159498018.35,-5602370.62,159816569.19,159488992.76,-21610206.11,-80328415.81,64313479.27
-64965148.56,67877113.31,27151107,159497498.51,-26163778.65,159836137.51,19077835.17,26878414.35,49289346.76,-92904197.09,-84552430.56,21196566.47,30071333.16,63604340.57,63774313.5,95907471.46,-74590612.15,26620400.39,74535521.69,78638961.47,-59361107.53,60863769.2,78833755.2,-5233369.45,-48650732.37,15076225.36,5557413.29,2082981.16,57181315.67,78551754.54,37622325.32,-64047071.58,6574402775.54,-30264529.15,22168673.66,375612067951.25,49354874.71,159495656.38,-31490152.57,-18935693.64,99520330.24,21079779.03,83254995.11,159485501.14,39359655.56,159488213.24,78618160.95,37544929.12,159843287.12,159483271.47,159489124.44,94061063.5,98202141.59,48908359.68,-84602542.69,76270283.44,52196980.72,159543070.06,159497154.27,23325485.34,-72663206.58,-92264279.24,1775899.19,11146475.9,-66724082.98,12725828.96,-21725225.32,2636928000000,14929336.42,-83859079.82,385078704885.57,-53304762.17,-11966557.25,-57317042.55,159497564.41,54741883.29,159497603.16,55660945.93,-4228127.97,159799646.65,5604342623536.06,62870023.5,9877187.69,159546799.36,159844748.45,667142197.16,159485002.32,-31899056.3,54690336.1,47820522.04,8199797.32,56908322.54,-71316006.05,159493778.01,26940368.84,159821682.7,159485315.72,-73221549.26,9902548.17,-71777934.32
-83099829.98,59739517.14,75061576.88,159493334.55,-82029325.11,159824129,97491044.38,77423953.69,42601560.08,74789144.41,-16198736.67,62031501.92,55623238.81,86384110.78,36648978.99,65227441.03,-59336926.09,20303183.65,38592539.41,66715138.97,-67209267.06,71721566.53,-32048131.98,-42415932.99,-51142543.96,-20031081.76,-27698618.48,-64351230.12,16882984.59,76362652.47,78778775.04,-58747951.48,5202886945.23,-25579856.26,99125037.77,-24960823809.49,-39095060.58,159497446.65,20943434.94,47218622.58,-72753524.11,85345184.12,87765615.25,159483368.82,-19398673.99,159493387.64,16697093.89,78015775.03,159808343.05,159488496.96,159494326.04,10247249.31,-99500308.1,18754097.49,29596018.93,-56204550.54,-65771056.19,159536985.75,159491126.76,-59363383.08,35360352.22,-46882993.47,33890626.15,76221119.18,97584289.15,98705223.48,83090067.94,2773440000000,-42612306.07,4062291.88,385078701212.88,1469962.89,-74495652.69,-86876522.18,159502132.3,-56005398.22,159492552.12,-8758705.6,2213581.15,159804726.09,5579222305046.69,74436406.34,53775926.69,159523991.58,159825885.79,311588235.38,159483517.46,78684735.22,-93147519.17,-43624499.08,78435526.32,58377082.69,-56044690.54,159487633.49,-34429844.65,159824166.16,159485523.36,-5070517.04,-83947064.07,7624320.8
-18277569.06,-67021672.21,-79240492.83,159487915.01,54065326.87,159790397.38,-89274261.63,-96186965.32,-59620882.13,-57933137.47,-48858708.06,96312333.58,-55942975.58,-57971904.45,82945875.89,-96970011.62,33077417.23,94653875.76,-99659733.34,-84243463.99,38736351.77,-70855534.83,74753255.77,92421681.05,-18374331.13,-38081070.68,91757203.72,-97209868.8,-53495268.38,29708732.86,66235951.08,-1479138.4,5199737693.77,90756099.19,-99952851.79,547314579807.22,21408115.37,159495105.73,76474148.72,-54229215.9,16803961.66,17019913.75,50056296.57,159485702.77,65145905.98,159498207.8,72486324,-93382930.5,159791152.07,159494622.23,159498065.02,-44001343.47,45631754.71,28309734.68,50405021.65,-12227114.67,37696146.91,159532642.74,159484969.54,58819829.4,-17103083.92,-92712929.34,-26146715.77,4469306.8,-15194016.96,58584925.88,29643029.76,2898892800000,1241395.38,-41327748.68,385078701737.7,43585945.66,-2484534.67,-57813106.38,159499911.75,81555898.56,159487696.61,-825659.5,35212276.07,159802091.93,6126377393356.71,65581529.01,77382593.96,159542330.2,159817430.9,429168972.42,159486485.32,-48254639.74,-35957528.18,30289139.7,-58070221.57,19022584.86,81236946.05,159482954.16,-12339708.26,159821943.81,159489801.39,19462634.51,-58196425.31,-9759059.07
-56789063.88,89679570.59,-47647895.66,159484959.6,-81639002.98,159777195.25,-64893165.92,35341859.13,20994403.57,6617148.53,-45034153.08,47069359.42,-80529537.33,93402675.11,-68670328.74,66743286.97,75562984.09,-83156961.73,-38726443.57,8434207.97,-68223665.25,-56917030.57,-71075367.04,41278748.86,59109823.07,-6663724.78,53503944.85,96695061.14,3202811.92,-91467297.2,-40665500.72,2595358.86,5443976540.39,72919902.39,82876570.76,-130886731706.22,-46367309.25,159490053.62,-33039484.53,62126058.48,97136318.55,29295933.87,60295498.74,159490913.73,-59866623.61,159499706.22,-33802376.83,4209906.24,159790901.77,159498356.74,159497933.87,-55571418.23,-2834757.33,9605614.07,-79274873.69,-98260180.28,13140567.15,159531996.82,159481923.59,925014.5,22789772.33,23701179.18,-8822978.7,81010837.52,55025638.31,13688902.67,-58209217.48,3009484800000,89461005.71,-618571.53,366281636354.63,-78320969.36,-39138381.36,-94199732.86,159493812.4,85554973.41,159485931.79,48340538.91,-45675312.81,159783330.28,5995331173027.48,55384236.64,-78512730.63,159527925.63,159806678.75,266511759.64,159492570.97,-5654582.02,-97673143.94,-55546562.44,81978650.3,-38515732.16,-34661935.41,159482550.38,-32224007.89,159817121.03,159495964.59,30432644.13,-49066980.46,-5083999.01
16557987.69,-74017835.64,-76267303.51,159486092.26,1558006.26,159757646.66,38232057.42,65106797,290965.47,-88880405.08,68912593.48,39907757.27,88166167.4,69081750.94,88609815.28,-13063125.84,13052036.23,-66820383.72,49266186.8,-2505622.07,19643118.57,48763802.08,-72788786.75,-35520481.1,-78207875.89,71258811.5,-97411019.73,20336996.57,92813310.01,61462631.22,-91400926.51,75720057.2,5430332463.61,72243785.26,-88812027.47,124978912548.46,-32820770.59,159485375.96,88949206.64,762866.73,-80211795.33,31794141.25,-7242228.66,159495930.35,12633067.57,159496776.99,-71991918.43,27427915.62,159780899.55,159497880.28,159493762.72,44133907.63,-123223.24,81506845.26,-98596225.18,9569396.19,39788121.59,159535359.08,159483635.41,88936297.8,74836662.31,16750504.87,-93424101.43,57160582.28,-17705466.34,281462.32,58999427.08,3102192000000,-52043793.56,-75243432.64,366281641464.3,37446038.93,-9481496.38,-77800800.33,159488964.85,-79139311.84,159488334.34,75254514.26,-52049415.49,159745942.67,6120150598171.93,-55603132.14,-74685338.62,159528869.22,159786380.1,336478033.86,159498754.59,426153,-64697690.22,-67223521.76,17763950.86,-54561136.89,75466222.63,159486484.19,-9337122.59,159799409.12,159500623.88,21859433.43,-37453695.4,18487855.47
7789629.55,62194588.62,-42620563.81,159490950.21,40886103.59,159763637.18,13624196.55,-21884975.76,-56564894.04,-2225773.58,45838223.85,-65815590.57,-61127573.36,89457843.78,76754853.27,52091501.75,-51025363.97,32107944.67,56316288.95,36401929.02,36147423.86,-19970191.39,95104021.17,-31359096.2,-21215011.69,-11972990.1,6484854.63,6046260.93,62825851.05,-90591460.22,84856068.25,81424451.58,5427362770.5,70252771.84,88859534.26,273040895502.93,22293415.13,159483996.89,-70849119.65,-54289467.48,-80888273.97,-40093199.98,-46781186.7,159497785.4,-61462063.54,159490729.99,-83676496.92,74094414.6,159774363.24,159493776.17,159487754.64,-18938657.24,-42032260.33,17560904.1,-60831883.75,31895233.61,-91725382.6,159540690.1,159489072.41,-20070079.69,-92375042.44,33296633.45,-69221245.66,-33835962.85,73555592.33,98450554.46,-23776251.24,3174336000000,-27535032.74,36469455.58,365062323160.51,-48303444.71,-69831266.52,42370720.04,159484709.31,17423031.32,159493408.07,-15339960.15,-41172110.55,159757871.96,6393032005407.91,8067009.91,90341410.47,159541406.99,159790256.4,316489220.03,159501716.54,-97979125.59,-33586578.65,-81671743.38,-91027359.2,35228542.7,-82498730.97,159493296.63,-98928175.1,159795989.06,159501153.54,6492575.76,-1273918.95,-95618750.18
-17022012.82,12780764.3,-44872668.53,159496830.47,-95633406.72,159774140.91,35750176.09,58952369.98,59817896.89,5075516.68,38745551.49,-78621603.57,-73311252.02,76836517.89,10850947.14,-82448302.87,99591075.34,94640396.55,43212895.52,22401132.2,53989431.24,76307267.81,45383993.49,48272397.96,-60325567.74,70080425.89,36140156.51,-52609298.34,-92484104.33,32681849.49,3608415.22,-82482008.21,5361999718.09,55527275.21,26437929.15,162177768017.47,97494676.9,159487053.16,-50593898.88,-68497465.03,-34342020.29,72845554.28,-85855419.63,159495507.27,-60982345.89,159484733.04,-36562032.87,42637766.04,159775760.05,159488721.63,159483268.63,-51055512.88,-32645733.46,-96387554.79,41073680.09,-34097292.66,41396788.72,159544394.5,159495312.18,33322150.44,-34445467.38,-53953663.43,37962692.45,32184182.02,-50655450.36,60820848.55,91814907.35,3223756800000,66483549.55,52057753.23,365062321992.48,-3419018.98,-15802210.13,29587993.19,159485776.5,-37453899.71,159498117.55,-5968342.53,-69413256.56,159730015.57,6555050282905.62,-19955570.37,-16059430.3,159533460.31,159780382.78,291471841.74,159499965.64,-87653450.03,-32995684.62,68928980.95,-66869088.24,-2511802.81,-65681954.52,159499003.48,44352726.79,159791926.8,159497090.52,-39269620.12,-49212966.48,-95238926.71
-4159850.48,-8672475.29,28167186.13,159500122.81,19480617.14,159774079.67,-64607102.66,-3637054.84,-59510632.43,-35788251.66,59079271.31,-19884444.48,67349164.91,-63351732.42,12237472.07,-21024489.71,53075297.13,-9277750.3,64253023.08,-18303726.47,-31709569.99,1333103.74,91712002.56,-73870905.23,-52760578.65,17151702.75,-59757328.59,21879001.75,36323319.47,70036884.85,-91832569.37,-21361203.88,5235227992.05,86291101.92,-60034007.9,96327248441.74,37348620.12,159493153.33,-54535895.44,34167716.2,-84525200.15,-49435471.85,21029330.98,159490526.75,15282242.22,159481977.41,-11787786.31,-69705492.94,159738836.47,159485877.42,159482932.78,24052310.27,-35893156.95,-37052366.63,-67174656.36,21033209.05,78514348.4,159544263.61,159499039.26,-91078334.85,-57456921.08,1989205.88,-26328827.28,-72931068.7,-37772376.01,63483634.94,16949511.68,3249331200000,37034437.9,-96555076.15,365062317293.3,95243986.78,-95121358.41,-77877070.01,159489566.79,82311337.21,159499505.48,78281130.56,-63001089.96,159733217.36,6651218038572.19,89095400.92,22962194.06,159531262.17,159771738.6,229658469.6,159494481.67,-38208607.47,-75450028.7,28726051.42,1451849.51,58244611.53,33015743.02,159501332.44,-30616203.42,159796884.17,159490527.55,73622570.16,89487020.56,-82101631.51
-68973374.52,55066078.37,60149435.77,159499077.56,22568885.02,159776185.82,-13870677.55,-22213494.28,-28566020.54,85864752.73,76447041.37,-72296665.56,87125600.32,-13147816.33,98574006.54,72146646.55,78711446.09,-77069743.05,90186518.33,-52714928.36,9501521.75,-53238179.18,13562753.76,49287306.01,92790429.76,77566632.85,50081691.46,-47155199.09,85275711.09,-25073905.48,-36901071.48,-82028824.67,5089739767.17,22067117.5,-2631710.88,900359073582.4,54249884.65,159499145.58,63572657.95,-62773394.93,60175405.61,-4132132.57,-15263384.52,159485940.23,-96368766.85,159483965.39,60955877.42,-85443682.48,159767833.34,159487090.81,159487150.46,96543774.66,85451722.18,62050482.41,12630976.91,60089086.35,58518873.46,159540332.31,159498477.25,33142457.68,65711541.9,58149656.54,-20415826.23,85462768.55,43601350.55,-70661904.91,-41990056.21,3249849600000,24495349.2,-7346294.03,365062311717.65,-39374435.9,-27558005.12,-79190542.04,159494821.64,43331812.64,159496493.26,35926805.5,18618747.84,159764270.58,7551417618401.32,-37420644.4,12152785.9,159576629.59,159771592.48,369543454.27,159488280.96,-82114105.71,85908350.85,37404466.34,-98617905.39,-55116722.79,-40382993.54,159498705.93,-6195166.39,159802033.09,159484851.89,95015599.03,27537509.76,32281518.06
75786872.85,-92996950.38,-2765760.06,159493910.88,9427465.77,159773077.26,-89158605.52,12322258.02,40177635.71,8566843.69,-37147534.56,-19020733.45,-38687152.48,-88228539.4,48567369.77,-27507491.63,45039656.3,79303849.48,-81642153.46,-59760689.97,27212917.09,-18793009.91,-4048044.07,-52717307.45,-81817455.82,-13756391.79,30567277.96,60955460.95,-97255114.16,-17092687.98,32373802.8,14865190.09,4942700081.4,17814646.73,72576740.86,695237210526.58,81722321.59,159501836.09,69608123.28,61482092.54,1172836.48,9239438.64,-24158006.05,159484661.1,9645335.84,159489630.72,-25854763,-38121283.32,159761540.02,159491800.44,159493843.54,-24646796.27,22757058.21,50339859.33,14937816.5,18437192.69,48635930.41,159535253.79,159494283.51,61683198.08,62872618.47,62920113.19,35675142.81,-4336842.42,-44257651.43,30964228.95,-50204715.17,3225571200000,60473806.52,-49235873.22,365062308539.89,3851725.4,39071146.96,39954962.39,159497720.43,-43460432.37,159490481.2,39745428.19,-16925835.64,159775300.48,8246495335920.75,32954759.96,-875041.92,159571712.71,159779180.13,318384032.25,159484640.27,60850095.05,68458307.45,-59166893.58,-53805032.8,53670733.95,95352707.75,159493515.5,-1453860.91,159806092.29,159483008.54,34601468.57,53979202.26,-3909113.81
84264201.86,-70655923.27,10477277.21,159487225.07,-59207121.63,159764442.68,26093721.17,55810961.62,-91649724.88,28087815.61,14203642.95,70827602.17,68298707.8,-43941494.36,-21367741.03,-67421339.36,-68270936.56,-67231963.11,-17455353.56,98524768.82,-13815037.33,-84461149.23,29082036.07,-79990731.9,-3181744.35,-52260729.92,-31978847.66,-45255370.08,-60370700.41,-60289888.66,46629386.62,74435309.18,4777090523.94,93057588.71,76947469.04,764927280789.56,80841917.16,159499777.41,-52849590.07,-4091712.61,73566212.76,72394865.26,34373686.6,159487769.48,-21198071.31,159495962.3,86572540.77,-29215769.31,159760399.53,159497348.92,159499581.8,20432866.96,22624930.57,7607572.43,-6787931.01,53059103.23,-58270552.1,159532069.21,159489169.71,68628240.24,62318922.85,-12283694.04,23796034.05,80852545.22,61804924.34,19075720.13,-40235031,3177187200000,-22288568.45,-84848921.02,365062309789.46,-58242848.16,92973578.62,-75258217.58,159496709.09,85000687.44,159484644.39,57321476.59,36443657.98,159766104.01,9011263125548.32,-61205140.19,-65503985.61,159563545.18,159783076.37,323167738.11,159485345.53,55154485.46,-84025991.52,92889333.6,-24206578.87,58074876.65,37345126.69,159488193.98,88097762.02,159805157.6,159485762.07,67765630.24,-81138015.97,-44591808.55
-50493146.35,23365483.2,14532609.62,159482441.72,36809856.29,159753501.07,20761311.23,-7984935.82,55113051.51,-39977337.04,70092971.3,-52154521.58,64723004.33,-91045534.09,-86644866.37,-94292521.42,25685386.61,-27471203.13,-31711181.01,-98241972.23,69190068.34,82023663.65,-83165717.42,-85887949.03,48080402.53,16510727.46,-40473113.36,-45299945.86,-89155618.11,15231252.89,10390234.12,-40867631.31,4674039435.42,5786255.85,83135135.3,625355135856.54,-87999286.85,159494068.38,-18457537.96,-85923940.78,-30920715.52,40151496.7,-58762071.46,159493822.53,12577806.39,159499657.5,88311664.22,-84018893.31,159761614.77,159500475.97,159501468.05,-68349576.45,48655945.69,1236429.23,-32287158.46,-21985736.9,-77490770.05,159532793.08,159486293.74,32142217.45,41345302.16,-39092534.95,50379328.84,53788654.19,-78066554.06,-10192057.84,20550626.84,3105993600000,-39974960.08,-98824761.9,363193045410.39,76086302.08,7711184.95,71313205.45,159491842.76,67422949.25,159482144.13,12221672.63,91657764.09,159752738.15,9636458771870.4,82524669.55,-99130008.79,159559309.98,159779925.1,334178289.07,159489676.14,-48413543.08,-75001344.38,6056030.67,-17699597.92,57264851.75,90338817.6,159486242.29,12822047.8,159801274.9,159491416.23,-20154521.86,88664487.35,-9772654.64
79644456.88,-80230530.23,58436091.96,159481753.93,90372329.71,159727513.17,-85795615.03,-89831353.68,67587647.98,63950157.97,-67571325.77,-83882099.29,-10708414.69,-3335645.97,-25136979.47,74818086.97,-84010668.62,75495592.8,-58423487.03,73545160.38,12786863.05,892539.23,61710670.45,19299330.48,24518483.29,10472667.04,-68189865.53,31529999.07,-29984153.27,-35124166.8,-92654322.09,67994478.4,4434662200.52,-30860073.39,33255489.81,692064346314.75,73755493.43,159487762,51594726.53,-30322652.96,67211750.28,51786633.45,-99986614.31,159499653.28,77532466.73,159498969.5,9004010.38,-8991383.4,159763378.14,159499195.77,159498723.36,-12551057.43,647797.66,35987958.42,26715074.02,42761127.78,28026805.75,159537208.11,159487468.61,65071509.25,-25277803.81,-95083367.27,-89114341.81,35502759.19,-50528100.13,-93960081.65,16183522.6,3014409600000,49911299.64,-68789863.28,363193052090.23,27219705.74,-19694261.63,71616401.54,159486582.28,31828488.79,159484409.45,-82220955.02,85389459.05,159729010.35,10328363628833.69,-36681404.39,-76844531.83,159565686.56,159772784.32,363713537.77,159494923.11,46474738.51,-60408987.56,40274494.52,34021119.32,48969130.88,36976012.98,159488594.56,-19213711.35,159793379.07,159496748.41,-89395605.63,-95096388.47,95227074.84
-15695584.6,-50596148.27,15164870.01,159485299,83321157.98,159698133.4,42327132.92,-85755428.07,34584079.72,97463171.63,32674828.93,-83544411.51,-61657826.4,-28275614.95,4247025.94,50706133.02,-28305223.81,-55425891.08,-20025313.54,53164734.76,-2510490.94,16197403.89,-56554439.67,1465109.08,49465762.73,53650329.02,16480447.09,74887915,79660287.99,51846801.84,-79149096.67,-58493014.55,4414257969.9,-95865633.07,86815020.53,242030885069.69,43570836.06,159484150.52,-98178068.76,-70532771.66,84792893.27,60183954.49,21334379.1,159502088.18,-92508943.07,159494622.13,93223942.17,61445096.19,159737663.08,159493933.2,159493085.77,-95808883.2,7787432.64,-7999612.49,-57911499.04,-43789412.83,75774105,159544464.43,159492078.95,-64494081.25,-97535210.17,-25365650.13,24688893.16,92008454.57,98829684.42,20081625.23,-73518628.92,2904595200000,-12628110.46,-45560716.77,336261503032.05,81286296.5,10189804.93,-74283277.6,159483393.43,-82014669.19,159490276.9,92017412.21,-92396955.47,159689100.2,10570235022888.74,-15761081.12,-72229188.82,159533610.77,159744510.37,452688471.16,159497887.24,26824929.99,-61359922,97126939.77,10994202.29,92280808.45,-39169397.35,159493084.25,-87002158.81,159788687.39,159498767.38,48339653.49,27298177.62,39801721.45
-72882197.5,34475971.33,-36256571.29,159491663.47,-32945211.29,159721132.67,87052139.7,69579905.22,-69133728.57,52015269.91,-1937088.51,86146684.34,16888383.46,-62672553.35,-10544720.55,-14338907.81,-78114589.97,-82620064.16,15178170.18,11683468.36,-50877371.74,56424889.48,24398287.16,22472541.94,33003391.4,65650147.62,-47900690.97,-63913351.35,78277675.03,27133346.7,-35631425.29,-93482772.22,4515655095.52,-47134555.76,-53944039.38,612865282657.6,90605595.45,159484972.29,-51860890.25,-30892468.92,87152354.82,-5145192.47,47239991.71,159499759.39,-89030009.97,159489379.53,5838770.22,78695575.4,159706802.48,159487353.27,159487804.09,37728459.85,49744559.46,-71570016.93,37544734.27,52219445.32,91198291.81,159549896.22,159497460.08,-77896575.06,-9276228.09,-72907299.1,-23317990.79,-98366349.72,35767482.02,-12138659.08,-20721283.73,2780524800000,-63034051.87,-19732486.74,310843906389.91,87518637.71,21470047.37,-24225168.54,159484793.99,-21779439.1,159496682.52,96751519.25,45073572.73,159671280.47,11182940811714.66,3747529.81,-90383559.38,159502635.02,159727488.57,373615872.2,159496797.18,-63962671.69,65884773.57,68332237.59,67213772.07,58049890.8,59268113.21,159497646.39,2820408.9,159787776.67,159496578.63,89596886.65,91101706.45,86703919.16
22673073.1,69066922.61,66831645.67,159497004.27,55970768.12,159752995.15,-95146552.13,3197640.79,-2457404.05,-88021184.59,83470854.94,60040829.55,46917172.29,-83128431.31,38484612.84,-91355218.12,4175063.46,-21935938.89,-80385083.18,86653157.16,-83208566.86,-32862468.38,94838385.93,-12149642.32,-35088181.13,26158862.82,86477795.29,-73688034.3,-33083340.68,89076238.28,-53644743.84,84129664.2,4504666911.98,11213907.04,97182574.29,541670722613.38,12265607.51,159489471.95,-38868078.15,-56741369.45,-13532007.33,17483359.86,-4187112.57,159493884.99,89236522.29,159486446.84,-83880626.87,92763835.6,159738107.9,159482899.39,159485798.15,75853394.63,-98762967.51,-45253280.77,51829658.62,-73628620.66,68154443.07,159551396.03,159500420.17,-32781669.32,-97302209.99,-85720476.22,1481853.74,-15780353.9,27858072.31,35010110.68,-97249697.67,2644531200000,-67911096.76,77658349.5,310843902264.92,41481518.26,-6434505.25,85684510.04,159490711.31,39024836.21,159500351.15,93228511.98,6564672.19,159708404,11724452037955.41,-88206374.44,-72538005.97,159523723.98,159743879.75,425927686.74,159492324.05,20264057.12,-61534923.78,56179003.5,-55068472.28,96728596.26,82924408.48,159498955.1,31934016.71,159780519.61,159491661.89,82734970.24,84887878.24,70459338.24
-40097108.73,-72997124.46,4483206.56,159498138.68,-58094233.96,159764410.18,-1761393.44,85915835.82,97263826.78,36784872.45,5681962.26,82210706.26,62522758.73,-72853058.21,67593157.92,68298621.13,-12974082.08,51009058.28,67565202.42,25940025.97,64196085.67,-80075145.59,4947489.41,17232040.23,-56263547.41,-39220027.26,98996221.15,-34227601.98,-46446155.08,-45169344.75,-34183016.9,32075491.08,4543567105.4,10075467.06,11102495.75,400865637257.55,62150939.39,159494832.93,99605053.86,86805301.98,-73594667.22,7715115.62,51926198.1,159487455.56,10485987.01,159487530.28,77940768.78,65345656.66,159739975.92,159482853.53,159488024.13,81412958.4,-79241155.65,30103002.83,87826927.8,-10177211.39,76596704.17,159548251.29,159498923.69,-86544879.72,82910208.12,6019772.84,38447378.19,78370467.13,16260870.39,-25317844.13,98984050.73,2501280000000,41936198.99,48536301.14,263949044644.97,63014095.26,-88842653.88,-89174978.46,159496200.11,-96719956.11,159499485.07,-41925866.52,-27300015.72,159727638.59,12125158177957.76,40557852.47,-48933620.98,159535020.67,159764993.9,392401361.17,159486998.91,37868818.36,-17579602.2,37862610.03,31044509.66,-33825652.16,66879101.9,159495965.77,-9591872.59,159785648.85,159487137.38,43464735.66,-71803602.57,40798193.99
-5824612.86,-81098446.63,13449354.36,159495240.66,31212060.06,159772382.94,55645097.74,51578947.41,-23233614.44,-42896065.94,-94419422.72,-2216953.12,52623669.27,12805516.04,-22315582.05,27781127.25,-81528415.58,-21345605.04,13895374.7,-58477927,91870601.59,84422248.17,-6929791.04,-1098274.21,-32874043.62,97275618.72,-69598448.21,85102290.24,-42790949.46,-23150660.71,-51961252.48,-90039400.63,4301176017.74,-25428073.08,7242704.79,597023194464.66,48863109.65,159497899.35,3741220.9,-98010760.89,-97935402.01,-54762012.59,-70851443.52,159483909.58,-59915388.12,159492076.14,-3904301.2,62707746.92,159751250.26,159487174.4,159492964.92,-25566176.51,-73692764.63,96460270.79,48459425.8,-7387571.41,-55859506.13,159542420.95,159493608.86,73770866.22,-32102624.98,-44137288.72,35408955.46,-85883768.35,-87130638.17,-36428003.3,18418890.9,2355004800000,-96222181.47,-68671077.97,263949039906.19,19442544.29,15092780.93,-92201064.57,159501445.75,-14204214.81,159494974,39846859.61,-73886638.34,159738307.39,12722021876503.28,-92332609.6,59436203.18,159524413.6,159762503.46,354058811.66,159484217.88,-32156882.94,34805610.8,-51227356.65,99909855.99,69161651.37,74698448.83,159490125.75,80743953.61,159788543.63,159485851.83,-76950476.11,37561959.97,26300121.91
-42842199.53,97980126.54,82119079.41,159490526.13,-16909777.49,159788202.74,83460388.54,62417088.31,-60982875.26,74743857.8,4709146.19,74289578.87,-7962697.99,28950694.04,-99212981.56,-99389067.55,69691065.74,-7221707.87,47926208.35,26311949.38,-23804414.37,18474482.76,-3496079.77,-5127040.16,18788989.83,94551964.63,22601788.12,90228422.04,-8187273.05,-58434574.23,72229954.67,-44537529.42,4334743749.11,23072536.2,22231561.52,169419776919.62,59175274.82,159496868.23,82924492,-73164438.08,52277546.59,-25807052.14,96293899.49,159484835.66,-52248349.73,159497316.89,37388624.81,13975503.96,159763182.71,159493422.62,159497528.22,21204382.29,17053305.7,43837315.54,73281974.02,-88911692.01,62934049.98,159537017.97,159487072.45,-66787109.53,16204410.25,-7566166.31,-42625484.64,-67837865.84,-29193244.41,-10773998.43,74666409.94,2209507200000,-97654899.38,19695412.2,276080539665.36,-97023742.3,73219262.47,11776680.34,159500609.24,6394944.41,159489553.2,-24838879.04,-11703403.95,159778282.01,12891282160468.56,-14054885.24,7267868.12,159526367.46,159801900.82,404014459.64,159485733.16,93012049.21,-36996720.44,-17244790.67,-36980063.8,32129269.59,52628078.2,159484644.44,59826894.33,159788748.32,159488847.49,-24263136.86,-75725181.29,-39612539.23
77448026.55,-42488604.53,-43690047.26,159486884.7,23119458.64,159795265.31,16977471.11,92206454.08,-1363662.06,13745640.37,64649707.12,23081235.18,61562800.86,42513238.74,24133484.69,-1786097.02,49901011.87,-27567186.44,45660665.49,-81314139.94,84136466.84,19846851.65,21796013.29,91358663.69,57639110.62,87593342.02,32788145.13,76525378.96,22445163.06,99837953.32,96627674.15,-87082792.48,4371899233.41,-28092498.35,14015347.66,-205120879127.43,81040160.57,159492426.62,79807050.54,15202411.17,3281374.55,-7124465.5,-39294156.9,159489509.78,99066524.92,159500110.27,-36492791.75,-45652439.88,159791050.99,159498246.01,159498839.13,-88047389.41,-11090586.38,6863971.55,-13753447.82,-8758316.5,-81170273.78,159534950.22,159482836.89,7779926.93,73075065.79,-31754874.83,-83707245.19,46156049.91,6703201.07,8079891.18,-97005296.34,2069280000000,-73555962.06,-68308377.88,276080542865.15,23299374.52,-6814217.38,-33155595.89,159496969.45,-27202951.8,159486501.21,-84085448.2,-3936271.72,159778394.92,12686001791546,80589807.54,-97024998.82,159527781.02,159809548.24,415655584.7,159491145.07,21372640.24,-51900657.03,-33742026.84,-88035917.51,97315305.34,-49192770.13,159482620.38,22686889.16,159785441.94,159494605.17,46538314.26,99715200.72,71841583.39
-31741820.6,-50753812.73,-75987951.93,159486399.48,694528.38,159771893.58,876495.41,-3147065.24,-40491349.37,32968453.5,30766637.4,20535555.78,5516932.15,10164717.24,-4794133.82,19153194.56,-30527789.35,-37935626.4,60214202.72,-10143421.09,46755721.23,-80866058.21,-1786646.16,-98654736.63,49527305.78,35667373.23,-55529872.64,-23119170.35,95650856.46,33595325.51,5270987.17,-11328495.13,4184467917.53,-89309378.99,18903422.73,-217057593035.44,32272425.35,159487267.81,-94548988.91,67937981.41,-96774559.13,-61728955.46,19482605.53,159495048.85,11098292.31,159498552.91,-64999992.35,-85124386.46,159803004.53,159499164.5,159495909.03,-39897211.88,-42647220.23,-24694499.85,33986703.63,21334727.09,95238606.05,159537142.27,159483102.82,-90010373.57,34459058.27,-47918727.57,24757872.67,91023675.46,85600911.76,-70161528.71,2915207.39,1938297600000,-87397211.36,17425345.43,276080548028.42,17931248.36,-67798735.82,-56730553.75,159490854.97,-58814648.66,159487551.24,8090126.05,-82997769.11,159766006.88,12468784710560.76,-94051064.16,-1491129,159522374.93,159808295.78,294994369.34,159497664.55,62754788.43,67490994.53,-10403957.58,63517791.31,-13511036.3,92538351.65,159485376.81,-42853969.29,159779505.17,159500003.4,76623235.68,38179204.63,72349214.17
95387464.18,44483528.33,96910792.65,159489581.68,18022789.43,159731995.85,35990016.08,96956961.52,-4237036.9,-22660682.77,-82311104.07,59184261.65,-67621646.43,-34796814.04,-10472004.99,99481436.61,46719284.27,46712517.67,-37163884.87,-40603177.9,83430169.62,86174405.7,-27672967.77,21005482.45,-80979707.28,-40240438.37,34688197.8,93338301.07,-14393285.34,-68784941.8,75073046.48,20802113.18,4103450983.52,-60244182.53,-14874114.79,149701380999.58,-80574897.05,159484594.17,85806173.25,-66967900.92,26918081.01,33620663.02,76789744.97,159498233.23,94453352.87,159493209.88,-14579636.67,-84147181.98,159778400.57,159495983.63,159490232.5,-33180780.62,57433951.63,80486526.62,23111379.15,8921639.24,-28916062.62,159541656.54,159487694.84,-59585299.73,-47524112.69,48119922.2,-76729730.11,-34387354.91,68236800.18,-70001963.06,-91663776.05,1820620800000,16881092.38,-66088285.81,276080551943.33,16337227.93,85684454.8,-25540564.37,159485925.71,-5004806.07,159492028.94,-32276350.64,-82919605.04,159734869.2,12618326603366.56,-99180243.04,-80369027.99,159530760.77,159777002.36,430849039.81,159501869.61,-58306385.09,2022420.02,96625239.84,5218147.73,-80338204.92,66745562.75,159491497.73,-50797783.66,159772793.7,159501938.45,67313279.69,2241780.2,-792245.22
7613287.71,14334092,-38152189.12,159495273.65,-6246539.72,159733955.24,74117522.86,-84644941.48,97587711.4,80910468.06,73189140.59,-58005243.55,57803832.19,-20411043.02,26170826.11,27197065.47,-85431523.55,-69789989.4,20700757.81,-96753557.05,66927323.86,-18426153.12,-2327276.18,-35250717.24,27806134.36,-52901195.29,-84330785.7,51071855.95,25051046.37,-15880001.8,60301518.4,71121632.91,4093592896.7,41358866.43,71499753.03,48162300130.95,61858097.56,159486256.01,-83110859.8,-99397536.24,-31873927.7,-5696151.21,37268168.96,159497296.95,-93735431.28,159486821.18,-97039755.86,-56668955.44,159744796.69,159490845.31,159484970.08,1583917.68,79344641.51,54670331.12,47197702.15,87424994.41,-94969551.55,159545792.29,159494123.8,-18947656.34,-22435641.52,-37797084.09,50197167.31,31878811.85,-2192606.31,50881627.03,35114539.69,6039187200000,-72577374.36,23648355.68,276080552163.75,82627906.14,-4590289.17,-39037269.53,159485119.56,-3198394.92,159497216.87,-21730690.28,30271333.6,159706777.43,12666329413322.51,77357712.62,50627719.19,159520973.25,159741652.92,253360421.58,159501539.84,-88629846.3,-78270217.97,-25787575.39,-84377582.45,-48392335.05,-21902898.88,159498065.38,-40161273.1,159771159.51,159499165.96,94626878.06,-7392614.52,-16197659.23
51729060.1,73652470.79,-40788047.03,159499817.63,-89587512.64,159751106.18,73170542.33,-25435077.11,26990577.65,88600399.13,422619.44,-29737753.12,-90113275.06,53385688.12,27287437.51,4938241.07,-89370771.29,-51129298.73,99678210.79,-55997931.27,-22457315.91,46453397.02,85406457.74,27290384.57,44017911.26,-24233798.36,62620761.28,93247782.41,41464694.2,52870846.35,-69838083.53,68841925.2,4163504370.99,30320763.07,-22530802.01,-16459123022.96,-94267310.66,159491659.71,-74900592.48,17743313.51,-80302496.03,-39924019,23507272.12,159492921.15,60672175.46,159482795.79,-73384810.84,-46242265.56,159740911.11,159486970.75,159483174.29,-40883163.66,-37921942.45,40322492.95,-92365105.32,-99503817.73,-23234.55,159546701.19,159498977.26,84284176.21,13171151.54,-50016990.02,8273354.59,60385573.2,87523548.59,80043151.62,55738236.29,5957107200000,18708341.84,-87461644.37,271447001521.71,61169973.93,-95510784.49,-29778460.17,159488089.36,-58738580.4,159499914.37,74186802.29,-26157767.73,159732232.66,12649710797651.94,76952800.25,-33325912.09,159532898.88,159756962.25,231108169.49,159496886.35,618363.34,42227851.35,4579122.31,73678254.94,-14962838.19,59405335.18,159501984.48,62658633.2,159775246.39,159493084.91,-35425500.52,75533425.55,47649999.23
9286592.91,-71390326.13,58794339.33,159500189.9,92776651.72,159754609.3,3591623.24,38713118.82,48594726.79,-13495293.07,13967320.39,-14396757.49,-69940644.98,45669603.67,73815769.94,-12908976.38,-91834071.88,-6708187.93,-41482262.13,95914719.09,-57822119.27,-94026475.44,67045187.63,44689510.11,-67179196.46,95896115.34,41265704.1,-61716423.28,20709631.37,90595198.57,-6250098.48,18813252.07,4324074018.41,44938916.14,-49140466.52,-12047462342.13,-94000923.66,159498047.45,98789256.04,-49585826.21,-67716660.47,84257276.62,-18697637.92,159487813.76,95692622.84,159483314.09,38672253.39,-86279167.94,159745689.85,159486791.39,159486058.29,-27872084.47,58474147.34,86664450.03,-15858731.57,95983731.17,53689998.53,159543433.84,159499799.33,-48439276.98,2664971.15,-86754699.09,-67249390.14,6667457.2,-90497071.81,-10567523.26,-15010195.34,5896713600000,-41101872.23,3130449.81,250919844254.19,-40480498.56,-54987587.93,66341318.89,159492643.77,98257837.59,159498283.61,-27668337.87,27614014.84,159742937.82,12637503841113.2,50148188.47,-63353814.36,159540183.89,159743655.65,230284860.09,159490418.55,-67850500.94,89639710.59,-76542646.99,17680062.41,97605265.27,-28597400.61,159500988.17,-18428368.67,159781847.4,159486785.5,-64824035.76,-45879638.13,84740569.88
99836559.53,23663436.34,65531106.02,159496292.33,-4767220.17,159764481.89,92788951.35,14435985.35,-11087363.41,16993085.51,45369300.42,-66699575.86,-92262341.77,12716619.95,-2014734.5,73157571.3,-55541089.94,56494811.27,-82917535.91,36544862.32,-62762007.98,23914615.47,88597913.21,-44919255.02,45436146.57,-41086725.17,42216287.28,-83324416.47,-6124231.88,98559681,-11125538.8,-64045277.74,4256935790.69,6271787.39,27460258.35,139206883443.82,88810222.93,159502027.15,-83161371.1,-32189584.04,-9567058.13,-41802878.45,60524085.84,159485208.64,60483940,159488149.48,89475704.04,-54974533.11,159741080.55,159490557.85,159492285.12,42942334.79,16142215.64,22529655.66,1861318.41,13190611.05,-23870574.42,159537669.5,159496496.52,60838746.59,-49490683.2,-1876903.73,7277352.79,2243604.54,45878249.14,-14120429.53,37213110.87,5859820800000,-62524558.39,-2701401.36,250919840070.06,-56558034.12,-22347869.66,-19102639.36,159497637.46,26857985.81,159492964.77,-1170689.09,-69817857.96,159752329.99,12776551230515.29,-8685499.87,30944261.46,159539019.72,159762867.08,272330374.95,159485616.78,87080042.37,40506874.4,88981370.12,-25334010.04,-5750537.94,-71402599.34,159495513.01,33923625.84,159786977.47,159483471.77,-70698627.95,-78264510.51,73197468.45
-3203468.58,30206418.65,-71339677.83,159490029.45,76916751.66,159776186.74,-53130542.03,-61349839.71,12154242.57,5423026.42,-55364999.65,37762475.96,-44945232.46,-48286260.3,26253066,48696073.99,-77182245.21,-78562718.78,-65217538.12,20056163.62,-84014604.14,60843171.64,55218077.94,90679216.08,-83261989.79,-82076478.41,-58412510.5,-47733452.46,67855566.08,-72511659.68,85371437.75,-14086350.41,4290905364.83,9355186.74,19826090.02,-65523237416.83,73373933.09,159501432.61,68426923.36,3504327.9,18592236.04,84254571.1,88202622.24,159486900.96,46105531.8,159494729.83,84402349.04,-38955244.69,159750263.54,159496154.18,159498681.78,71793923.72,-97036587.28,-8402855.42,-64479034.72,-4609591.31,90042003.4,159532385.31,159491247.71,-64536614.32,49755202.65,-45077924.81,-90511573.9,87843319.64,-48278894.83,18333320.85,-30165791.9,5847638400000,18368430.96,49357449.91,250919839887.28,84611886.49,-68390655.86,-67338552.59,159497924.51,57316095.38,159486708.2,29497314.13,-11496557.75,159752751.61,12710868500632.65,-94889909.68,-51426282.44,159536204.35,159780411.07,310623696.5,159484885.76,-4325074.65,70250662.92,-50095871.14,71233476.16,-95264485.22,-66354799.25,159489748.99,-82818816.51,159788416.02,159484794.86,-9239569.92,-4541724.08,87283131.73
6499554.15,87377186.98,-74300234.87,159484704.18,-6053537.97,159788037.29,-25928425.09,76315713.94,-91093695.87,-3806196.31,3305934.51,-24371965.99,69579148.81,-27430036.98,26792970.07,-31258084.16,-46573047.21,-78887192.29,7709969.83,31833666.73,-89584161.1,31276697.25,26011107.36,51606505.44,60221072.6,-11590348.73,61312725.34,44275505.41,35090382.36,50624471.67,-83344435.54,-40211962.91,4368850296.79,69637348.98,85819873.27,-18939074223.12,41089156.24,159496550,41849849.97,-97606134.22,89685973.04,70155408.8,52587183.87,159492247.19,81499910.24,159499604.54,28036725.58,47339033.99,159772405.46,159500306.35,159501981.24,52961380.32,6379544.65,-68474872.77,70518738.6,59176890.01,-71383651.69,159530574.24,159487289.37,-39069462.83,90233064.99,-85826693.91,32881961.35,24620773.6,-50117845.41,48590836.11,-19705484.05,5860252800000,6252363.28,-3364721.91,253287482200.86,-99996735.5,-40762419.21,47310697.17,159494011.42,20753475.4,159482897.27,95709799.97,-75466863.76,159778268.13,12691769935781.05,95768902.62,11806567.33,159527763.44,159806120.55,378249236.2,159488317.41,23838998.93,78166208.27,41024123.23,61635661.74,95008334.43,1932802.07,159486439.77,-54228822.54,159785706.97,159489820.34,3550833.9,-70095274.15,-66000660.16
-24992720.86,-57649922.53,-44583024,159482973.11,86023703.09,159787698.93,-13916296.79,71186506.84,11115756.7,-52058447.73,29944420.52,96370532.59,-72421761.01,-4058353.43,4530282.16,43078025.07,-69689846.73,68612346.83,78472298.09,-82889627.13,-39797427.82,77571462.46,-99299432.58,-37795667.54,-6345385.96,22045816.11,91289161.19,48935619.55,70483501.48,77917987.88,-61561021.04,64775526,4416269461.66,-92805943.59,-92693872.65,-234085691746.73,85279752.6,159489968.41,-29292526.16,2667853.79,-64878370.98,-61469257.6,78600546.74,159498471.02,68759884.05,159500347.35,-79688892.38,-76418642.35,159797072.07,159500451.25,159500616.52,7884130.44,-59352540.21,-80685411.97,-1932869.19,40572111.2,35930912.26,159533371.57,159487038.05,-92906900.03,4340836.72,-36654658.95,-93537714.9,-98365054.3,-13502251.09,44637806.3,36474731.17,5897404800000,53086372.17,-36567300.84,268418951596.86,91301395.62,3750273.5,83029523.34,159488215.92,-67939157.36,159483662.28,3600864.52,37793531.5,159791405.87,12457524754160.49,-69953035.86,99580634.44,159526601.35,159819192.85,336362936.63,159493673.91,-72437197.92,44259062.9,-26609449.96,68662668.91,-13603973.8,67934363.96,159487366.64,-56228633.35,159780001.8,159495636.18,21007805.15,7345337.09,45718701.56
-46859384.87,-35893376.96,-55596060.94,159485961.61,-18455136.17,159795130.65,-64040948.43,5020898.51,-52385517.52,-71197470.11,-43123427.14,-37178030.19,28674862.08,96580805.48,-84897342.76,54026514.04,82614118.6,99282296.24,-19430716.49,-21638798.36,-41852612.58,36078088.74,-93472323.13,-76691098.87,-10680421.18,-74469904.25,58769754.05,-78810514.34,-70497121.77,-31179861.4,-98004658.54,-16647118.35,4438634336.1,84600893.79,-18605229.02,124902890686.9,-30681058.48,159485152.55,90490774.3,75849765.72,-23059069.54,78221759.03,18713829.8,159502226.97,7448294.23,159496897.98,11470333.99,45009239.89,159802436.87,159496224.49,159495562.28,74888082.99,40068207.76,-15688953.6,-59388244.45,-63237675.19,82453946.91,159539586.07,159490732.95,55738906.22,-98822537.45,-61238264.15,-43412803.84,-50051205.82,-5318224.6,-89643068.98,-84669101.29,5957971200000,49033409.95,70511872.96,270094204148.26,1591368.53,-2244088.93,38909465.68,159484589.08,58873689.63,159488703.09,-93391631.62,-4586438.56,159787026.45,12582268153918.54,8397342.91,-49643306.42,159519991.34,159814626.19,312923980.37,159497743.47,-41132356.84,-50300307.36,-64265959.94,16851716.45,40855901.17,98013582.71,159491712.26,-85031958.48,159774521.74,159499005.5,-14653745.98,54842578.28,64816940.02
-50095896.18,-31434653.22,45599381.49,159491874.64,75112213.08,159803138.5,15855826.58,47218324.97,-98328490,-69873783.1,46040426.8,28676225.42,29713028.32,-51657046.06,51100714.64,61954001.6,24354256.44,-99134235.34,-20244265.71,76331770.39,53361386.87,1295396.78,41826678.08,-92819171.65,-93628924.01,-19726976.02,20448786.43,-55003499.81,-56540241.58,-26611325.11,-96485472.61,-29353059.21,4698655401.29,14919739.78,87880333.52,735260402360.08,38039867.09,159484508,92730504.88,-38843440.26,-80242234.22,49635171.29,-17354136.94,159501389.45,38108230.15,159491498.15,-23414209.2,-26027397.58,159810999.07,159489691.11,159489755.97,-69509402.65,13343567.33,7290986.43,-62931520.22,-39955804.7,52339513.73,159545824.16,159496212.83,48452475.87,99519919.2,-2454024.87,-73408023.58,-91493001,13740503.16,43697996,34751332.71,6040310400000,-60086744.23,76553204.88,273313017039.79,22600676.68,-51923000.5,57096501.48,159484539.21,22211621.46,159495386.07,22259671.17,69124420.79,159787078.63,13317369062827.62,-32005975.68,20926501.21,159521879.48,159806414.88,324003442.44,159498074.2,-41358589.46,-59063.7,-8141857.42,-83638384.77,20138668.59,19181683.33,159496764.16,-48531403.12,159772237.5,159498192.84,-33709545.86,-63286861.4,-48633683.44