E4,U0dFUi1Xwqd7Im0iOls5NywxOSwzN10sIm8iOls4NDg0Mjk4NS4xMDY5MDk3NywzMDUyMjczOC40Mjg1MjE5MzUsNzQ0NDM4OS44OTE1MDExMTNdLCJwIjpbNDk5LDM2Myw0M119wqc3NcKnUVEzLEhKOCxVUjMsSkg2LExQNyxQVDYsQ1MyLFNKOSxPSzgsVEM2LFVVNCxGRjcsTFU1LE1IMyxaRDgsSVQ3LE5CNyxFRzcsTkU2LExJNSxaTjcsTFc3LE1KOCxERzcsT0c2LFRLOCxMRDcsWlUyLENRNCxWRDksS0gxLFBYMyxGRTYsTEc0LE9DMyxWQzIsSlYxLE1HMyxDSDYsTFkzLFJINCxMSTQsQ0IyLEtQMSxGVTksQ0cyLExSNyxIVDIsWlkyLFdONixUVTIsUEgzLENNMSxGQjEsUkk1LEtRNixMWDYsT0EzLEdMMSxDUjAsQ1c3LFNIMSxBVDgsSksyLEdQNixSUjEsWUIxLFJLMixTQTksUE4xLFFQOCxVRjQsTVc3LEpRMCxEWjUsUUoyLE5MMyxNQTQsWk80LFZWMixKVzYsTVQ3LEVDMCxHTjQsRkg2LE9BOSxaVDgsQVA0LFNUNyxXSDAsVVYyLFpBNCxDUjcsR0c4LE9SMyxGVTQsUlkxLEJEOSxHTjYsTFcwwqcwOjQyOlIuMjIsTi4xNyxOLjQyLE4uMjcsTi4yMSxSLjEwLE4uMzUsTi42MSxOLjYzLE4uNjIsTi43LE4uNjksTi43MSxOLjc0LE4uMzMsTi40OCxSLjE5LE4uMTksTi4zMSxOLjQ2LE4uOSxOLjI1LE4uMzcsTi42MCxOLjIwLE4uNDcsTi41OSxSLjEyLE4uMyxOLjU1LFIuMSxOLjE0LE4uNTAsTi41NCxOLjMyLE4uNjYsTi42NSxOLjI2LFIuMjQsUi4xMSxOLjU2LE4uMTUsTi42NyxOLjQwLFIuMTMsUi4yLE4uMzYsTi41MixSLjIwLE4uNDQsTi43MCxOLjM4LE4uMTIsTi40NSxOLjIyLFIuMTcsUi4xNSxOLjEzLE4uNTMsUi42LFIuMyxOLjE4LE4uMjksTi4zNCxOLjQ5LE4uNCxOLjEsTi42LE4uMjMsTi44LFIuMCxOLjQzLE4uMTEsTi4zOSxOLjY0LE4uNzMsTi4xMCxOLjY4LE4uNzIsUi45LFIuMjEsUi43LE4uMixOLjUsTi4xNixOLjMwLE4uMCxSLjQsTi40MSxOLjI0LE4uNTgsTi4yOCxSLjE0LFIuNSxOLjUxLE4uNTcsUi4xNixSLjgsUi4xOCxSLjIz
QQ3,HJ8,UR3,JH6,LP7,PT6,CS2,SJ9,OK8,TC6,UU4,FF7,LU5,MH3,ZD8,IT7,NB7,EG7,NE6,LI5,ZN7,LW7,MJ8,DG7,OG6,TK8,LD7,ZU2,CQ4,VD9,KH1,PX3,FE6,LG4,OC3,VC2,JV1,MG3,CH6,LY3,RH4,LI4,CB2,KP1,FU9,CG2,LR7,HT2,ZY2,WN6,TU2,PH3,CM1,FB1,RI5,KQ6,LX6,OA3,GL1,CR0,CW7,SH1,AT8,JK2,GP6,RR1,YB1,RK2,SA9,PN1,QP8,UF4,MW7,JQ0,DZ5,QJ2,NL3,MA4,ZO4,VV2,JW6,MT7,EC0,GN4,FH6,OA9,ZT8,AP4,ST7,WH0,UV2,ZA4,CR7,GG8,OR3,FU4,RY1,BD9,GN6,LW0
122809264.73,-73818244.49,64858704.14,79501442.17,-52513144.02,122807133.01,-75511079.15,-55532946.21,63704150.17,51079895.46,-67754333.34,62550748.12,-71785798.43,43570228.32,-82661044.83,-11540125.44,122813427.95,-11153220.32,96983216.32,-87426268.14,-97195406.29,57013471.66,81473968.46,6139145.01,-52011744.31,-22964971.41,-68543267.91,122810606.02,-35696705.77,-4683439.44,122916188.33,-90362497.85,-45698518.75,-15442578.41,-61546089.73,88659407.34,-42719782.24,-84345084.04,122822483.2,122813437.72,-26134425.87,-89023825.1,-75572286.47,11202633.14,122808923.09,122911550.25,-81160988.72,81810273.4,15279059582.87,-52315452.28,-49984331.79,54746883.82,8916497.46,-83343748.75,-58707774.53,122808078.78,122810044.75,24052370.6,-26967326.97,122810499.81,122905241.4,-59528915.11,-26591692.18,34644162.09,-18978332.6,-55310642.56,-35488856.13,62547633.53,33010728.96,-38908450.68,5346777600000,-3570420.34,-58606599.99,62283207.46,75204163.28,87359270.38,49566899.25,6049961.61,-58982240.75,122809870.03,15279060339.49,122809855.88,-67352091.99,-27078767.88,40769636.5,-33338594.58,-95902034.26,122905851.23,90952986.99,36387521.07,55730982.59,53764574.61,122810135.36,122846659.45,93571400.2,76872499.29,122813332.89,122812172.9,122808891.72,122821100.63
122810008.44,-20707595.83,29536285.37,70589153.66,-37771901.8,122808894.53,-61155983.39,2505561.09,76550136.46,-987979.77,-96296391.64,-71336355.54,30051172.86,14978601.19,-49883088.06,47071240.9,122813200.15,35359640.31,-28477658.75,26509565.62,17477409.55,-21477879.58,-74895771.78,52656625.98,97929730.09,14440181.89,76563400.76,122808815.67,21877484.35,26464209.72,122921658.78,14591472.89,98047449.78,3961396.1,-29398531.53,-83208912.58,-79707530.41,89393283.25,122864362.38,122814137.98,-19879855.39,-90972367.89,61856810.19,-57092585.15,122809078.17,122920056.86,19477419.67,91572704.85,848872808389.73,12304394.61,43482771.97,-56144239.03,-99190580.9,-70865544.34,-43079635.09,122807131.88,122810874.21,43922602.81,-56942813.87,122811520.16,122924763.68,-52466232.89,97796427.49,84688119.32,94945049.81,-27264098.81,-92122682.23,68943565.04,-45982683.35,-95174560.58,5200761600000,-34965619.99,-77558685.76,64433031.62,93005615.54,-32893068.84,-78455536.51,-89024608.56,30683450.32,122808498.19,432075935534.3,122810334.91,10279865.2,-32107101.29,-38796651.8,89020112.59,13337717.81,122923069.38,31001379.29,-65157339.54,-58663018.05,-68697735.64,122810917.87,122943364.92,-12141024.57,-49837108.69,122812145.9,122811641.36,122811026.32,122880041.65
122810587.36,19780986.56,-1964005.47,-91108874.35,-47073264.99,122810951.42,-49386098.23,-44269842.82,-84018661.25,10907608.12,-26533768,-36338317.89,-14785159.25,-26569756.2,67534078.4,16087700.79,122811798.54,-55419195.9,-39790313.54,-19464014.93,37275352.35,-66546330.39,-45043832.55,56481333.48,-2124452.15,78831215.22,9352758.87,122807221.4,11024313.52,-1687848.15,122921012.41,50867084.66,68125544.85,42462836.04,59226082.7,-58978345.9,-57305939.3,-91340043.48,209859713.83,122813456.64,-436301.99,-10120010.17,75289635.11,-10970163.75,122810244.81,122920562.68,73214801.04,-28602390.03,2175406997807685.8,12400530.1,-27931887.68,-68134406.01,17596072.89,-60029699.51,74670678.63,122807473.58,122810822.32,63035991.4,38066333.68,122812543.42,122925192.82,-70288760.03,26778436.74,-81102457.31,-90584008.99,96113491.88,4792442.43,34893176.19,-925414.38,26783971.48,5060102400000,23473585.25,53335351.82,-92385384.02,-24679831.31,-33707856.96,-70021919.35,30752804.68,-91262630.58,122808187.98,725423716561458.1,122810041.62,-69065147.28,38536253.11,-63491091.97,61808545.68,97542539.29,122920091.3,71217687.09,-54667547.74,84525750.47,-18227188.89,122811610.42,470873499.4,-7311295.9,81766369.43,122810757.98,122810772,122812963.47,296844490.29
122810487.96,-18464262.78,-40580713.96,-75360316.4,-18743171.12,122812418.27,77673651.75,27442159.45,38362355.56,3565061.96,-38370448.67,-85958496.52,5275424.23,-93072973.57,-74057832.34,58692319.4,122809754.45,68978934.03,-6613842.15,12791704.93,58651361.87,-11811329.22,-38034136.36,22157925.55,28617129.51,-21269473.2,-85167585.15,122806643.82,-1100616.19,-57238482.35,122809856.11,-36605100.99,46077862.43,30253322.15,68882941.32,75749816.04,51057977.19,-36800108.8,166518856.5,122811687.2,-23643223.84,29143003.66,95353191.2,-87180704.21,122812031.88,122816826.39,45713308.84,15703226.44,420708745553.24,51188919.68,10829177.46,-20625869.07,-99671218.5,73806994.93,36588518.25,122808774.64,122810153.38,-61265186.1,87337015.11,122812845.16,122813052.36,-73008338.14,-25311993.4,37666471.01,7024351.43,-27249563.14,78779055.11,-58696219.78,98017730.88,-66712513.01,4927564800000,-16677329.27,-82966894.87,32705568.97,75571864.34,95156830.04,1203051.91,-11585495.46,-60686701.38,122808844.16,544172964609499.06,122809124.78,-29105430.53,21527049.89,15512845.38,20273676.32,-12993680.8,122813493.68,-85812455.78,-57339011.53,-80024887.91,91985024.9,122811550.68,123886895.16,-2021209.04,-25156303.51,122809922.61,122810280.03,122813908.05,123080400.59
122809681.62,-28938304.68,51842444.46,78978216.07,-41690107.4,122812777.3,78832781.3,19847845.95,-70196749.3,-27064766.02,30753101.42,-81254510.77,70568192.59,-70120516.46,-49381946.88,39374086.98,122807946.95,71413437.21,-79770898.74,82175243.74,-44499435.49,-18569923.6,556811.74,-54020885.18,-65891216.93,-14586818.73,67245926.34,122807447.6,2465627.49,56624386.12,122884528.48,-39893651.44,640392.08,25605573.22,32760732.44,3978789.27,-88287789.72,-57006378.37,123078327.45,122809637.66,27947175.72,69818820.09,-32849392.35,4919718.42,122813620.66,122885357.92,-25429828.38,28112857.68,181997809546.23,-25032875.26,-31634601.53,90097378.59,80764783.51,95937944.41,-72759653.48,122810277.1,122809536.9,-30364389.43,2419273.13,122812023.03,122885567.61,-57453160.41,-65596974.42,-80882099.54,7380751.06,4599856.77,23491558.4,-4425134.49,-95680742.86,-18033120.2,4807036800000,-66343992.14,-39296254.84,-35302056.36,-42058820.55,38328664.96,-19134974.35,-18751831.41,-89289216.44,122809862.36,435374771250793.8,122808202.23,-21062690.08,5544204.85,24048054.52,47421838.99,66002244,122881046.33,20343792.23,-34964524.38,-75574676.51,97523243.51,122810511.71,122841352.94,20543677.8,21906137.6,122809972.3,122810575.03,122813566.13,122825228.92
122808655.86,43881517.05,-45655017.2,-71209040.99,79755092.3,122812127.15,61344481.47,-18652379.58,13238357.79,31189405.81,-63854352.33,-83634953.15,77539443.73,-780670.27,21144986.22,96446058.2,122807149.62,-92217343.35,28554978.03,-92015947.43,-32858921.62,-25135443,-90972900.53,80521599.73,-28461754.31,12967863.31,-26169512.47,122809333.16,-3438679.94,-84425830.63,122885002.86,38277720.35,-90051330.78,-82130784.27,-93086195.11,-16355647.78,-22936392.8,-38512913.24,123028840.95,122808207.86,-41010925.22,60985585.19,-32795505.55,-85137665.18,122814199.25,122885223.45,-15636362.41,21213835.68,970122811625.54,-45494983.58,-8234232.5,16820920.11,-21399628.27,89132144.06,72602398.77,122811228.35,122809629.56,-39397494.14,-72063240.33,122810263.24,122884170.7,-2710908.64,-90209024.84,71033580.43,74100606.17,98306584.51,5889429.76,-38309211.03,-48584306.83,-75572005.99,4702060800000,72387028.42,-26038452.86,-36484618.55,15393135.09,20937313.94,11417113.85,-28594414.26,-15071365.23,122810506.17,362973996510829.75,122808000.84,-48942856.48,64796018.44,76492171.02,3233348.49,-97458060.93,122882011.42,52714842.94,59662915.38,-52208441.19,62267246.23,122808870.3,122823392.06,-50993211.97,7103834.48,122810656.52,122811511.26,122812275.74,122820508.56
122808135.62,47083912.86,79073293.35,70918239.48,-4766500.38,122811086.25,32118702.86,63822832.84,-27396090.71,-58703657.27,-62432756.26,41146821.43,-18751355.68,-45413270.83,37267215.75,46841133.96,122807633.93,-41674798.6,2819778.47,-40411688,33616051.51,-58839009.13,40335517.94,16051481.07,-50303185.85,-96001216.19,-77648290.32,122811484.47,44121292.14,89096500.89,122884758.46,-27712633.75,-38157990.84,-53496120.23,75131954.61,52084067.5,49590477.49,75284885.9,122979179.1,122807924.59,33603464.64,-80626909.26,78647930.1,20916418.63,122813408.68,122884616.51,-31905975.47,-78964766.9,970122813421.6,-28216566.88,74174955.67,-645470.26,30571960.53,61354929.88,77881497.49,122811292.99,122810662.89,-67545918.92,-90728294.29,122808281.69,122883508.57,39430947.63,-12445554.73,-91386376.09,72481364.59,-58158621.55,-48839052.8,-66504195.42,18249900.46,-78397711.82,4615920000000,-33277075.07,-46280122.08,73589411.26,45931264.86,-86323006.75,55181758.11,20749107.89,56030388.52,122810348.91,311259157409664.75,122808917.77,44940863.8,77999328.27,66371038.31,48077853.16,83220839.7,122883656.34,-82930163.19,56531652.71,-34327999,-32919151.55,122807428.28,122823609.21,95843837.73,20061778.01,122811320.34,122812467.51,122810795.16,122821333.85
122808652.96,-35165913.03,-15898842.77,-55983093.35,81609376.13,122810410.88,59653427.15,-40924247.33,8296228.61,62792577.07,-94070059.26,-67370508.93,-33497916.06,1562691.4,-75723051.11,86873428.32,122809046.95,-74240605.79,60971609.16,12356755.63,30226572.91,89271267.47,25033409.11,-22856027.03,-8234992.03,14757740.55,-32649566.86,122812993.11,-21123876.99,-80425666.3,122921085.54,-29981931.06,-82841448.15,-44265520.48,27969110.98,-56505731.06,33050417.3,-96126125.31,122928833.14,122807318.91,13503115.57,840923.87,25338538.24,8613386.4,122811551.65,122931243.59,-94865081.09,-91220392.36,1685084413.08,12183866.19,21204544.12,-43262797.86,-92583272.98,4455691.22,-64076202.56,122810712.55,122812274.59,-97094865.84,64206122.98,-34818034.87,122921069.47,-96931236.37,21475877.4,74962598.79,-12641535.27,97549234.8,-96990737.78,847019.09,60501544.16,81868565.5,4551984000000,75291512.25,-34581365.83,30384899.63,-43645859.6,-73458731.24,37120411.02,-37567383.55,46919513.17,122809527.27,272351973366676.44,122810754.91,64116106.36,-69278786.87,93304583.2,44630194.32,3492945.69,122932209.27,-16763082.07,-76464373.64,-37770571.19,51810212.49,122806982.53,123259092.14,33701331.12,31774491.1,122811317,122812712.6,122809872.24,122846986
122810212.22,-53346818.48,46385081.75,41725307.87,86956586.48,122810550.05,-18923349.46,-50242384.41,-11210432.07,3914708.18,76538328.58,-10472041.71,71348667.83,63834150.6,-82241246.09,89587192.17,122810627.12,-60260330.8,-83458123.64,-88702375.82,-34550145.04,28148707.81,94013933.08,-41145802.2,-77922456.59,74613122.12,-78964606.73,122813331.51,49889003.9,2312877.96,122934324.88,-12865607.85,-13993394.44,-58484559.4,-74463495.48,84533739.16,5518609.64,-93477640.92,122877790.87,122812216.69,-30738730.04,-47125101.52,19505401.14,49235423.87,122809451.69,122936384.5,-72533106.75,71739280.94,11838765355.64,43637538.02,40764846.62,6616197.09,62923550.95,-70418700.48,-4516109.55,122810134.2,122813686.49,-43656081.26,-59898229.45,92154907.7,122900910.68,58765861.39,91203716.69,12957135.63,-76774130.59,-42732447.07,18160036.57,30843893.58,14159763.03,84340429.14,4510339200000,-87628979.79,-55451845.07,21967017.22,-83443896.64,95629298.4,-52752051.48,54877218.96,-55106289.75,122808661.41,242091958408850.9,122903478.44,-93680823.7,23065976.91,69739908.37,-86105279.82,56302560.91,122902383.21,-36772068.84,90606392.47,29289004.74,-46329991.16,122807886.41,123092514.42,-79756247.71,-47317771.36,122810422.8,122811848.82,122809838.73,122853362.08
122812245.32,10532865.32,26681397.38,10045684.16,-27116860.12,122811378.26,98078252.23,43920823.2,-87561710.81,-90898092.47,-19510160.85,94062940.83,-34469026.84,38916940.42,-87329299.23,-84538073.31,122811632.88,83773049.03,31003783.01,-37548788.12,-32473452.18,52426975.84,-47808871.97,-65065183.4,13880973.27,-10198662.66,-1163991.79,122812589.24,62384635.55,90075340.71,122923781.89,-17639194.24,-15641952.5,10812744.19,6097376.2,-15064013.12,24705655.7,71863731.08,122999090.5,122811197.83,18303832.13,2502421.41,50368144.06,-99092871.33,122808011.9,122946642.39,52620088.56,98597555.98,184810812250.32,-80639787.95,-62289593.21,-26690573.03,-70504712.28,-68961766.39,22519508.62,122810185.21,122814119.7,-37953104.23,-15120538.15,-503229900.88,122927122.44,30394045.32,-25375434.31,70650556.88,20600797.74,-23668250.28,-97919147.82,-8299727.45,-29878559.04,61423353.22,4492972800000,27914987.38,-7981452.47,717647.11,81830242.51,-12196036.39,24314142.07,67177710.03,-13154732.01,122808486.2,217901243648154.72,122921145.59,-87487375.08,14514969.17,-70593080.01,19934969.44,13954692.15,122946821.53,-92126248.52,-55761354.8,-22565742.15,-10002643.87,122809829.76,123964015.18,-71275161.07,-40809722.77,122808979.17,122812641.63,122810455.62,123043519.66
122813889.14,-6440781.17,9032526.56,62180263.85,11880691.81,122812278.85,11248739.38,33106379.69,76818174.72,98016912.08,68590122.13,-46536717.39,99187837.3,-36759056.75,53650079.23,67718650.68,122811741.72,-78812527.18,10990666.47,18038420.76,6026613.64,47026063.9,-76290330.89,59942873.06,-51495377.74,-27022539.45,-93228870.12,122811394.29,-22630614.81,-31903791.87,122948750.14,39241987.63,-67136602.01,-90599556.62,23838573.28,6234688.82,-95345072.12,-63361089.04,122957951.66,122810725.86,50542702.5,20995687.79,-67115123.54,-71313389.53,122807763.5,122967835.22,46262651.74,-59390106.52,6110465018.77,-44674925.32,86637403.45,61749460.5,-29278290.12,-72161158.19,77578159.99,122811088.28,122813236.55,-72803464.22,-93615531.09,-503228062.45,122951656.72,-35565723.19,79499056.52,-21145846.06,-97133934.17,39194955.94,-6704120.63,56862662.31,-10421772.52,32058215.06,4500835200000,57028570.71,20904100.61,-33348405.12,63355543.66,43550068.51,60419313.13,-69694571.07,-12432847.11,122809403.56,217900326789272.62,122921180.88,-85842866.51,52615669.27,19218947.78,75890064.92,-84970600.23,122966029.5,-84438893.04,74487832.33,69892548.21,94655966.67,122811996,122886643.71,-39466051.92,38619825.16,122807739.34,122812503.8,122811091.49,122824065.13
122814434.36,68616736.25,26134862.47,-37819082.11,53757290.39,122812519.1,-79711350.45,24625872.23,36391683.76,2718977.31,65748691.44,35248271.68,-9126911.07,-73923864.42,-8756382.06,18581790.02,122811197.19,-44853958.82,53515574.91,84425892.85,2836510.15,-69725216.78,72451584.64,23786898.85,86621733.19,-27128670.98,84298050.17,122810534.91,-55496043.96,-79592735.98,122965674.08,57667607.78,-40203611.26,14405347.36,-41865133.82,74219102.31,-61576070.88,-3675935.55,122917837.93,122810031.22,2196102.62,25649723.99,45259198.93,20056688.75,122808616.28,122970108.69,69852619.41,-22475495.98,970122809747.96,67365567.81,-22079556.7,-1486315.24,567640.96,-91258288.09,-93582785.34,122812505.9,122811349.82,18907489.37,57165472.88,-503226440.1,122966234.01,99855841.56,69046267.66,72879291.03,-78790088.72,41223252.65,-6595477.63,-65606.66,-53220706.02,-76339098.28,4533321600000,-88108740.46,39994006.81,-64810334.8,-4804563.52,-13458683.16,67101171.71,-23082901.1,-52395097.88,122811212.94,217912451790834.47,122919952.07,17383643.63,-64410750.26,23760247.66,-41491434.56,12580361.62,122966996.13,-63989690.8,-73090756.36,-31273379.58,-42051926.69,122813483.86,122819023.62,-74414627.39,-97978351.64,122807460.79,122811423.55,122811125.45,122818879.15
122813697.48,-27810680,48441705.49,40858318.03,-61474582.09,122811691.6,-95835221.53,-88807755.86,652227.63,-11257433.98,-55016831.09,9036845.3,-49357153.36,27492799.07,-35046200.39,8151927.08,122810626.56,11062878.85,-75179150.33,-93995033.77,-42933979.76,790876.18,12144724.31,97689627.34,18365379.61,-62020633.2,4246710.66,122810492.3,60458027.62,-70064858.13,122812349.95,74305835.94,7854507.98,81027775.89,-43110731.82,-14394781.54,-66587472.89,-56216514.38,122878712.85,122809227.26,-34639268.22,72525495.22,55610101.86,-54205732.11,122809937.37,122814454.63,67699447.35,-22327421.15,970122809710.13,69644682.42,73262105.14,-19384375.08,27658238.07,-99465495.86,97864255.31,122813699.52,122809268.56,-79999140.18,-68639731.83,-503225694.77,122809650.12,-48289674.86,-31193846.65,-73878192.48,72053388.24,-37354954.55,17922881.53,37649812.4,-38254969.39,-79136001.68,4590345600000,3802963.47,26146716.88,87828878.67,90237775.13,7834162.86,-38300765.35,97053582.1,61947772.46,122813178.16,468764292489.39,122918084.93,50323282.66,-70894496.5,-23138832.91,-87269429.76,45357252.97,122811825.66,-22251611.74,-24210617.74,-72426804.33,61562184.66,122813763.08,122819822.15,39138912.37,-78025790.39,122808458.01,122797443.64,122810339.84,122817367.37
122812109.42,74958287.35,-60789124.51,-69354479.48,-98336006.97,122809989.63,62026549.44,47024344.17,35008925.2,34043305.66,7345647.13,-76236194.5,41060689.06,-87695015.37,93325218.95,91867755.55,122810639.63,-445902.18,-88701117.35,-33589557.75,14076671.99,-82489691.17,-18991537.71,-75648788.89,48429464.88,52469440.88,98087000.02,122811178.9,-31978252.88,50060889.64,122911905.96,-14831328.77,10832473.74,76722269.78,-62224856.39,-15151849.16,-40107469.18,-54259493.34,122873785.15,122809045.93,-69817129.5,38214086.26,37360855.24,-65915135.69,122810937.99,122934492.22,53813705.68,-52442016.67,15279060329.71,88789466.01,-48093232.75,99238140.67,-47065986.06,2426868.88,16499703.59,122813945.94,122807885.15,-69421533.02,-87611186.28,-503225946.71,122906160.51,50768465.57,99874369.73,89537413.07,68526794.47,34805864.89,83255739.72,8932555.97,-43703910.63,90479546.06,4669574400000,-86458932.42,-69479891,47886941.62,-21210999.43,-22423355.3,-73394855.44,33562084.65,72648267.83,122814400.78,428221324753.49,122916465.46,-15655059.18,60906130.17,99240983.18,-61544680.63,1102454.98,122934235.98,51384343.54,87016649.64,56293905.38,49275494.53,122812930.7,122849537.05,99984192.2,1325839.69,122810412.73,122809828.05,122809074.47,122816992
122810472.5,-20468996.09,62262592.08,16349469.59,70066521.45,122808142.46,69627701.06,65481333.84,-94665352.66,47635570.18,-95980182.05,-13326891.63,-469877.52,21951304.71,70325524.6,-40314601.59,122811443,-43157227.3,87564779.43,-71782907.4,83049291.58,4145747.37,-86924705.86,-89949357.32,-78733828.65,27995454.11,-91757476.48,122812007.73,-74198861.36,18965446.6,122936584.87,84142246.38,-68602959.42,3800521.03,3238459.63,6717144.63,63302520.16,-44649401.17,122868370.4,122809898.81,49690681.02,-65953702.91,-84587486.81,42505867.24,122811126,122932467.45,30221987.89,-37227669.35,970122810976.6,-67723762.91,-44803775.57,-30629510.11,64775735.21,59710020.78,57194928.88,122812955.59,122807717.8,-72881689.07,6968714.19,-503226748.07,122930809.39,68972144.46,-94782573.62,71383278.71,92843798.32,86487504.35,-17579545.28,21704199.45,95856264.99,-69910474.85,4767638400000,39220679.42,77060904.23,-66683340.56,52228319.03,79600922.44,-25767260.42,25847282.27,83614839.7,122814296.32,507033824830.74,122915768.81,-88887425.91,54443511.51,-93007628.11,89292250.86,44697947.83,122935443.42,61248589.26,-9842917.11,-40337563.96,-73161340.66,122811619.38,122820333.4,39267526.24,43351739.04,122812521.4,122811839.39,122808051.27,122817908.95
122809523.04,12682617.36,43697163.49,-2674636.7,-11285987.97,122807042.89,-19989384.95,72281022.87,-50420086.86,62338866.75,81282339.29,-75928639.47,44936167.89,-51861986.33,-42872936.56,-27929751.46,122812694.28,-16684856.31,-80153392.72,46015952.22,31957148.61,71515009.97,-69434147.28,-26452443.24,26675881.92,185572.71,16620428.2,122812255.46,-25600896.93,-32078708.24,122960014.77,-37860361.46,-75751373.68,54181648.25,42140720.75,-31370779.06,43796041.06,34282213.84,122861782.39,122811602.7,74780775.21,-45086009.99,-75156540.12,21133351.1,122810573.33,123009747.82,-2463483.39,-29343544.7,121372811047.59,-61549172.96,-65739553.34,94094560.64,-68973509.49,37537680.59,-96180662.18,122811060.03,122808662.09,-99374073.33,-67204646.95,-503227377.01,122956101.85,-76471514.35,-72046939.99,-99963045.3,-187650.66,-56210868.79,-53251946.31,-32924615.03,-60416697.66,74143004.61,4883846400000,-59215933.83,-54712614.01,-9570883.39,-35216972.48,-4676502.14,-43844264.58,68258184.8,73918537.67,122812910.26,422158824242.14,122916116.49,-26177659.14,-15980671.23,-69129875.83,-66264261.33,51720851.52,123015190.89,-83056414.42,-73143743.24,85497971,35120465.78,122810618.35,122829177.67,-80284842.64,14134434.39,122813907.52,122820742.42,122807966.56,122819656.28
122809544.73,19393488.76,91175298.58,16415005.25,41474296.62,122807270.69,-6588605.56,-76373853.97,4800590.55,-75936276.66,12848234.91,-91345849.03,-24164220.16,-50583819.23,88917778.05,-9767264.18,122813682.71,-39274354.66,-25318805.35,-68758650.67,-77885356.91,33459920.48,49503021.03,-22173996.16,-93007318.37,21913837.58,99258455.26,122811509.74,22548717.81,-8945322.85,123014049.79,-83744220.63,57933383.63,65530362.76,48509343.28,-15152251.59,68841697.05,48151875.86,122853889.11,122813441.24,86225747.58,-47538684.44,95905537.35,3467063.31,122809850.09,123008984.89,65100987.09,11829036.54,970122810346.92,3059508.66,-32700929.94,86215614.07,33982385.02,-56436551.14,15031266.87,122809059.72,122810084.34,-23497437.86,77247743.7,-503227282.04,123013497.95,-76064094.76,-78149619.72,-49204937.15,-31033638.08,75846607.4,-15975430.68,-17576985.16,82475348.5,44050373.91,5013273600000,72124505.37,19865171.94,28828052.4,77874486.82,53232562.74,61249186.28,6559527.54,70498517.23,122810897.77,422158823627.75,122917049.68,41983756.06,-849923.44,-93058937.74,-73411930.34,28914488.49,123014798.64,6421852.74,62840653.71,-93270641.5,-99223440.05,122810424.57,122818375.08,67586448.59,-62066201.41,122814071.7,122821518.88,122809082.1,122821408.66
122810247.55,42690170.21,-78089361.83,-49957136.29,85385387.27,122808775.63,65852834.93,-76432175.85,42219955.82,78116134.91,59887399.65,53886690.39,20328385.22,24094420.09,67161856.67,-79714919.15,122813735.54,-93908280.49,84684060.73,99223235,73253517.49,89929578.84,-1565661.17,-29795189.48,75107312.55,86234822.04,-45714593.98,122809943.53,82173608.05,-66044767.93,123014554.81,-85923890.61,-82842354.42,61687480.38,-66501866.46,87424262.24,13239504.77,-87603129.51,122850642.7,122814534,98251089.54,30192022.65,93503127.87,-68250841.68,122809666.78,123011435.34,84622378.12,-18857765.05,1940122809223.42,32310763.3,12870128.54,21008043.28,52127056.97,-60872458.08,-67374712.74,122807813.73,122811198.02,-81156535.77,-71882862.4,-503226420.57,123017241.99,-35234874.4,-89973452.88,-71861922.22,11247194.58,-93636092.35,-71801358.96,-66692750.27,43826048.61,-56172877.12,5154969600000,45604472.46,-51720720.39,-18100258.55,51591243.69,-5390087.13,-32139912.41,-44952380.03,-78035649.24,122809177.58,616002596566.97,122917828.26,-24731405.19,90275748.21,-14245936.78,64012468.95,20055453.25,123015230.82,78762153.27,89780239.27,67731506.34,71312528.05,122810977.09,122827485.64,5881727.39,-95175153.95,122813132.32,122821382.52,122811048.31,122832122.35
122810975.45,503301.81,-50278896.62,30907346.93,56457194.62,122810896.97,32999957.12,-1766559.83,-89999562.15,-93409147.01,-54251891.27,58437647.21,1363517.38,-93832380.79,-8626247.82,-25019238.6,122812619.23,53796730.02,-58172400.33,3300418.27,-51836702.88,32851900.2,33614271.98,45535237.41,9524834.07,-45735278.3,86365227.66,122808256.28,49681664.12,72386740.46,123014639.58,6561395.03,-71512809.54,-5079225.77,-29876400.13,30022614.25,58266222.29,-57378987.7,122847431.22,122814310.42,-28570281.02,-84864406.24,86956398.92,62871442.26,122810431.91,123013829.61,-1850726.77,-33607713.16,181997808382.71,18717008.56,-6903976.6,-89534620.83,36523411.47,-40434916.03,-60883771.92,122807797.45,122811507.53,-94343671.45,-94899420.66,-503225296.39,123018956.36,29503591.96,-38614361.07,-288419.89,-13897448.49,55298193.77,70750415.13,-71411557.77,36347511.83,91580401.62,5299862400000,96866875.72,-96567773.6,16084487.37,-32547983.35,42126821.35,16028170.75,56928843.8,51345332.05,122808450.82,633018502126.36,122917881.6,21968444.56,-14085091.26,24690242.69,11735222.05,-39840749.06,123014145.43,73493602.87,48821623.85,56265070.24,11862028.6,122811721.56,122837677.83,65030004.46,90181450.6,122811727.73,122820535.43,122813063.74,122827272.51
122811119.13,-47994806.82,-21947253.85,-22965508.21,-29113594.07,122812709.43,-71496300.76,23175211.64,-70624654.33,-60048668.21,-54766585.38,90759063.73,-80526456.16,24010217.76,51715213.49,78813928.59,122810704.91,-11925663.24,71269531.42,-6534589.62,-10238295.06,18249061.34,64154828.95,-23751127.24,79701264.79,-38816444.38,-56812601.08,122807309.81,7308200.01,-35529589.61,122916654.64,17893154.76,51218188.28,52458234.92,-54110140.11,94180119.13,84665845.48,71098456.51,122845010.17,122812825.64,-12185490.3,30285502.38,7613177.31,-75515037.81,122811980.41,123004732.54,-16802336.75,79958473.04,121372808479.26,-85972514.94,99768422.19,76778151.52,47435806.12,70070028.14,35063780.86,122808871.8,122811069.06,96408947.35,33193197.48,-503224672.1,122920429.21,-73598944.54,98939741.38,-4811612.05,43667596.12,-72318466.53,-86560483.82,-36402138.73,41741686.09,-86333270.62,5448211200000,15988748.74,-56594382.55,35548016.86,36701172.12,-11042238.81,-46895825.75,74196098.29,-32103437.73,122808849.87,626674703261.26,122917152.71,83443249.84,-88115132.5,-83618737.81,64293917.58,-9145505.27,123001765.53,-73564255.23,-92171135.22,4698308.36,-10923003.59,122811962.99,122829574.4,60458639.11,85564364.29,122810640.87,122818764.49,122814285.7,122821718.3
122810494.14,-66495851.59,-5687779.08,24439303.52,93461202.17,122813505.19,-1905109.45,33591284.77,6772950.64,6992534.85,94603776.31,57533993.62,-86844390.66,42055003.59,-88710417.09,82731522.5,122808799.69,20964139.41,-85003523.32,32459546.69,42293456.12,-97175383.11,-44941806.14,4689543.97,94560854.37,-39886209.92,-36023330.87,122807659.7,16920842.53,9183616.19,122985168.45,-52017837.01,39562130.25,21452066.56,-19492804.94,-60401358.35,-81560536.1,33615318.56,122843650.11,122810741.74,-86123741.27,18669102.61,-54895557.87,99190625.07,122813631.14,122986312.6,-52509080.58,-22121063.42,970122809720.81,-19223529.24,16465936.36,-91365358.48,-16224165.14,-41907324.24,-27233493.15,122810388.39,122810424.93,-14059295.81,-25941400.41,-503225118.19,122986858.84,65118249.65,10385926.93,68446728.37,15380663.55,14279506.91,-811326.49,25396640.21,62362749.67,93343346.58,5596905600000,74290900.64,91760496.61,20358360.21,26104497.61,-70716258.8,4587579.72,-21651.32,82026149.44,122809907.98,723075938665.47,122916138.14,19755105.65,28717548.9,-35107190.18,-94232579.6,-39982638.83,122981758.54,-52635660.46,11687823.94,77280105.75,19769638.62,122811301.34,122821995.3,76715746.92,11982397.97,122810361.04,122816923.03,122814265.63,122820985.83
122809465.1,-34566316.69,60064150.35,19473794.15,-75242687.35,122813146.87,-46456330.76,83200375.12,82678740.09,4570375.99,-92891965.9,94455089.38,-84039946.91,-22630245.28,-69979437.61,43099101.24,122807733.13,-80710183.82,-74840754.52,-43864268.25,-97913018.98,12132075.87,74396480.38,82320008.22,17836104.6,-98554764.19,-44961759.02,122809243.29,58151281.83,-66153211.18,122840865.37,-95102149.87,20164090.27,32577683.52,39059630.22,5794036.47,-67976840.24,-39881047.36,122848887.75,122808983.62,-33037583.32,-5899395.07,25039304.86,67189856.01,122814545.63,122841464.82,14306816.05,-55564370.35,4850122811713.22,81715732.62,36842322.33,-68082693.43,-31384816.94,94182006.14,14409281.15,122811566.28,122810254.42,-78111207.29,-13617321.55,-503226655.84,122840349.59,-17085982.07,-17503728.91,-20087901.07,20764544.41,73996512.06,52302850.66,-93858090.36,34676990.7,97935728.04,5736355200000,-71198435.51,-7365195.53,62046252.72,20362685.67,61243987.48,9936559.79,14600564.83,95798132.88,122810860.31,1111075938561.19,122915599.63,66121855.69,38477996.15,10168258.85,43869383.22,25585591.24,122837563.74,-95886679.99,37713451.29,16763590.52,-63969224.02,122809897.93,122862537.49,2883388.54,-96680275.96,122810829.91,122804503.15,122813168.99,122859647.42
122808741.83,12123392.43,31499982.06,-62906978.41,79773780.79,122812100.07,-27146587.04,-39693073,28814332.65,17049331.37,75708769.25,46281380.93,30834095.96,-28474582.85,-3464301.72,12892378.91,122807926.83,-56520632.07,-48365209.73,44210560.43,-94224728.54,54422985.84,31003824.82,-16503488.4,73946740.71,-27174095.68,7131575.18,122811399.12,84685784.53,18549030.51,122861625.53,-86597078.04,-13982299.98,-16411911.14,20149018.9,-5541175.06,15559152.96,-94527627.9,122848300.03,122808259.11,-86992749.53,-54620198.88,-97032246.21,85188550.25,122814189.24,122902863.77,22116104.05,34572290.91,15279063639.55,36985167.96,-17590329.58,-15055183.85,-51694026.74,5571090.61,-88214820.98,122811925.42,122810945.41,-62251082.85,-37698168.92,-503228700.06,122860153.32,-76417654.08,-80423461.6,-43180563.83,-80412127.69,75016479.24,92466385.72,-61625745.27,45464432.31,-61705140.03,5865004800000,-86261137.83,-97823548.49,-26186712.49,90772143.8,-52494252.38,-93700343.52,18136978.51,-58917066.59,122811101.28,1015591562329.24,122916110.43,-95427102.55,-64869483.16,-8052115.2,62185230.21,42964318.69,122887122.17,30578774.24,-62969106.55,1870394.33,22666280.16,122808416.94,122853441.86,-99997165.74,37355105.87,122811511.38,122809870.75,122811660.39,122821490.37
122808961.83,-81212679.27,52431740.34,-12595898.92,-62802946.86,122811134.42,22351709.23,5617252.93,-61562570.22,-10764939.36,-58413054.44,43754625.42,-61959460.18,7433058.49,27703850.47,-42686258.26,122809185.23,-71060192.83,22664946.94,71530588.38,-98436063.77,2431813.19,55576437.53,60351241.45,45833629.78,-44851013.17,-67926200.67,122813208.47,-69773887.29,-30257293.9,122830347.83,-17090124.13,-48441524.56,56087578.84,-47463136.64,38928612.29,42794949.58,-9016312.7,122847109.39,122808706.92,-72644243.68,72452154.18,-70443310.37,-52791105.72,122812636.53,122830586.07,-70485269.59,3451582.14,970122814678.81,51441321.12,17440303.7,6466215.47,-75343306.54,-22597165.05,-21530410.56,122811532.57,122812335.37,49054260.13,36169059.94,-503230342.62,122829696.4,-347717.1,-1571194.43,-91737796.01,-99876393.07,99070715.04,-57181506.6,-69677539.28,-63567441.83,-7569970.33,5986051200000,56052052.97,5580692.97,9119804,-41096834.71,1227801.84,95018249.37,47369499.01,-97585433.71,122810537.52,1111075935385.58,122917695.08,-85643332.04,-41021234.14,17818978.63,43002193.06,61860923.56,122831243.15,53349147.94,-69967056.69,-85860224.07,59898000.49,122807671.11,122823590.69,-2616816.93,32655835.7,122811739.47,122805230.04,122810522.5,122822545.57
122810297.32,-20071142.67,-90438164.47,-98212401.97,26642831.07,122810866.79,22899866.34,50912648.62,-48752381.86,21203110.3,-85268490.7,78269906,24996467.05,-59909974.74,16552114.62,53882489.2,122810821.77,-79474708.66,-16810328.95,-16524986.05,-64689310.15,37036155.47,-4072522.43,29788163.61,26957284.41,24283090.36,-82710788.35,122813970.83,-14400268.58,42520931.59,122818596.17,72904980.58,-45758721.64,-9133673.07,79465762.69,31885506.16,55677318.23,-50652006.29,122850982.02,122809863.2,94891583.96,-19501179.06,46041149.33,50061501.18,122810548.96,122835619.61,91358710.8,-97487633.18,48234814433.91,-58700778.47,58229591.78,-48955528.94,97867094.59,-57423721.73,-73129042.53,122810924.6,122813773.45,35069280.58,-51730675.58,-503230823.26,122815403.23,27325080.52,55838498.63,86252001.85,-93642994.85,-25336520.92,-63014199.59,-50970019.31,59736890.07,-85952532.04,1762128000000,54783070.03,-91960736.54,-39226507.22,-89076355.71,-79643114.46,94106288.57,-1016226.45,-33080620.96,122809636.21,1018887133559.65,122919770.76,57572578.84,-2636552.55,49879454.39,49008810.94,-30470653.82,122837318.68,-43810661.29,81784703.37,-72817528.43,88260073.18,122808169.11,123122616.04,26202614.29,89385265.28,122811140.17,122805246.4,122810225.64,122873737.79
122812314.24,10441808.08,-80465614.96,-23398355.43,-362638.62,122811407.13,44240698.69,94147461.61,-93702264.89,-35103611.98,-70814970.94,3310685.05,11271880.56,65306147.34,56220426.12,8543219.55,122812046.9,7335141.9,-34651610.28,246711.26,-84020111.64,24113131.85,10079812.86,-65054613.41,-79165232.59,14317836.28,36488654.57,122813551.89,-97168541.58,-9683015.7,122858965.68,-62976354.42,75826438.59,-45997365.33,22670561.92,62301643.97,-66123294.05,-32259844.72,122848561.31,122810957.93,63249019.27,4739023.2,63436742.51,48598108.75,122808835.26,122862390.13,27788909.29,-32402460.21,970122813131.65,7803668.92,99021726.55,-59217828.27,20076995.55,-95644089.64,79157768.79,122810759.04,122814472.26,-43113018.8,-76068072.9,-503229930.15,122862045.9,30893306.5,-16040888.86,31298587.18,-98090571.55,52147688.77,-84686370.41,82769163.81,64259552.59,60583803.55,1837641600000,-18751562.83,98090018.04,2792526.59,-20176008.42,58588169.01,48973271.08,-2222062.13,-51252806.19,122809142.5,1103762132668.62,122921430.55,90391273.47,18489215.3,63548659.03,-34832500.83,95425311.54,122863304.61,88644118.13,60646565.15,47766020.99,71992756.02,122809819.18,122820159.45,71378737.31,5752591.05,122809881.9,122806110.29,122810689.92,122823109.31
122814170.35,65486172.56,56986677.23,-26631083.22,-87654245.12,122812306.65,-18934.64,77558649.71,4024436.86,52080008.27,60285590.56,-46775322.63,88370214.97,-7677719.64,46933622.01,4892951.22,122812398.1,58655166.55,85369383.59,-7311430.24,32499667.98,-93798908.88,-78729670.95,67977482.62,2235902.19,63955088.15,90571608.3,122812415.64,-2958616.81,-36537212.78,122885250.81,59934470.77,16810199.42,94599311.1,-89273634.04,78062106.41,13069432,30523023.59,122846429.54,122811368.67,52269680.57,-86301206.16,-89685209.98,23764214.18,122808181.87,122890057.86,-56146492.7,96926292.63,242622811484.79,83021161.12,26193487.3,-50499612.85,78432732.3,1759692.59,40734693.99,122811396.75,122813952.19,65656742.26,-53230926.77,-503228108.46,122836397.88,-8994414.4,-86441389.82,-79117644.08,49083615.98,-23984628.8,85374807.18,5538415.46,-52671692.02,92156106.09,1890864000000,-29449102,1197162.01,-18062776.11,-17837445.61,-97808794.82,-90500892.56,65208931.04,-12040300.88,122809628.08,1031012133089.45,122921916.03,20653199.9,76765782.44,-32831258.94,93009209.64,34907144.19,122836880.24,94748100.24,57330572.5,-70459496.4,26863554.68,122811957.09,122848216.97,-54022723.39,75327856.1,122808607.28,122801815.76,122811370.62,122831515.28
122815048.34,38520644.91,-51757420.14,89072040.23,56283212.85,122812835.47,-17361308.99,-89653741.24,13048146.42,-56973771.41,-87540350.24,-32161223.71,-90878421.37,-52958809.55,-71474910.9,61601205.78,122811970.77,-42265912.92,-25879218.81,74574588.47,-50965422.22,81867252.9,7736465.32,96150391.73,14230016.13,-73905551.97,-1734023.14,122811329.97,-81773632.67,54662807.06,122836670.59,912209.73,-3788238.77,-37140449.09,43957781.32,-91285147.09,-86422008.32,62166530.58,122845228.09,122810973.26,69621995.55,61432213.44,-25641143.9,967962.94,122808711.75,122841369.89,52644404.18,-8602803.44,970122810295.17,21141056.21,-86559054.73,66923996.67,-73161950.9,11426538.41,-10742806.83,122812660.15,122812327.23,50665268.79,68451177.42,-503226217.03,122838049.82,-73179864.55,-28894777.67,40067878.12,-22428438.54,70592685.63,-97852170.11,17717017.72,-37813966.5,72648999.52,1920153600000,-21910536.72,99826676.62,88564387.97,31815439.93,-87486765.83,17498461.98,83985815.49,70914613.3,122811129.2,934012134565.74,122921019.74,67192896.25,-65479655.65,-42418221.71,16155292.92,47888289.62,122838533.81,-74414610.13,49189505.4,-16199035.3,28834322.89,122813685.34,122819122.6,-85326699.11,73681412.86,122808081.39,122800494.72,122811612.21,122819861.98
122814586.11,88817790.73,-50925326.95,3374225.54,-4843051.51,122812429.28,32791740.03,-932757.82,-63720711.92,74536864.57,14002463.31,21270762.68,-62459155.66,73217340.46,17075724.56,-64712433.96,122811323.45,-74302802.24,19203128.77,-2113222.18,-69350439.14,44659040.8,-71206865.12,-93116367.13,39446405.92,-46170041.46,-84660112.81,122810917.27,39912457.03,80823568.25,122879037.91,69630329.01,21745123.54,-34701599.1,-40369741.19,-65773418.07,64028642.1,-10673003.29,122845121.03,122810203.13,-46926363.96,-63914260.7,-97392582.3,-30663216.51,122809956.53,122881798.32,50722823.15,-20301210.71,970122810021.4,26816820.99,2590269.13,-8930028.69,-11936461.98,14068783.27,7117908.46,122813909.28,122810268.72,-49414076.5,-15440946.67,-503225068.49,122877200.89,-18122010.38,51286203.72,89815435.38,-83804252.49,-80732983.8,41664802.88,-33298058.18,-44989099.69,-61266677.78,1924992000000,-7976042.42,-64743276.77,-44157953.6,-68005587.31,7358679.91,42986162.61,26129710.32,98514703.99,122813083.6,1012824636356.57,122919194.62,75408018.02,55529424.22,95045109.38,41427695.62,-13024144.98,122878767.69,-39757316.07,3113760.64,-21974067.86,-9293062.59,122814336.68,122819899.86,-51646543.79,-70498737.32,122808754.22,122803790.98,122811063.67,122818102.22
122813065.64,-54214922.27,49684687.96,73162547.39,-1488474.01,122811048.37,60105295.43,99810569.08,-25853971.77,43982038.73,68919456.08,-72584533.95,85104075.27,30631777.33,96110206.91,28168241.66,122811116.84,-47039173.04,12493579.11,-99283878.95,95010387.11,-47063880.8,-58114550.59,63975134.49,68437722.73,72263545.61,-71454665.12,122811305.94,-28438420.27,43203031.9,122892734.43,40451075.88,21665224.46,-90226994.13,-65740079.16,10234700.31,-76111763.27,-47430061.43,122843391.05,122809770.26,-67407920.49,-47595735.07,34088171.07,-82639737.28,122811150.63,122892295.63,-94519816,-19808543.64,970122810552.72,-11346319.79,-80638577.21,-92966066.13,30599386.16,12807106.83,-39695108.31,122814396.38,122808664.22,71117059.26,74960934.56,-503225007.64,122887902.82,-13185892.42,6589055.87,80077238.65,-16432958.18,30457631.27,-32395474.1,-83350423.14,20678761.18,49411885.64,1905120000000,-54017331.27,-48229557.12,86180260.13,-8798519.18,63909644.93,-93060739,22299755.5,62611569.14,122814607.53,1097699637643.21,122917310.24,98917379.13,81810219.14,-90554693.53,-52471421.06,-58459257.84,122891126.54,-83594449.29,-457920.65,-48675341.23,-92477316.05,122813806.54,122820759.73,80568214.04,53627201.09,122810485.92,122805862.69,122809912.91,122817355.51
122811255.25,41971198.54,92589640.16,46339951.48,3821653.04,122809241.37,-52256570.15,72004267.95,-52438912.37,-99416962.27,-44901502.61,-7846038.06,-64703630.83,-3493148.72,51753890.9,-19023957.74,122811697.45,39884184.55,-94787246.29,67239176.7,-12365493.25,68597167.98,-93861445.76,-16611627.81,59558114.51,14361400.87,83576456.37,122812078.28,81674021.72,89761615.67,122892998.23,-51643302.08,-29738189.55,-49839207.92,87935184.55,45205023,53790213.56,68471280.98,122841446.25,122810227,-98809195.89,55233704.94,60165096.04,-91957425.7,122811676.06,122889826.04,34596528.21,98194630.05,121372811312.82,92265709.76,75280264.77,-50766481.74,-46877583.27,18710504.2,7762638.66,122813698.81,122808158.96,-3941976.75,80228953.5,-503225759.83,122886960.15,-1957697.96,-46731726.67,-29814134.08,-75253695.81,-86048341.91,87281751.4,-43843925.93,-200363.21,97415214.37,1860710400000,-95433939.16,29203477.34,-91307605.49,77349365.8,-27283866.07,44595938.46,75963556.46,26094711.41,122814962.87,1012824637966.16,122916190.8,24462291.33,42160744.21,-51799525.97,-2541565.43,5881588.96,122891850.65,-69053509.38,13433458.02,-43046715.64,96231455.95,122812573.59,122830727.72,-42479052.46,90254204.18,122812593.19,122807757.17,122808801.97,122817974.22
122809993.25,-15248125.27,-7792401.14,79329970.85,-40987923.37,122807872.18,38410955.28,19162015.33,10591517.28,5423273.32,83437876.46,86108935.63,-96342969.06,-79916548.44,-29024902.81,24602552.71,122812868.41,67422212.79,80724881.54,-47489471.88,-36203928.03,70649357.51,-54462875.29,30715102.65,-4213835.15,-16305866.05,-32097224.18,122812540.29,-30298264.26,66724988.34,122855507.41,40971993.78,-8889232.07,-85260073.51,93877502.34,5990138.41,-60989300.71,19146396.76,122838464.28,122811612.31,-60131674.58,73526554.21,49874500.86,95874712.52,122811404.67,122849909.68,53231061.37,2765054.08,970122811629.24,36792661.17,-21801170.01,-50855102.55,-62109251.82,-69614883.73,-40681358.2,122811983.77,122808833.2,-4038710.72,-65285301.53,-503226628.31,122850757.22,-22642834.7,-2804988.42,46402915.01,21392157.15,-66457094.53,-48399382.13,-522544.27,53832208.24,68863937.69,1796083200000,-14781934.92,99138842.93,-67003502.83,-9853117.91,6063907.84,1682579.72,-56612116.34,-43019999.89,122813955.93,624824637448.99,122916190.57,27622325.53,-43581418.88,-31990616.18,-79697417.55,47406177.43,122854885.04,52225235.08,-13019523.85,-86348090.6,-71405565.51,122811403.39,122820454.4,53715797.76,53008733.3,122814195.12,122806304.71,122808467.47,122819656.4
122809744.79,57724041.93,44289355.84,16092962.9,46663853.52,122807659.26,69681875.22,-44624396.3,21144316.85,40622177.54,16700803.82,-2349604.33,75922.12,10233007.93,-69872139.61,51492566.56,122813982.49,78672890.96,-22146302.57,15564027.89,24475345.86,-93420171.46,79957783.34,-15296613.57,14465926.28,-77745892.98,52776885.55,122812155.13,88281420.44,69475691.44,122847364.6,48151606.2,-94320323.81,46555127.38,-26520445.09,50982382.62,95920346.53,39431991.71,122834098.68,122813390.01,-16311149.54,-92080603.4,80383091.43,-4285213.54,122810746.15,122845682.61,-18176297.37,4954301.6,36048737079.25,-81036875.24,-11703631.19,-90297373.17,34945942.35,-7244470.47,-59092985.59,122809950.66,122810191.4,-96306010.98,79080624.98,-503226923.64,122845837.37,32284910.14,-51548135.81,9576558.36,56574641.76,20673878.75,-237314.56,-22987639.62,54830870,-22225165.36,1709683200000,69767123.76,99172151.92,72146041.58,62081073.78,-33940753.29,62829394.32,-95724687.95,-84773250.89,122812046.77,626901604280.05,122917039.23,16917718.14,43855736.74,31590386.29,-50923864.5,73035913.24,122851790.96,-62190563.77,-30442238.4,-37818439.78,-40776531.65,122810907.26,122838773.72,-56379135.31,-97201768.3,122814668.6,122807226.56,122809309.29,122821609.73
122810377.61,63927101.17,56963060.16,-35389838.17,-65388831.08,122808782.74,-27897011.68,-41914054.97,-19314444.52,6100294.66,71470170.2,-65372899.88,78578676.62,84337516.43,-76464304.96,-85519793.69,122814308.2,38330265.35,-9528943.08,91529793.14,56317752.53,-75995385.27,-45224480.42,69878931.52,-25587868.33,-76542940.01,-44431198.43,122810889.32,-99362156.51,89248079.94,122849860.4,-48865775.78,-23684169.31,-95071319.09,39324401.06,-92890589.99,69787800.19,-18870369.43,122832395.88,122814718.55,-43528733.57,-76915710.94,1392836.92,-41907813.6,122810379.08,122846073.8,43455289.58,-49703881.41,970122810087.3,60924344.72,95270517.07,-82921840.81,60675846.25,45439648.78,-1738418.49,122808478.23,122811463.6,-94121700.16,49053138.04,-503226378.17,122851952.92,79691977.73,62495628.67,27950233.8,39275834.1,-41333645.85,-27926046.81,84938165.17,11084486.88,-897164.02,5922979200000,-80703643.71,-62737948.66,-92795606.12,70641684.24,-24805562.48,95497972.95,69250005.56,84626702.77,122810107.91,626901603962.89,122918037.21,10317671.45,15818501.67,-72503108.17,-47931688.05,10163786,122850796.9,-80686825.74,-53705872.64,-29658932.19,-11951987.25,122811207.25,122818517.08,19858372.05,32174694.67,122813961.55,122807306.25,122811134.13,122822976.1
122811278.3,-42974824.39,-54912338.4,-33150182.97,-61411566.54,122810778.45,38612310.36,58464529.3,10574208.58,75110605.68,-8621546.87,82066662.96,16362431.73,-19302600.94,-61819682.8,29467550.4,122813462.09,99011688.84,33538381.95,-55440389.63,84208740.45,65219905.9,-3982696.99,-93616500.43,-9725542.94,-43890563.05,67618012.26,122809270.09,-38885813.81,60563071.8,122854111.99,-11816556.52,15955065.3,-97665378.48,-93608892.86,53774291.24,-75154851.16,-82254099.5,122830436.04,122814904.54,-75866016.03,62611072.52,23474954.39,32071587.92,122810823.37,122852832.36,62667507.37,-47522034.87,970122809084.25,4003475.08,97059493.35,67013540.29,32433061.3,-60495484.87,93838937.37,122808169.84,122812044.99,-34827345.39,25165217.08,-503225308.79,122858526.74,-72477104.33,72106274.1,21851797.65,-39884289.1,-72888817.06,-49119768.75,-31202428.96,10427457.99,47733385.1,5801068800000,-97194487.94,67792163.86,-16821567.04,54265599.16,-22125338.65,-60661062.24,22628064.31,-29488538.17,122808966.3,719090404447.78,122918484.57,-38657243.34,-16632880.78,-72476288.03,14937982.97,-13064289.15,122854231.88,44190863.21,32600691.98,-7236265.24,73175738.81,122811894.8,122818587.15,-66833537.49,83918706.18,122812592.55,122806983.19,122813224.01,122823281.25
122811738.02,-19236584.14,-17794634.61,-77662683.4,79825274.4,122812778.37,6968491.97,93908900.9,54905954.84,1506036.87,-4028385.78,-98082781.53,-19270274.07,76894271.15,87821108.46,-49165256.59,122811659.78,1881964.16,90944655.33,59991310.33,-90585697.87,-32076529.39,30366154.38,28716380.21,-12370383.44,67383410.3,91910110.36,122808116.81,-83200836.87,93412157.18,122854795.53,32594899.15,-84844223.2,-59334818.43,-72848081.79,-72884224.73,47272152.13,-9728693.81,122829094.59,122813787.16,46604177.03,12157064.07,59870410.83,1883919.11,122812102.7,122855542.87,-84925349.1,-58798285.91,970122808875.45,-98401054.75,-70555695.18,22419.59,52277388.39,75393899.96,77922075.41,122809048.1,122811823.8,-98597002.18,33120762.24,-503224434.79,122859287.69,28063059.66,-65652818.48,-68232876.89,66409734.66,61389211.73,52559544.36,28342886.23,29880971.02,-16601767.51,5666976000000,-88559370.36,13896299.73,-37183208.13,8838145.92,-13843185.89,57565649.48,-30688500.56,-97510063.14,122808981.29,719090405532.77,122918097.2,-35947187.85,-92054372.6,63532825.81,44927118.91,-41190060.89,122853247.44,16081642.61,39923178.15,30767770.96,62222888.12,122812301.84,122819832.77,-15154272.66,-94381009.35,122811341.58,122806079.05,122814697.74,122822661.36
122811384.96,-67750610.49,-27681531.52,-85467353.43,-23248095.69,122813964.37,80928931.38,15545605.16,36567569.2,-29734676.79,-85046305.51,45378708.92,-34188158.5,-80112493.63,58419133.21,87807542,122809637.86,-32229693.16,-49412388.11,94854782.47,57809091.98,-75916379.16,12755971.73,-43664174.39,77096484.38,41831691.12,66288147.31,122808094.44,-8369664.29,5289912.93,122832238.96,19169933.25,-83264518.21,44139581.52,96265687.78,46847713.94,-82467957.38,8068459.03,122828856.29,122811838.06,73638762.29,11910504.58,-88599127.12,-35278914.54,122813693.94,122833771.09,-6220217.54,-8374078.58,970122809834.77,-48818047.6,50814699.03,-57841592.33,-52486828.71,-38490360.38,-99497605.79,122810566.84,122811214.29,40640663.89,-17554630.16,-503224453.66,122834845.42,-95009458.51,9513308.06,4606747.62,-44351069.76,92163174.31,-90371212.12,22645553.28,-29414279.92,65058109.75,5527180800000,-78162511.72,-52851563.35,29191123.23,-41417431.62,-88674585.04,-9644658.88,10377829.51,35555126.13,122809889.31,791840406560.45,122917173.08,5493436.21,-2176961.09,69781569.24,-42321421.09,50126509.01,122829129.2,41322571.1,95289255,-70623394.89,-86625265.56,122811924.23,122821868.47,44993014.46,22147371.28,122810809.53,122803521.85,122814967.58,122821744.41
122810414.73,-92461329.06,81562553.45,-79284484.33,-34165999.12,122813984.68,-31912292.99,-13677937.15,26189745.4,10128984.79,-44997777.51,65920033.7,-14771659.82,-10579851.65,-59705884.91,86131409.82,122808283.54,-18133755.23,-22361489.49,-39544584.04,-9076454.27,4957094.94,-12903825.22,29472309.85,-48422868.85,22261810.28,-10950657.03,122809339.12,-27130662.63,-67718833.88,122833206.72,-29897435.13,-62702965.62,10806480.77,-9106683.15,82335109.04,61655200.45,-25258361.75,122829585.24,122809919.93,59435195.2,-48862789.33,51471619.73,52992945.62,122814797.12,122834342.71,-289595.72,58211301.27,1940122811730.2,96705024.7,54162942.23,-46266162.85,93467391.31,-31177274.39,16356698.73,122811930.2,122810880.66,-29997633.1,72350253.93,-503225616.17,122833270.94,77723702.86,33870270.47,79543115.77,-11212592.81,71029778.3,-12870598.05,16874694.92,19149724.99,-33261709.05,5381769600000,27265289.98,-91702849.36,-11655760.8,84594880.6,54147014.55,-82966392.41,8526829.77,-41662616.63,122810994.74,888840406796.99,122916414.72,-58658657.49,-27367276.96,23896374.68,-10392884.99,1409731.41,122829662.35,37354549.84,-42988762.72,38325759.03,-82693545.69,122810750.95,122833546.14,93203642.8,-21246182.96,122811095.99,122803898.36,122814038.95,122830958.73
122809485.08,-73049711.83,-55129728.16,-96096666.06,-57040749.62,122813105.41,-50603079.36,894106.29,16788975.59,-70048571.93,16973878.15,-1614524.29,71120692.52,-59722278.13,60929427.44,67803177.58,122808173.89,-45685977.89,-73459261.31,-85981379.96,-64885860.41,-63051245.94,47157782.88,92771091.47,81339605.32,62765416.58,-95708337.1,122811366.96,-80218743.08,67674750.4,122869996.31,17234563.06,-62698115.45,72870165.47,96101815.71,-37118787.95,38737613.25,92306960.85,122830643.6,122808837.16,81547813.66,-55581622.47,-19746876.72,48703776.25,122814776.49,122870332.03,-92430467.52,-67157360.85,36048739734.96,46768439.51,-36994057.81,77918054.25,-12334731.47,-14882466.23,-57784851.94,122812536.84,122811314.94,77769430.86,82278579.12,-503227544.23,122868423.14,34353854.36,42532965.94,59746641.11,1780239.84,70615432,21286432.57,69001153.91,-19065431.64,27399107.44,5239123200000,39940964.4,8114921.9,79785747.91,95226064.05,41361579.18,45496511.35,-82238437.37,58982942.74,122811592.52,795432998463.74,122916509.44,-90141903.86,-80089015.48,-64220473.16,-2371368.5,-85257381.36,122867633.18,-95549430.12,61501600.96,23510200.8,65302133.16,122809306.1,122844289.24,-89349170.76,-19285847.46,122811775.32,122808106.27,122812487.79,122821594.19
122809332.84,44275018.67,-96333793.89,29853692.95,42089515.58,122812019.65,-80443357.43,-5501732.76,9759943.52,54126780.22,-58408689.18,-33520531.16,-25211399.71,-59207222.61,37986501.72,-79497918.31,122809279.22,6583383.79,-57926935.01,-95040651.1,46843745.98,15917163.59,-189096.37,18766411.06,82489083.59,-89894335.96,-11377135.12,122813318.95,-5159713.69,61946613.19,122859765.36,-84668165.39,95897871.47,61999563.15,41505691.36,41009891.9,-87637476.76,98889019.78,122831286.1,122808926.8,81173349.28,77501415.26,62213114.21,-60558146.8,122813524.48,122859869.88,-93355102.15,-15885076.36,970122815176.59,29617756.49,33014972.51,40782131.22,-27310770.33,99693839.17,-41120759.42,122812298.71,122812514.9,-49647928.28,-98609830.14,-503229399.81,122858377.74,6133442.14,224017.1,-33981808.67,-30249868.06,-51057557.56,2262499.54,-71130532.92,80751567.22,75716509.16,5100624000000,-51481897.24,38220791.96,77302299.45,-19680474.63,-96932089.32,29220508.77,46981833.33,-96889736.29,122811379.41,795432996618.18,122917707.24,75094661.84,12590659.79,35962367.24,-30717009.57,23158021.55,122859843.26,88275351.75,-22138415.31,-11966300.2,21313227.97,122808374.95,122824552.2,35104120.35,-41180591.97,122812179.98,122807991.61,122811130.75,122822567.31
122810329.89,-11587981.62,-8469633.87,76146146.33,46054665.59,122811428.81,86341594.26,71803467.78,-73741815.64,-20959445.88,-15904871.34,-46779489.9,-95996752.77,-17974177.75,15675400.18,40630296.52,122810994.33,-38891665.48,58160357.2,-64347843.86,-90467305.76,64743091.52,52876756.8,-81149045.26,75678623.06,26188919.78,-23049911.59,122814407.03,18578193.45,-82901218.45,122858558.64,-88369478.35,-53482065.24,-38004365.32,47732152.86,65590796.78,54204099.11,-44677607.96,122831103.81,122809913.84,526595.23,-80742427.45,35015840.54,57369961.15,122811542.31,122859544.25,19929816.29,71341228.93,970122815261.69,15096528.59,-47215950.86,46164838.3,-21140677.51,24747580.47,-86618646.06,122811656.5,122813951.23,-96359365.15,-32028589.82,-503230316.26,122858936.32,-58562437.14,60547851.07,43502786.83,64703551.5,77499213.08,65826529.72,16647425.69,-15500992.99,-65410814.89,4968259200000,-91724776.71,-17927574.71,-47721884.06,-42642723.07,-38564833.24,46147862.58,42442136.3,-99220311.1,122810620.72,880307994616.03,122919638.69,13720887.07,18832825.92,76734085.72,48207176.81,32209662.88,122861287.9,-96269718.63,-15003346.07,-44688866.02,81768880.66,122808566.1,122823051.85,-50099167.04,-23369670.9,122811824.32,122807944.43,122810574.8,122823525.17
122812232.75,-51376625.52,-25590168.96,65461929.08,51682395.72,122811636.82,83968114.75,-33474271.39,37291651.77,-43677283.5,-10171618.58,-66005611.29,44893517.26,98719240.97,-16152886.06,84893810.69,122812478.86,-14363791.76,-10226295.7,14071690.82,-766816.73,72566081.6,-34589861.9,87735377.83,70169133.06,-62373357.19,23540576.53,122814314.84,32904559.38,-20511501.49,122857340.17,18968078.39,82727079.8,-43145815.55,-69102674.27,-98608127.26,94957906.1,-79584221.41,122830263.8,122811104.74,23641979.49,73373982.51,-97815949.02,-38820438.23,122809688.9,122860063.28,59054172.01,23704632.85,4850122814113.17,-52841251.24,58672268.37,52682905.35,-74497488.9,76020586.08,-7687072.78,122811287.73,122814847.66,7079863.94,4361186.5,-503229855.53,122859813.43,-53954834.62,-30014329.76,65709989.3,-93432130.46,-96786044.61,-90597845.69,61400371.9,68564461.61,-73919246.51,4849718400000,15922064.36,-81519951.64,3594924.26,-35631914.69,-35751616.17,37944727.09,-40728475.38,-48233900.12,122809979.81,1268307993358.79,122921480.87,85813928.45,29777764.67,31664200.15,-35856620.95,83621376.98,122861727.39,-3811926.56,39992066.02,-99825363.63,72311221.11,122809956.91,122859944,-8936349.28,-13705830.79,122810721.84,122806840.95,122810899.38,122862530.05