E4,U1VQQcKneyJtIjpbNTksNDcsNDddLCJvIjpbODc3MTgyNDEuODQ3ODI3NzUsNjU1ODUzOTQuODA5NTIyMTksNDAxMjk5MDAuNDEwMzk2MzZdLCJwIjpbMjY1LDM0LDEyNV19wqc3NcKnTkM5LExWOCxXQzYsS0szLFFHMCxMTDgsVUYwLFNLMixRVDYsV1QxLEdENyxCUDgsWkYzLFhCMSxBTDQsTVcxLFNUNyxSQTMsR1UwLFpDOCxVWDQsU085LElONixEQTAsR0Y5LEhMNyxPTDcsSEg0LEJLMCxSTzUsS080LE1RNixTRjYsT0ExLFpSOCxWSzUsRFk1LEdJNixQTzQsR1IxLEtaOSxXRDIsUkM3LEpHOSxPTjUsT1c5LEVNNCxOVzgsTEgwLEdNNyxDRTUsWkc5LE9BMCxHQTUsVFcyLEFTOCxOVjMsS1AzLEpWNCxUTzcsSlc2LFdDMixURTAsV1o0LFNKMixTQTUsVkM3LFdYMyxRWDMsWU80LFFMOSxHQjAsS1kyLEVXNyxURDksWkwwLEJJNyxMWDIsU0k2LERSNixITTgsUlY4LElNNyxGSTYsS1Y3LFFLMixBSzAsTlk4LFRDNSxNQzEsT000LEJKOSxYUTgsUU8yLEJUOCxUQjMsQkcxLFJKMixUWTIsSVU2wqcwOjYyOlIuMSxOLjM1LFIuMTUsTi41NyxOLjcyLE4uNDQsTi4yMSxOLjEyLE4uMzYsTi41MCxOLjU0LFIuMTgsTi4yMCxOLjUyLE4uMSxOLjUsTi4xNyxOLjE2LFIuMjMsTi42OCxOLjc0LFIuMyxOLjE0LFIuMTEsTi40MCxOLjE4LE4uNTgsTi4xMSxOLjMsTi40OSxOLjE5LE4uNjUsTi4yNSxSLjE5LE4uMTUsUi4xNyxOLjM3LE4uNDMsTi4zMyxOLjI4LFIuMCxOLjIsTi4zMSxSLjEzLE4uMTAsTi43LFIuMixOLjQ2LE4uNjcsTi44LE4uNDEsUi45LE4uMTMsTi41NixSLjUsUi40LE4uNjQsTi43MSxOLjQsTi4zNCxOLjIzLFIuMjEsUi43LE4uMCxOLjQ4LE4uNzAsTi4zOSxOLjQ1LFIuMjQsUi42LE4uNTksTi40NyxSLjE0LFIuMjIsTi42MSxOLjksTi42MixOLjI2LFIuMjAsTi4zMCxOLjQyLE4uMjcsTi42OSxOLjUzLE4uMjksUi4xMCxOLjU1LE4uMzIsTi43MyxSLjEyLE4uNjYsTi42MCxOLjYsTi42MyxSLjE2LE4uMjIsTi4yNCxOLjUxLE4uMzgsUi44fDYyOjEyOk4uMjUsTi41MSxOLjEzLE4uNjQsTi4zMyxOLjY1LE4uMzUsTi4zOCxSLjEwLE4uNjIsTi42LE4uNTAsTi4yOCxSLjE2LE4uNzEsTi40MixOLjIsTi4zMSxSLjgsTi41MixOLjMsUi41LFIuMjIsTi41NCxSLjE0LE4uNzAsTi41OSxSLjExLFIuNixSLjEsUi43LE4uMTAsTi42NixOLjcsUi4wLE4uNTgsTi4zNyxOLjYxLE4uMjAsTi4zNixOLjUzLE4uNCxOLjIyLE4uNDQsTi42OSxSLjEyLE4uNjgsTi4yNixOLjQ1LE4uNDMsTi41NixSLjIzLE4uMTUsUi4xNyxOLjQxLE4uMzQsUi4xMyxSLjIwLE4uNjAsTi4yOSxOLjczLE4uNTcsUi45LE4uNDAsTi4xMixSLjE4LE4uMzAsTi4xMSxOLjIxLE4uMTQsTi40OCxOLjYzLE4uNzIsTi44LE4uNzQsTi40NyxOLjIzLE4uNDksTi4xOSxOLjUsTi4zOSxSLjMsTi4xNixOLjQ2LE4uMCxOLjksUi4yMSxOLjY3LFIuMjQsUi40LE4uMTgsTi4xLE4uMzIsTi41NSxSLjE1LE4uMjQsUi4xOSxSLjIsTi4yNyxOLjE3
NC9,LV8,WC6,KK3,QG0,LL8,UF0,SK2,QT6,WT1,GD7,BP8,ZF3,XB1,AL4,MW1,ST7,RA3,GU0,ZC8,UX4,SO9,IN6,DA0,GF9,HL7,OL7,HH4,BK0,RO5,KO4,MQ6,SF6,OA1,ZR8,VK5,DY5,GI6,PO4,GR1,KZ9,WD2,RC7,JG9,ON5,OW9,EM4,NW8,LH0,GM7,CE5,ZG9,OA0,GA5,TW2,AS8,NV3,KP3,JV4,TO7,JW6,WC2,TE0,WZ4,SJ2,SA5,VC7,WX3,QX3,YO4,QL9,GB0,KY2,EW7,TD9,ZL0,BI7,LX2,SI6,DR6,HM8,RV8,IM7,FI6,KV7,QK2,AK0,NY8,TC5,MC1,OM4,BJ9,XQ8,QO2,BT8,TB3,BG1,RJ2,TY2,IU6
193488285.17,3037292.79,193434912.46,24432950.43,-69524813.76,54296928.48,69183235.05,-26629515.45,-85512484.7,54956193.47,10945454.44,-18008181482.1,94745508.8,83705294.14,16875391.15,40008045.06,-97083944.23,41630211.21,193511205.06,-2457171.05,78909989.87,193492136.91,-7790775.4,193433560.16,-31603138.38,57935426.42,34690959.96,-95575877.61,-50188204.79,35120595.77,-5133460.3,-64423403.16,-85097042.02,-18008183206.47,66850619.02,193435658.94,74908265.69,65497093.51,7423127.24,-95161063.93,4098988800000,47446197.27,86414260.35,193430338.26,13167652.39,507715.29,193496976.13,-62963587.07,-74435384.75,33222359.93,-15227221.57,193433507.17,-29946791.35,86026621.16,613062011.97,193489845.42,8719945.96,12302355.91,66495020.64,29175511,25405828.59,193432250.66,193437806.79,-94969678.97,24295347.44,88041052.97,-33530304.25,-16094421.69,193509316.67,-917041615.98,5680291.5,-33984803.68,193439669.38,193440874.42,-28527694.03,-1794199.06,95331982.49,82976163.73,193430031.92,-9340156.23,-33315013.76,14297752.36,-13595242.63,25227481.5,-43749864.94,193437893.87,46533582.75,-93386206.49,-72616405.21,193431404.19,12067283.06,56307083.71,24882996.9,-43120347.05,193427495.39,90025406.55,10179135.52,-26671488.23,-61361303.96,193427063.35
193506971.7,-14211663.34,193430556.42,52105867.67,-45059846.29,-16767927.16,-32019117.72,83864474.59,-14211653.97,90830454.4,-19470474.28,-126181024868.26,26187784.9,-41957373.88,-89071359.74,22713574.27,-48437373.07,-79262934.4,193781907.34,-15999971.25,12438863.42,193503505.99,-84534074.34,193430606.89,-34332580.87,50425636.75,9278008.3,84675952.69,48127805.72,87645956.78,25910891.73,-43531938.76,-47428860.9,-107979409677.25,71980539.05,193438801.22,-3784565.12,54756923.86,-5983821.91,-4039137.71,4158691200000,-5809963.31,-78634694.09,193433781.59,70151311.82,67542711.65,193511735.93,71616217.78,56593853.72,-32812627.62,-23222015.49,193437605.2,59116440.97,-27799388.16,4303668112.13,193503931.64,-56033005.28,73205137.08,-48058924.18,-73334294.78,-30285874.55,193436055.57,193433699.85,72590515.92,31078943.99,-91496390.11,-17790484.98,12938420.68,193717736.22,-2292811550.57,15040599.17,-82575725.5,193439775.89,193439185.76,-90730606.85,70625956.65,-57670346.74,-97851129.91,193430493.84,86296029.59,15273674.59,9754989.42,65491923.23,26463877.11,43606664.45,193436980.01,48468837.89,22478852.93,73715353.09,193431306.4,55360639.63,-37200031.44,-83497605.93,-90322464,193429127.72,96177908.33,48746185.02,12560383.86,10373121.92,193426979.14
193510992.36,-5053698.63,193427776.96,-57091147.23,-86536688.01,96259900.87,-94370005.54,-60700253.41,-91482787.59,-98498516.27,5747495.53,-149424166419.01,-69966778.25,-90146626.01,-24894987.23,-89970307.91,-77047408.97,-54236815.69,193622888.42,31397686.43,-77871055.75,193490453.68,73939963.94,193427899.79,6216877.43,-42226043.4,-63218018.15,46454926.33,68872216.74,11792607.46,38288331.58,30797662.26,38655335,-23049707099.41,-34994455.25,193440001.67,-18781276.58,-75224576.43,-74190766.48,-26967023.4,4194979200000,94371562.81,97957435.48,193436260.98,47007448.2,40807318.85,193509285.75,-88571883.46,20088595.19,36037632.92,-41032360.06,193440415.09,41602634.65,-50794748.47,69220172784.56,193495188.27,10895752.51,-14128563.08,-24647796.2,-59266799.91,10681563.43,193438128.48,193430153.04,46672645.39,54900967.35,-12494836.14,-36496419.42,-8689202.01,193711432.04,-2300670954.89,-68052866.62,48814691,193437316.5,193435470.16,40359660.79,42735666.18,71729590.81,-48017689.81,193432843.45,-3030457.44,-61074852.22,82255075.99,-56200491.14,2822893.42,53343810.91,193433776.69,48379934.04,-25778040.77,-75407564.86,193433323.96,66598658.01,-113313.1,18554450.77,22096740.74,193433048.81,14559541.82,36763197.87,67854565.56,-56023837.68,193429752.98
193497252.07,61184729.88,193427821.52,-3307748.8,-65379917.52,-72548444.33,31496352.56,57359248.05,31374681.65,-77221780.83,-51859135.22,543136032120.43,42068848.55,90389217.85,-69417472.35,-43459959.64,-50528515.68,4708851.76,193652408.11,-97124545.73,62628976.86,193481161.88,-15389236.77,193429294.47,88457049.72,-50988360.08,45526122.81,29578242.3,-46659864.97,34854970.9,-94162228.04,2838591.42,76654353.19,692753634288.13,-36533330.26,193438359.51,1541925.46,74958093.17,19449848.42,6918974.23,4206470400000,-39455279.47,69176013.4,193436492.28,-71145186.37,-26034211.02,193491248.7,90015668.28,386903.82,-66917863.31,86544280.97,193440446.24,27594205.63,-3494817.11,62449433574.17,193489121.03,-16460312.7,78821086.45,4490656.19,20213817.52,-51463226.79,193437659.89,193428844.87,25621509.97,-98199042.69,-1037505.51,-21644947.69,16497977.4,193696104.97,-2580081483.17,-1959529.79,77614834.07,193433850.07,193431668.12,-38963864.02,26555972.2,96979751.42,-6557819.78,193435406.84,50857501.79,68522487.76,71662433.22,-93227839.16,38678989.89,94980271.28,193429815.64,4636116.9,-40732401.56,50977038.98,193436038.65,15954635.94,79424830.39,26615588.82,-61176936.06,193437433.06,43143706.5,-8608482.77,-23373451.49,-3036101.44,193434011.14
193492088.78,72961193.75,193430436.04,24799854.15,-20515069.73,88996125.39,54565695.9,96326465.24,-92396851.95,89443232.49,-48413914.44,1069021085094.04,39693851.92,-51381237.39,16610098.79,49217738.95,-61169362.81,-86544647.96,193695866.96,-88657792.01,-71951362.07,193481670.41,-98495075.52,193433823.15,-87169889.97,83472079.24,69041037.37,97362287.61,29955518.05,23235361.68,-58499676.19,39843275.64,-8053363.1,526078489809.43,-73799744.08,193434487.66,-31039534.83,90367950.78,-1515630.41,-41569429.7,4193078400000,91121122.99,8080962.44,193434589.62,-62759517.33,35806175.18,193485293.3,-54704790.95,76195851.47,30333948.21,27938363.14,193437627.19,66161534.91,-78779701.35,25319233218.26,193493302.35,-88552551.7,85494087.12,69523523.22,92765499.17,60726766.29,193435303.25,193430158.14,82854535.01,-78195762.96,46581749.42,-33061320.15,-2179279.89,193704095.23,-2740511497.16,15670980.59,-18173233.62,193431359,193429655.79,-8214321.62,56906205.87,-10213342.26,-21493070.99,193436430.36,-40003528.47,-38516631.41,-47111016.37,-38329418.94,-5820692.84,-22464637.31,193427169.74,77598786.9,-56387548.83,-58831748.37,193437576.1,67255224.72,14372320.38,-25870647.98,-61095973.41,193440195.96,3938321.99,-44392335.01,-96246864.64,42498781.46,193437656.24
193490623.9,52258516.99,193434046.39,-48740545.97,-93294369.18,-57822261.66,-64787340.2,36003749.72,-83447842.66,-61955552.37,-72408438.47,1747899807870.99,94110583.35,-48578990.7,56171658.4,-93356810.74,29766170.08,-52991784.6,193633389.15,-94288791.79,85708710.88,193485020.58,-76985288.68,193437312.06,40421641.24,41622045.73,14689316.02,49139836.84,18003286.7,11643423.82,85330129.53,97555604.53,-36708361.55,679072159720.66,-86961049.08,193430215.43,-28581868.4,-39990639.12,-81284465.75,-6836977.23,4155580800000,-68349354.59,46665120.73,193431966.5,7493548.67,-82623367.72,193483582.41,-44916171.62,95752184.34,-46241391.89,-60529872,193433357.47,83439636.33,-15926597.71,13266940368.08,193492548.02,-38775961.7,-92482938.72,84052605.83,-31239928.12,62409172.63,193432758.26,193433018.9,36575431.48,36615540.08,82626198.44,-322824.37,41734167.94,193692233.19,-2853519408.26,36909257.77,-98237419.82,193431130.41,193430228.4,64945447.48,-74480645.38,51314581.48,48637816.52,193435163.98,75368395.83,-50348946.1,-48761066.93,20428971.76,-29464523.09,53663728.81,193427311.61,95543749.62,68203720.7,-98739166.97,193436716.19,78357368.89,47217019.62,-60141119.61,-24969597.86,193440113.98,-29912785.88,44993621.1,-30807853.45,-86605799.39,193439006.79
193486423.18,-96922977.79,193436664.29,87828898.63,98221902.43,2195681.4,-42567079.85,4106253.61,-56027341.22,-56854308.01,22039856.5,1727288161815.04,50670948.22,46361217.51,-52628344.47,-76390174.33,-21692646.59,-79402665.37,193654747.51,52573035.19,-81021799.28,193491265.96,72086797.03,193440283.09,77342251.03,-53969828.43,-89646566.95,-68070108.31,4038891.7,57563153.36,27460840.21,-47744408.73,129523.9,-20418210296.35,57807956.93,193427611.68,97694412.69,17572295.9,88489039.97,-70447727.02,4094236800000,-73220808.93,60223697.21,193430490.3,-12262471.53,88689060.63,193483343.6,80449191.04,43817384.1,85556087.2,61534295.1,193429750.58,36196215.16,62107251.57,5849682290.02,193491464.74,72859663.13,63458889.3,55876292.61,45940465.9,7294239.67,193431752.9,193435553.87,-81044798.65,-69458094.95,82975213.92,-86008557.56,-39640910.16,193678416.71,-2880560013.86,48530852.49,50108294.12,193433051.67,193432704.74,-73744133.15,7652845.53,-34511303.55,-99852010.48,193432291.28,-31976048.21,-56229159.16,97953823.54,-91185004.14,-36409955.98,92071740.58,193430289.07,19869778.03,-85355105.72,-58523043.73,193433636.11,73155847.81,18455360.36,-50272762.25,-57457219.2,193437466.15,-57610766.8,94069362.52,43579078.81,62362168.79,193437692.25
193485513.1,-5926319.9,193437003.92,78478627.41,-10736942.86,-53449645.85,2806252.03,4476636.78,-2282894.69,21349724.77,74308103.8,1978105131092.27,79977372.14,-62925776.04,-22158953.26,34103881.59,-43329000.52,-42397434.71,193632812.19,34425585.26,73906196.3,193494688.75,46397536.34,193439329.96,-8628106.88,94409865.03,-74634305.88,-39690694.64,96802653.27,-3636713.83,29961938.47,-99015597.04,85841788.82,251010402921.48,-67923611.42,193427871.46,-13618237.84,-9421182.92,62454230.86,56345378.24,4011379200000,60236373.09,26183141.17,193431374.23,-16190871.11,39851618.49,193486762.62,62787329.53,-47083470.84,-65698344.21,-61614387.8,193428489.7,-3862907.81,-29280282.61,4164494785.03,193486709.62,-5778489.37,-81188250.52,74124091.95,48891664.57,-38406287.03,193433027,193436188.36,-68240224.54,51426101.48,-9065982.96,-13426677.44,-3619158.54,193664634.13,-2986516866.76,-597490.15,-5352126.79,193435713.8,193435368.08,-73594500.89,-18647199.82,87730908.95,22457517.39,193429547.61,-66320979.34,70349914.91,-56319225.67,-69553893.14,25447094.67,47067517.01,193434681.34,62631531.48,58606306.53,5538104.27,193429858.91,28890804.29,5301127.32,25632911.64,67296296.72,193433843.17,10502111.13,68580392.05,75983562.46,1082862.18,193434806.88
193485273.59,20379520.4,193435180.22,-21018594.14,-5945961.84,79019789.21,18367455.46,-11688285.85,73837866.72,41620152.46,24650926.21,1844078668650.84,63903214.74,-44723388.13,-32615879.62,-78039428.27,-70651701.06,43240751.46,193588816.73,-5490437.31,4886430.07,193491309.45,-25270089.31,193436712.26,-31049614.88,-19580307.5,-74830439.64,-22797475.24,-78272370.21,-18891344.89,-29667137.38,19565237.05,-43407514.08,-133833030964.37,96770836.82,193430686.28,78080363.37,4147074.26,-10491366.76,14978656.02,3909340800000,-50531085.65,94254094.04,193434439.67,-19213573.44,-63439577.82,193489922.28,15191282.71,-3157433.19,-46358782.41,76476500.11,193429934.02,-55044564.2,-26644182.32,4368661039.8,193481187.27,-48465702.07,66821028.54,-32171374.02,-54420239.4,92571922.1,193435889.13,193434559.26,-14918633.25,90470585.68,-64179722.12,58829097.66,40070031.75,193652764.04,-3071773858.21,-72454120.66,84931934.88,193437258.09,193436486.33,-57355152.59,-34286356.42,44032085.58,67271385.89,193428725.21,-25693362.73,31123045.35,-93736594.84,-37794180.16,46338022.9,67382040.3,193438363.44,-32752273.34,79464375.05,32866148.13,193427429.68,54924464.06,53442219.64,80452631.31,90550758.01,193431237.32,50523883.5,38166466,93890666.21,-9198493.99,193432243.32
193486349.89,-69608172.32,193432670.31,-51955952.2,34311280,93247162.45,76447560.48,-308814.35,33690928.28,17924654.93,-15824353.7,2936960359827.62,-42687977.53,34843690.6,-45810529.02,-57760670.72,-13871992.91,80631737.13,193855170.3,65943846.39,-38392797.24,193488420.27,-16848782.18,193433580.63,17822669.01,68624553.23,-39168118.99,-88269007.86,39188243.54,-82980336.03,58321723.81,45431686.75,30497592.01,1093075121386.32,88716578.08,193434572.63,-15512987.82,29100705.44,-42234970.19,-48865858.16,3790800000000,84566249.35,-26497397.93,193438329.29,-36182007.2,-6130087.79,193501834.33,98248248.5,18967221.39,-66344733.49,-52381672.17,193432971.27,-77840520.77,90412107.51,27883711152.48,193490632.47,31385834.59,-26259406.85,98683149.38,31761623.25,34169697.7,193438606.77,193490523.14,-66899732.57,-39011632.13,82100697.93,12136554.4,52891997.78,193683144.31,-3260348054.18,-27654281.96,25921464.69,193436564.7,193435327.58,-61066976.54,-41326897.46,94947472.24,-50714124.63,193430633.83,-15495792.86,91007240.42,83674731.78,-7655489.42,-84608189.17,3041598.31,193439724.27,-2306271.07,23461500.29,36842264.04,193427904.61,-10449567.2,80869766.69,59650888.24,53874036.68,193431105.36,54041187.24,-1008594.09,608902.31,39954526.08,193432082.52
193506282.63,24789420.64,193431364.55,55700776.23,32073820.8,3551009.42,-67359502.44,-44008238.76,75763372.38,-13611201.16,-82968888.6,4072649380464.77,-12810485.87,-98079312.61,99287475.15,73394682.32,-48660973.29,91651484.51,193936076.09,26557807.35,-60845958.58,193498226.72,-41825873.25,193429906.95,96386672.65,76538628.44,273027.11,-15153784.91,95535637.62,48775453.84,94460565.95,30546966.45,17074891.06,1135882451008.61,-58305960.37,193437609.63,-36182363.14,-17761678.53,23374592.99,17257234.7,3659385600000,28160824.99,-23932792.57,193441110.57,22470042,30519720.52,193516870.2,62563023.91,-45295450.37,18861200.87,-65207067.65,193435691.53,-79834113.51,-90674492.65,80200773096.49,193500409.28,-43417148.89,30372180.57,-70392065.35,-48355085.1,-66956891.29,193439398.38,193498600.89,-66587489.61,-13962520.81,-53544997.43,-87262719.22,7221750.56,193741050.19,-3440345054.07,32648010.54,95781617.43,193433864.44,193432591.89,-37173509.85,-67088513.43,28043383.55,-1713396.24,193434585.18,-36738072.98,17833298.88,-31712719.93,-34653505.96,19370975.58,-66942642.91,193438457.08,55025106.64,-70369659.85,-73266893.37,193431361.7,-46216881.7,-29755061.25,76098424.51,-38731796.55,193433429.2,86373499.25,3728196.43,-59429897.86,23772881.99,193433461.21
193508507.73,-77842389.22,193432151.6,-73792872.24,-80643507.53,75115225.15,53116822.54,427147.31,-88694913.88,70819648,-68414035.84,3791902655694.49,-58086230.62,78483249.87,26167969.26,30537440.44,-7598029.14,87448498.49,193699514.92,-89920775.89,70895210.69,193496681.42,-6347222.44,193427980.48,-24405354.3,-73575728.47,78213813.62,-37980784.75,-7106832.78,32550181.04,-23507799.47,-21187346.14,99265504.04,-280553292968.08,12611652.36,193438011.85,-10922452.72,-67309192.57,12028285.09,-83722747.91,3518812800000,11277199.63,-76963893.03,193440709.59,59839123.25,32056689.46,193508149.39,-8204857.16,32735445.87,-27651388.21,38257932.88,8601590124.91,36578611.24,2868255.77,10962646113.58,193500829.03,-65847555.49,-24116235.32,96291386.51,90426221.71,98143554,193437494.7,193498667.76,19187032.06,25791645.96,35617175.41,-84069179.81,-18249320.43,193723698.73,-3393302299.33,60066639.69,-35566856.13,193430319.2,193430012.28,54658383.38,47557129.21,-59076422.03,23711726.9,193438730.85,-31390665.66,-34011771.78,76783810.96,-72665126.42,28358552.08,-53295249.07,193435385.85,-99440501.05,35208346.68,-68287050.93,193435834.88,-5540076.87,-23268126.1,-57783575.84,-85129994.46,193436037.67,-53923312.01,-73876094.03,-14649743.37,47920124.28,193436026.98
193504289.15,-76142533.75,193435047.76,40243850.79,68659835.88,-60661887.93,28982095.57,-73359553.63,94525350.26,-74128394.41,-70015573.66,3681275263517.03,66195909.8,-39312580.11,-70625354.66,-59203711.5,18246111.99,95397307.63,193734431.91,46925987.94,65194223.68,193495303.43,37602564.81,193429762.86,-57260527.65,15142320.53,-57334688.51,-20163687.04,20123522.18,56995299.98,26328623.43,5677906.94,-38542754.81,-110433958422.99,-46288048.82,193436252.99,-71677832.18,12333966.63,73606143.58,-82252829.51,3373228800000,-94342687.84,63873127.22,193437590.23,56455252.11,-95435597.77,193502397.22,-69762251.23,-72810959.64,-38704080.66,1929773.96,5757336221.34,72635420.31,56282467.44,8257075627.24,193504142.66,-172333.85,-48394335.18,-26598874.04,-7825603.9,-50402500.43,193433608.59,193501335.72,50919438.27,-17956006.5,-954820.83,-93588064.78,-35702509.54,193735273.36,-3361803543.22,-30883740.06,23275985.7,193428159.35,193429350.65,-42681502.92,22189523.27,6449635.63,-13329756.55,193441051.06,-15944593.83,31979015.82,-9107728.95,5724603.39,-14013679.79,35903639.05,193432637.32,-63556494.07,-56353683.1,-75780489.09,193439531.42,-56031151.04,81949539.47,-79907288.3,-41129728.65,193437597.17,-6064326.26,-60612965.62,-17835541.16,-68446902.01,193438178.64
193500422.69,57890294.9,193438551.72,-99507233.41,10718937.92,41417288.1,-86330892.53,11136505.96,-82007517.83,-27864271.73,43745430.32,4028913263693.04,-21867679.77,99958983.44,-27310389.37,53987922.52,-72364575.18,58893714.11,193765770.77,-16905635.8,51531190.89,193491158.36,-64880342.93,193433061.4,-94795094.97,-66576797.97,60069827.06,24847244.82,-29286349.6,65361187.51,-38134405.59,52028923.57,-74285738.78,347831435485.78,-94503925.68,193433682.99,-19699776.42,-17053007.51,-65442356.21,-30012450.32,3226953600000,87765914.3,-82699072.41,193433193.74,28963148.53,-9903779.1,193500192.25,78798939.93,-13579760.66,-22093633.39,-75605152.82,5757333496.73,-40625967.04,94571989.38,11929650809.61,193501051.38,42593814.84,-46716128.64,23909114.2,77644477.13,28322395.63,193429595.76,193505413.91,75087026.44,-86853720.71,-12076097.76,-50524803.87,2665706.41,193755792.34,-3331849502.15,-74359437.34,26349520.29,193428715.93,193431359.27,74790319.53,34339554.8,-72545496.26,53100520.12,193440447.26,15856768.61,-1945943.13,35052234.24,-17546553.32,-77151569.67,9161756.19,193431815.04,17036359.05,-32872839.66,-23944899.23,193440723.33,36368015.51,-86419805.49,-91697994.63,-93121932.48,193436913.42,87897253.25,38877014.25,99571186.33,-95605915.02,193437713.3
193492132.33,77825549.11,193440661.96,-31752335.43,73612151.15,-93391811.67,74637585.39,-40383301.97,-89103123.7,-50036299.43,51915596.38,4225715465072.32,-95531427.89,69028220.26,-14379818.28,-40868963.46,35050122.69,-40261675.67,193771295.84,-69106852.27,41575359.36,193494377.3,-85795629.16,193435364.25,-72596496.87,-69106646.57,61932620.85,55446580.03,-75496812.88,-27268410.03,-54570484.73,-72727769.02,-98701984.03,196995637251.5,75157942.84,193432143.9,99418571.67,79141121.38,-74371009.62,-36998028.6,3083961600000,14167627.39,-45061612.92,193429655.07,69788989.16,-54876758.83,193496459.1,63152633.94,-13292460.85,37009526.49,46494376.95,-167666848665.95,62507290.03,69392352.9,6789206996.8,193497153.45,-54140837.69,55620232.79,-12317988.67,-78759135.08,-94568175.45,193427463.45,193508999.75,33461791.34,16647674.37,8779850.62,90378260.05,4938026.72,193762779.06,-3193530355.47,-30520510.13,-81075497.7,193431946.69,193435300.98,60850070.47,64367435.41,23260054.8,-18121764.3,193437344.74,10131961.29,19770895.4,-61540718.69,1375129.25,18460004.86,-58095029.02,193433277.15,45172955.46,-85381208.22,11355541.17,193439099.74,29552718.06,96346494.18,79186691.42,-17861783.24,193434122.63,29169479.05,-84908990.27,71016900.71,-41395890.46,193434826.2
193488355.63,-13768825.89,193440073.58,87861839.98,-63734112.24,-63680972.1,-95654365.84,11579071.75,-6489630.28,-64158981.01,52609326.58,4366720570731.92,-46248711.51,47641449.84,60016766.67,-31730250.41,-87445341.66,91280168.64,194583985.28,-30294536.85,-51762189.57,193495817.87,-30709303.51,193436913.95,-82199359.88,58281753.63,56321176.48,-70307531.26,94573869.27,27232460.71,68072928.64,-51003842.96,-22865616.77,141198541125.03,87568704.45,193432864.76,-30852512.53,89759791.51,-77727639.48,63993707.93,2948400000000,-90741747.11,11483176.35,193428617.64,10364177.13,-35000864.82,193499437.72,99700207.29,-10741012.74,-2937889.9,1025997.21,-167666848584.68,-98583459.78,96113026.28,17575254424.18,193498057.03,1190078.97,29297849.44,81798118.01,-5911857.33,56541054.73,193428276.71,193510066.59,70584673.23,-84700634.15,32969601.38,-62238701.27,50261837.85,193768135.25,-4034721178.33,-21266921.17,-70857083.73,193436414.34,193439307.67,-90728046.45,73343572.03,95520450.85,79111237.35,193433451.16,-26178304.53,-5514550.18,-28718000.9,-34628705.72,70253751.29,-18936207.66,193436014.4,-20593015.09,-66455511.82,-77072636.03,193435880.83,-42490836.29,-53039900.92,-85707011.8,19772642.37,193430809.43,44548945.33,37083430.61,5896658.9,-84135575.24,193431092.25
193492380.84,27632454.94,193436824.52,-16312314.93,59549069.92,8276067.07,-87861887.55,-16122269.88,54667411.56,-92123062.86,-80476012.19,3655996955337.16,-5038534.73,-85425251.54,-8680037.06,-89445181.68,4986474.97,-82384857.76,193987305,-65515432.13,-70127604.84,193496722.37,82395441.98,193435296.23,90332676.53,73479171.46,40346236.03,-71450845.82,-26959824.16,46760308.38,41904526.13,-68000896.58,13425256.51,-710530180723.8,-52975599.84,193435595.26,43536518.12,57389095.58,2150450,-76723514.08,2824243200000,66388613.95,64087318.92,193430383.8,-57592862.21,-35532905.33,193507412.42,17026643.03,-53682542.59,-28866821.48,-17518050.57,-265601726459.76,-98255777.81,55158611.16,16019660878.03,193499550.58,76309331.94,59723271.32,31913917.7,-8371777.22,25057704.97,193431573.44,193508241.73,-30961505.83,-13960162.37,89113930.98,-22343370.23,16719986.88,193783770.66,-3985829777.81,-28084977.52,-49810044.6,193439963.73,193441383.62,-92090014.18,91247696.53,78181175.55,-16104685.13,193430697.37,94564045.81,-71534190.39,34401714.86,-30442159.01,99921470.43,-58363236.35,193438140.3,54469336.59,57848769.67,-36293904.59,193432964.74,26506641.01,-83839810.36,26583667.14,21615980.35,193428833.4,-95953727.18,-59192698.28,32191550.57,38592869.19,193428014.9
193500395.41,-61446800.18,193432432.47,-93877016.75,-67213374.71,7588539.31,90557895.29,75787672.55,-38292280.02,57032285.17,-33530787.48,3115710708730.83,-89458024.46,-65581141.1,8144484.08,8757184.18,-95665430.77,9153054.81,193901570.85,50227897.3,58793447.01,193495642.26,-94070862.76,193432724.13,58541812.12,19317170.11,-85833472.38,80519638.78,5649174.72,-24365919.77,-32971060.14,47459632.88,16014463.87,-540092812356.6,83925547.11,193438882.08,-63591074.18,-6185336.7,-7334930.72,-30584678.49,2715379200000,55921194.92,-47057277.43,193433790.59,-8291862.22,63414797.25,193507622.84,-98148784.46,-96901340.58,84797027.42,13071904.23,-294666110494.6,-3819611,81238843.09,9772088448.36,193498398.48,74253998.5,92092037.12,21443736.89,-66849958.41,56574484.28,193435637.62,193504324.76,-19082813.75,-25917857.55,7373027.71,-58772539.56,88971390.72,193837057.11,-4056364824.98,96736545.6,81137803.39,193440988.85,193440495.32,-48517147.28,86433090.6,29470825.29,-8775397.9,193430415.56,76225598.06,5095700.28,10887459.94,11317529.63,-51724.67,80674720.73,193438121.14,85274133.72,-24819105.27,-34456232.22,193432002.68,-15541826.9,-37048966.47,-96046563.93,-40646354.06,193429572.53,86634143.44,-11373357.33,53219112.13,64550983.9,193426992.61
193506472.27,-91364932.39,193429024.9,-59127498.03,-21029395.27,2810822.73,146785.34,-22609553.34,-32010399.94,-30071750.99,-16439905.71,3919438619127.02,48447031.85,-10590675.44,36859920.27,86880357.33,59185041.74,62043373.58,193903964.41,67460433.99,49352636.16,193496359.94,36727659.89,193430964.23,9207669.28,-89031340.26,9143044.65,-40829936.61,-37982211.34,-26378651.56,-56039927.24,80395649.71,-31173940.61,803921345064.56,-18024159.2,193440787.48,-17959485.21,-57839496.61,10373610.6,10763307.56,2624400000000,28055891.82,18877280.24,193436862.67,-56304245.87,55561489.67,193510669.81,17826814.24,-94414741.68,73090074.7,-82921785.44,-294666107101.18,49827343.65,-45532170.3,20670229027.69,193501030.75,-61602958.36,-22422086.2,94773041.38,2309230.43,-7930863.5,193438442.48,193500324.78,14634753,-2160850.25,-21934591.88,65954108.7,-38475689.08,193883062.68,-4038934054.82,49161678.31,90720426.68,193439219.72,193437137.76,47216286.58,51670601.77,-2733193.96,-12894122.59,193432371.37,-64562043.02,-72130,25531237.4,54424121.64,-48608973.96,82989647.04,193435630.33,-37671791.65,30736142.37,-66428403.64,193433378.18,-28517273.83,16955646.58,5192286.9,31668334.46,193432944.4,6226167.63,36772687.76,80025261.71,31827815,193429109.61
193508837.22,28608605.16,193428171.49,46075173.76,53820107.83,-69656792.57,47605189.22,-95074497.01,-15517574.29,-80391785.04,-89441767.18,3632447984012.12,-96489785.6,-17060124.52,-14585944.28,17229165.22,-61750149.05,22745847.5,193758649.97,-36021634.54,-78529677.28,193494516.61,27249781.12,193430705.24,-5605535.13,-24343536.15,15501286.43,77982391.29,43360934.34,17950717.8,-53343096.03,62788304.26,26504876.02,-286797199311.28,-93613665.68,193440006.64,15772529.17,-34820192.22,-90705459.22,89314359.23,2554243200000,-18804609.54,-83587440.79,193438005.6,-21674006.54,-58827215.55,193503282.38,78185920.92,55804996.94,-25125109.73,97081443.28,-306936836140.64,53802605.76,18694917.9,5909586723.16,193501518.12,-29591333.07,-99516934.41,66178937.46,15904587.53,79990524.23,193438759.21,193498136.03,49507920.02,-63172432.21,-59016947.15,-25557346.09,-63714289.7,193874409.44,-3935739940.33,54791926.69,-51053193.86,193435834.3,193433059.72,81043996.18,21379144.14,22855375.49,87828894.38,193435126.94,19417207.85,-77868473.94,-92312061.78,67456129.81,77890715.66,74964241.37,193431763.24,64208964.44,-60309976.75,19104186.52,193436026.24,57075396.54,-43052149.41,-76998141.56,46154447.5,193437357.89,-14854510.07,-97679917.43,96941604.27,30145941.16,193432965.78
193506560.75,-48991676.17,193430126.42,42513558.71,53769095.31,-44290917.3,74942781.51,8443612.81,6625487.97,19148074.66,91738341.33,3856042317805.26,-7146385.88,80426947.08,38169486.57,87191084.66,-12244887.68,32168894.21,193806249.45,57088412.36,-89871962.64,193493947.08,39504353.62,193433209.3,39889313.41,17327181.46,-28223279.61,-61962786.6,60554958.2,58443639.98,18147161.77,31874795.65,53695948.35,223787770790.69,-9630913.22,193436689.44,-94473914,-24082989.77,-99648080.17,-56301059.65,2506809600000,-18062551.47,-50228573.64,193436916.85,62002313.57,-57372728.84,193498483.9,60879025.82,-13419871.69,44073010.19,33252701.07,-325462352212,-739563.6,-11263765.67,5370638404.1,193504927.83,95201038.55,-8075882.92,-20962455.14,-20692840.78,95889925.74,193436801.5,193498664.53,-98695360.45,86137030.24,61396717.47,22907703.84,-93905692.6,193863742.29,-3914560469.25,7667896.18,83613816.18,193432802.81,193430301.94,-65156036,-23600909.11,82374782.51,-99474198.27,193436826.75,-29545575.53,-80865936.26,36897452.09,-37170071.03,-20873219.14,-34442741.51,193428540.32,39103274.51,73524439.33,-66520189.01,193438128.94,72167815.23,-93249075.01,-44023321.11,-69305422.18,193440743.09,31506241.05,40058211.81,87918065.71,-73308799.04,193437146.08
193504341.27,-93548824.53,193433676.79,22797947.48,59540511.6,67483565.99,-45104758.82,7894084.82,872271.39,-85163977.35,-12733051.85,3856181706252.85,4652120.65,-72894932.66,-32462154.77,57795686.07,-6666142.14,81652235.85,193777345.24,-65786379.09,41996013.14,193496985.62,-84990244.15,193437580.73,-36868360.32,-70071916.2,-74039712.19,69743654.17,44264054.53,-71698325.39,96358309.71,16048377.49,32906819.79,332825881.41,-65191530.74,193432367.26,-31296377.49,8414569.59,22224775.6,8400785.35,2483568000000,-11900341.19,-65216393.11,193434405.22,46796965.61,-82742417.49,193494505.79,90639462.5,59185172.07,4299608.87,13180853.97,-325462356270.19,-25766502.64,-87237542.7,4278404088.83,193505301.18,-1232425.66,77861394.49,-9350175.25,91689577.98,19112152.62,193434048.27,193501152.54,95358545.62,4698654.68,-35621280.45,66092132.72,-16822477.45,193850596.33,-3850697802.7,-63034235.55,48760700.74,193431743.95,193430086.89,3456045.09,-36667811.51,58604907.84,46548086.63,193436322.5,88581419.09,-736362.42,62515658.26,-62031796.54,-90746680.95,47389700.37,193427748.94,49615443.69,47730309.31,96341848.17,193438157.69,-10908609.13,-28269764.14,-77998011.69,-23446450.51,193441549.2,70358266.29,65009173.07,29001395.04,-13565048.78,193439349.57
193499646.41,73150992.78,193436826.37,-35725954.06,36072361.05,-27104363.21,10557028.57,879015.04,-91383936.23,79341856.04,14133008.32,3457560688184.49,38763951.79,38990135.29,3521334.77,18083028.91,-40862590.71,-72539658.76,193744266.5,-79527788.91,31124891.4,193499445.58,-28448100.2,193440027.42,74267463.73,-24226685.2,-34941716.41,-60664123.3,-690147.28,26784364.37,-17637746.58,-95416170.25,83740513.15,-398427581445.58,78506636.94,193429114.58,76029082.39,5335914.16,-7964368.14,-22182573.16,2485382400000,39682179.97,-58309551.5,193432302.15,21442493.13,-79307419.39,193493730.21,-75534900.95,-73517915.14,93985319.72,14325814.32,-384261640503.98,-57911514.79,96121359.76,4698504993.07,193498818.44,-41798388.53,-68818969.32,-74990815.43,87167305.55,-11999914.14,193432356.95,193504100.08,61062617.81,2451906.13,97998993.68,88572681.65,-10178601.65,193835013.98,-3732451495.14,-70683401.44,87572687.71,193433011.66,193432180.73,78199151.85,-68542474.12,24540384.6,20083073.02,193433834.32,41710693.3,-88557172.68,-56900783.88,-69025683.48,-41887126.64,-28882486.35,193429922.59,-42081887.23,4182835.41,25566852.96,193435761.72,5244971.06,94999833.02,39873379.48,-5538612.56,193439512.74,898342.51,94440342.64,94346153.83,-55252010.37,193438434.45
193492137.78,-41219344.11,193437984.97,-85395669.87,-85196558.15,21941940.12,73142801.55,66886453.72,52777251.2,-22639618.53,10369893.74,3724692691557.01,-28621367.99,29269280.27,16904349.3,-91183302.42,-8597516.84,68321381.72,194144486.19,-22871828.05,41565487.76,193498378.64,90617439.2,193441071.48,20323654.72,60098383.68,27497975.47,-16083060.12,52840041.71,88432046.49,77032123.98,-58303290.2,81001486.52,267325438089.69,3396825.32,193428536.74,-32653635.13,56199119.04,-77748721.35,-26375676.2,2511734400000,-40365572.89,16239373.53,193432462.34,-89517086.47,172539.76,193493490.01,3063343.41,88565112.88,-77031345.67,-38283441.13,-409917355794.48,38000214,5386527.88,7534020538.22,193494961.77,-72334702.77,67151553.31,-50653206.13,22827465.46,-83905904.87,193432879.45,193505569.57,-73748762.79,-22944022.2,70575037.06,-6890130.09,29254604.24,193867309.66,-3444603239.66,95464388.66,-98479601.44,193435601.63,193435080.09,-59030989.99,36450027.48,48428976.02,-69114115.09,193430935.84,-26587606.53,25887282.3,50773226.81,-73717880.41,-63808823.9,77928475.76,193434091.04,-99153118.18,20854747.35,-34149164.6,193432119.62,-77337714.55,-63094010.07,-93034894.87,24662808.55,193435931.69,66711396.19,17407903.19,-73069.24,41040091.72,193435820.26
193482551.79,-61404419.48,193436802.59,-27224543.76,-73614644.07,42079596.15,30366595.95,4529919.19,-37466056.77,-74728926.17,55566240,4554710211269.31,-8019010.63,-47142184.99,-40432703.65,-83351280.28,-61225732.36,32755245.14,194021295.93,-73052009.04,71012529.98,193492602.91,70655192.62,193439161.16,-74006615.37,28226503.51,-46705203.56,95136752.53,90351003.17,-27325352.55,56181296.65,46332909.2,1987181.5,830210952187.25,-52177059.09,193430787.91,-79604622.75,-1091691.69,-10321595.02,-42011719.38,2562192000000,39897468.3,70258127.23,193434915.92,81835251.52,-52732017.47,193495105.37,2802951.65,50131262.02,-83018418.64,97883812.31,-409917355166.6,-52022179.44,78346320.08,15005929882.06,193486421.82,81226033.06,-86000804.44,-54209040.04,74174446.94,73697943.05,193435361.46,193503824.99,-94230843.34,57776580.64,-68562301.42,56301887.87,85777025.1,193902074.94,-3347484694.71,17994914.87,-76758221.21,193437693.31,193436910.7,-58901344.04,-94794560.79,67428303.91,93513301.77,193429348.93,2165165.46,-79942144.6,-99446191.46,-4441655.87,89141857.11,-40533499.84,193438254.61,-98720756.12,25264002.65,73323363.13,193429189.48,4299604.15,13797222.36,-79655738.34,-15915845.03,193432820.33,57292354.83,99294964.56,-77298209.74,41054395.54,193432537.96
193489984.96,72790462.28,193434301.67,24055970.29,65066293.81,13915309.06,-5068547.18,96586653.97,-89122881.3,-56273225.85,-30490000.44,5155860621796.73,-12725345.87,-93143810.54,-73140871.03,-66745187.25,58225900.15,55977389.98,193880311.91,-39018578.75,10827636.03,193485996.09,44999996.74,193434902.74,480398.08,-21424069.77,69363742.01,-78584962.13,1049965.5,-64868754.62,38259292.08,19216800.79,-15205561.11,601343841409.41,62335918.48,193434538.76,-86235202.65,31676261.62,22483254.45,39354473.55,2635200000000,-6976291.4,37091280.28,193438560.53,-83994661.21,51934733.57,193495945.38,-19731681.86,-53396191.58,41979989.3,-91957627.3,-409917352417.63,-52288029.3,-56291771.97,11097956681.04,193482632,4168046.5,-70710415.4,-92667999.23,66169787.79,69985814.22,193438308.56,193500927.62,-81997396.63,14793888.71,-41976688.84,33056415.9,-6431866.46,193895383.89,-3316517150.76,79916383.97,25396968.62,193437748.71,193436523.49,-37895693.28,92509704.04,52324989.07,-25140084.44,193430442.46,86316041.53,16511059.6,45569803.16,66229574.3,-77869009.8,47118909.21,193440440.14,-17785699.74,-24870796.24,97533034.76,193428647.24,33441592.95,-30321188.81,89120393.59,-50213585.34,193431717.93,-36977887.43,-26450912.5,24511878.41,-48255848.79,193430941.67
193490628.9,44037961.17,193432304.29,46380240.82,-20291295,-55237090.09,-61361083.26,91597176.07,68251059.94,-35570655.68,-7120084.38,4550082426511.82,-82609297.54,-23190647.86,67659334.33,99474633.03,-37514976.39,-82440278.48,194145043.76,32346603.47,-46515991.02,193488182.52,54668863.49,193430906.28,86398615.95,26148717.93,17040321.24,-75625999.96,14732277.14,-76489012.6,90745560.37,66545200.45,4906287.53,-605584764644.45,-95168808.93,193437816.26,-38681547.49,-34011433.57,89263890.38,-85502066.02,2728684800000,-20025080.55,43313607.73,193441487.64,30295785.26,-82413336.15,193496156.86,69277011.52,59101796.57,-61322872.94,-40058327.55,-409917349310.29,-92852505.11,80481550.62,7177575995.61,193482985.04,99954107.58,-66238023.54,-34656810.09,-89943573.58,-52698505.37,193439841.66,193498084.72,43914734.62,10425925.13,27985478.93,-24429210.44,-48198569.09,193906339.25,-3838340769.54,-97164252.21,39793206.9,193435490.81,193434163.97,-42686652.2,79121974.56,-72356260.62,12806664.83,193434005.05,-36606457.4,1349765.34,51956854.95,-61653350.42,-58081654.54,-40961426.03,193439815.2,-62211420.72,-28921329.04,33209311.97,193431018.43,65113269.93,-12104944.54,-46269697.56,28655739.14,193432994.82,72173964.65,83237583.09,-11702957.63,67391105.01,193431769.81
193491769.17,-24409223.02,193432308.46,-36334020.36,-24739541.17,-98515294.78,-7454390.55,43425197.42,54221929.25,67483062.4,-63518801.49,5643268495233.96,6766585.97,-66123907.21,-2565332.73,-36223131.09,-6302530.79,35962737.32,194099505.38,-76535887.27,-18879055.21,193477621.46,-2071601.57,193428855.11,-33986264.56,-77499669.29,50417090.22,5394258.7,38169074.94,6292396.96,-53775224.47,-63758742.98,58750725.52,1093379500526.69,-99118831.35,193439026.94,32125033.35,63643209.01,-53927992.37,42854245.46,2840140800000,193214.75,38375809.02,193442020.75,-49925874.26,-14785298.53,193491405.45,-32979747.9,-37289615.67,-24428270.18,-11269655.74,-409917347676.89,-30992297.13,44077120.5,10873125875.46,193480330.99,-87536744.86,-55075863.18,-90748391.05,-43146215.2,-3656045.85,193438763.31,193496656.95,36714070.05,-40801698.73,-30232051.44,-59739204.68,-84929295.16,193918483.48,-3661983235.01,13193445.37,93729175.1,193432049.85,193431333.54,68568743.7,31640062.46,83480676.53,73738368.98,193438251.29,-12534082.07,-47841377.65,87308773.13,-51626835.85,-97064714.26,43653180.26,193437063.6,6328007.21,-76740868.16,-46824507.64,193435280.25,89298469.95,-18678492.89,39954000.93,-12991971.2,193435595.56,62687947.23,-98874726.85,-51689793.48,-39467312.85,193433853.72
193485096.91,50283716.37,193434582.99,35207401.55,18978753.28,15596661.65,38680896.36,-54371759.38,33696183.45,-91608273.43,-82537240.65,5599616279982.89,56575089.22,71107790.53,69085592.57,68381259.39,-38567988.63,82068405.86,195477507.91,51888225.23,37980953.67,193478653.9,76858950.76,193429438.49,-81171729.66,18424792.44,73813125.77,-91356426.87,27305447.09,81657968.52,-11909725.63,34421750.59,-34516523.08,-43458781486.58,38436888.83,193437842.4,-12884281.8,-52696192.47,82376381.42,-59462032.56,2966025600000,-98924926.57,86234113.1,193439861.35,85877156.33,75176552.19,193487816.86,46039818.83,-18832052.04,17619091.79,44235951.63,-424043396689.96,29051554.12,21542368.37,24912788777.24,193488324.79,-15884125.44,-98810858.89,-88985788.1,-1247180.83,70781054.14,193435336.94,193498491.1,-54445954.98,65674935.96,69603711.44,93332881.64,49736484.67,193941243.12,-2914579385.2,14593594.29,-69219761,193429361.64,193429920.5,75153205.87,35274363.6,58839193.49,-84079409.19,193441373.27,43435035.88,-70052111.6,72624842.61,-45094926.81,66667902.78,-19111708.13,193433945.38,-6595849.66,86320076.7,-12581896.02,193439416.25,-71464437.7,-74553336.57,90499735.7,81790778.27,193437674.5,-81233910.17,88441341.94,80715812.97,12000253.21,193436784.8
193487268.6,30518603.23,193438003.69,53381578.19,90652342.21,-21983535.22,58109184.87,80854046.25,93632266.23,-14238366.21,45527643.31,5576459575357.71,98612447.25,25263562.44,-71681297,-84083063.85,-54517392.99,56385526.18,195275557.37,-42213302.48,-15282149.46,193484394.07,94143064.5,193432275.86,45230715.18,-85438958.3,81456960.78,-42713799.72,55729415.29,-81698217.51,-54567767.13,12752917.27,-66824387.45,-22963269039.24,57661713.63,193435314.91,-22359329.84,43869593.22,12509592.32,30887486.07,3102883200000,78813474.31,34865768.37,193435747.14,76248932.55,39082658.74,193486674.03,1264308.65,42055704.98,-96819500.64,-47856042.95,-502539642285.91,-34109689.03,64488095.14,14255456190.46,193491911.45,-47248393.17,49004727.02,67511072.31,-7627324.99,-17838234.53,193431177.03,193502297,23252147.96,-92675603.48,-76728731.55,-4659685.92,40387621.95,193978432.54,-31520581.11,25600961.47,-21746733.58,193429066.31,193431093.83,-5288208.64,42255911.33,-95525005.91,-68282600.21,193441928.32,-71395635.44,-66347737.59,36357872.93,-39772055.08,-41567059.08,59793014.8,193432300.94,-87367317.59,74787226.69,77074472.5,193441479.59,-52373248.91,-87024502.99,57420752.4,13808169.14,193437759.13,95932643.27,22379155.87,29099274.36,-29703588.21,193437670.58
193484687.93,36603569.42,193440646.24,23939579.04,-52497275.27,14088535.65,55390061.28,35958397.49,35635521.03,74863770.63,-788403.74,5729257245671.47,19575524.9,-82305956.13,53504607.82,-88804236.01,-59469104.37,-93863758.22,194325833.57,63292050.09,-87152928.61,193488995.64,42850105.04,193435410.66,66097514.29,-30571534.56,-70628681.74,-11583467.91,-94244875.87,49159618.44,2277631.43,83866426.09,-56827419.48,152991106827.83,-57214832.89,193433257.36,13412888.52,15428296.6,-13066615.46,42659238.29,3246739200000,-23456671.79,-35359724.93,193431815.29,-11256828.79,46511587.1,193490096.37,46363438.63,59358735.14,39191850.88,25338653.31,-647364444464.08,23370589.35,-78885622.46,11918125721.6,193493887.73,-60614807.55,-59572455.31,-42813987.27,84338991.95,-98052921.87,193428313.69,193506242.28,-98047469.18,88996221.04,89789965.33,-16935285.25,50231202.66,194003649.12,487316682.18,7385570.97,-52804005.64,193431585.47,193434589.94,-71769891.78,-16506239.32,27574410.63,-94357405.72,193438997.7,68877422.46,63074612.6,48660364.16,-55405158.22,-60725191.94,78687046.87,193432982.9,-19959257.18,93492397.11,67927403.26,193440664.81,692650.88,11767866.89,25104321.72,-63285848.31,193435577.09,-17014958.84,-46847507.85,-16184387.5,-63238260.73,193436051.49
193481070.5,92456645.83,193440899.11,-56932388.28,59874114.99,43676546.64,-85097961.85,2090991.43,69637976,81848516.9,13722432.97,5406394586824.67,-73012888.97,-53263850.58,-13431473.59,-8320668.79,97313382.29,21253893.9,195130726.16,91660603.01,-4121521.06,193487032.1,26336359.56,193437403.55,-64330584.49,-86869035.05,-17733442.31,-1843673.99,49479611.68,91901225.95,-67279363.83,-24734495.25,79704453,-322669222485.47,32147136.01,193433196.08,-9155662.28,-77233533,24264192.04,-80246218.54,3393446400000,26198450.84,-97227274.27,193429939.61,65352954.47,-67244257.3,193489392.03,74971021.11,59063629.21,80223513.68,85785646.53,-647364445215.24,-4331291.75,76740042.72,14627078257.33,193489643.09,1196722.14,-91555080.89,-14146020.53,-5666639.07,-38670711.7,193428269.17,193508156.76,99449854.48,-51877702.35,12165074.3,-95539184.36,174353.44,194036544.55,-384137568.01,-44907994.2,-63869103.05,193435870.81,193438803.1,-74578659.92,-8292424.88,-9540131.77,87485669.42,193435243.5,8639402.79,-54449936.86,46959422.03,58733419.92,-15314522.08,70432490.95,193435414.36,85871970.96,74736877.17,-24733702.67,193437742.32,3428005.83,-90496253.16,31498017.96,-12352738.15,193432308.81,-64705455.79,-31998803.28,30605995.73,87262692.91,193432177.4
193483050.56,61840333.66,193438340.18,34101386.75,-91352899.89,-11434577.97,894049.45,-34862858.09,-20195685.69,39923492.01,-52452971.06,7787744682981.92,63542967.3,-74896918.5,90880533.54,92754911.4,27112302.17,-99875942.97,194079894.47,-18121696.56,-94368228.36,193489061.31,45802854.39,193436528.22,-50201522.08,73495594.33,-71094874.12,-76822080.91,-1014388.54,-55781622.99,-21661289.93,11968429.84,70900933.51,2381543531723.09,31432304.97,193435329.31,75501158.59,-29098734.41,81206308.13,-21408081.74,3539030400000,20235078.53,-63063717.45,193430730.23,87891590.82,-88993055.83,193497862.24,39418299.95,-2647548.1,-26900185.89,-57130220.35,-851060275999.73,-57941303.08,49221199.75,12948533730.96,193489462.31,52646977.43,5576097.85,-10714976.53,-51101260.24,-99370496.3,193431019.5,193507240.46,33215215.07,-3820304.42,57548641.48,30314042.44,-1567622.89,194075424.55,-160716186.75,50437762.83,-90282137.12,193439857.07,193441637.8,42837062.95,-61312327.66,42640191.68,45740396.67,193431624.05,-82592241.23,48748072.5,-68626511.09,-24065447.55,-76209071.77,-49147259.8,193437892.72,-1426168.94,-99201339.84,-99782312.05,193434451.59,-13253198.59,-23235173.29,-25900636.28,-51632529.46,193429795.04,-34319530.51,36546632.61,-79307395.24,-18408899.73,193428635.5
193488183.75,-32117415.88,193434108.63,-3483347.35,87298899.61,-1430008.74,-49703065.87,-25187101.73,-96117047.09,33564996.37,-72359454.57,7338671994661.55,-67365626.37,-81930569.08,-53647439.37,-40883388.42,-73469986.17,84646276.19,193792011.2,52917031.05,-7564572.01,193489021.87,95445699.28,193434547.82,27091756.95,37051224.56,-1490409.45,-92179136.66,-54719538.44,10166851.34,96987002.43,93802773.1,70614579.45,-448879253425.87,-33438313.62,193438590.59,-13712833.46,-27024177.01,-95026727.78,-30366773.89,3678825600000,22392409.1,-45632051.86,193433828.81,84527260.19,-14745669.67,193497047.5,41400893.38,67397367.36,-6975393.9,-93711695.52,-851060272337.12,43643019.45,40979839.39,3469560324.54,193487869.05,-11702408.28,24666019.06,5447724.88,-53476365.3,77510658.87,193435168.74,193503725.73,73919010.81,-16919651.89,65382014,-24905278.61,51638014.11,194061385.21,187214158.26,-24290371.19,71639985.11,193441710.89,193441650.83,4517191.56,-175002.37,68213275.28,52770623.94,193430545.49,62964477.07,-16492953.72,75985827.2,-99266283.72,10554919.97,-27275981.62,193438691.97,38552334.32,-20754243.29,91528958.97,193432705.73,-77683700.92,-92807320.35,-53442509.38,98434789.12,193429720.67,49221539.07,82913903.23,85440121.71,35969857.25,193426786.27
193493201.09,-45650756.82,193430216.83,31535123.2,89864639.94,-34360028.56,63790331.73,22670213.63,-91376322.48,52985944.44,-26397493.25,7371446994115.2,-9298505.84,-14072760.17,52540786.07,34837130.52,-81670004.68,-26778500.05,193772140.29,12025121.53,34473049.12,193486884.07,76910418.43,193431861.94,15793309.55,78604130.73,59254683.22,-20970571.6,13027567.28,85827856.94,2193358.04,-92673861.66,-57119409.72,32968434418.85,7044705.24,193441037.64,96873769.73,84882371.72,76378418.56,-40757908.6,3809030400000,7393184.38,-22195954.06,193437294.24,32381154.54,31695900.32,193496847.24,28204480.84,80760548.63,-11210758.76,56394952.34,-889015131803.34,77530274.06,-71466399.57,3212777591.84,193489358.65,61370049.02,89157249.76,6075731.25,-47169156.19,-36313500.09,193438639.59,193499457.88,-18486233.76,-54542538.95,5504257.73,69956050.58,-63306425.08,194049599.07,248432148.51,-79009634.58,-22707215.79,193440678.47,193438844.97,-61626390.27,-70539989.3,-34988609.2,6823166.21,193431950.03,-11302464.83,70240806.13,-48766402.03,39038782.36,-12426757.92,-87791857.88,193436994.74,99071732.44,-35909112.83,43287309.6,193433311.26,9007760.29,85394405.31,-74628883.95,-94156619.1,193432396.26,-81146891.61,-90143942.46,9551445.37,-41492562.44,193427979.24
193497451.4,66965306.38,193428539.44,53311817.92,70143509.96,4974402.03,-40994797.34,52746748.98,-29265531.49,-69421641.52,-7226487.4,7150339770993.74,-59912798.2,-92250918.12,-23815189.97,51946320.39,-31726598.22,-96039466.44,193703134.38,30000519.13,-18285840.12,193484874.62,-96674364.97,193431417.81,88311901.93,-33767230.06,24410446.97,88050278.11,10684197.71,-34658750.06,83232347.26,31313462.71,-48716055.27,-220913787256.38,47133692.89,193441082.09,-55942444.67,4931448.66,21754135.4,68496937.06,3926016000000,18866333.68,94892316.41,193439151.93,-25759220.29,-10721822.34,193493527.79,-311859.29,45785363.57,-69575263.18,69527600.27,-889015129988.47,-87096014.48,29540620.9,2108771624.4,193490558.18,3158758.46,90898157.83,-87035647.06,-25259027.31,-63095012.28,193439821.93,193496454.88,-43547995.96,3704919.36,4717607.56,-71686175.38,-25844125.66,194038453.47,242790904.46,83093578.45,-65448853.29,193437542.62,193434669.53,-73204019.61,-29238718.33,32775837.34,3146079.5,193434761.94,-65264568.7,-29406526.13,-56611157.11,-62507835.33,12438047.73,-4256534.05,193433476.76,71717856.91,46449073.21,-89589543.76,193435658.19,92027244.41,52642565.47,3995055.75,-72027215.18,193436705.99,70131660.7,78815750.83,50392855.37,15349990.87,193431474.27
193496967.02,28487015.63,193429771.2,-54829489.53,77088145.47,51730873.57,-61549244.6,-23949505.19,49301399.19,-17469538.34,92424391.7,7373564852701.83,68113942.2,4666463.75,-40553727.12,21010435.68,-27988483.26,59165476.03,193721101.15,-65153103.79,-32378720.07,193485176.6,75945188.82,193433116.11,40900101.34,3173558.48,-6783954.01,61682750.65,33482641.99,-81468147.4,56277283.03,-14329439.16,39211465.75,223418518792.59,30039343.42,193438398.23,82155772.76,-59698872.19,-68464043.94,-70144911.18,4026240000000,-42194050.16,92395521.84,193438641.34,-63913310.14,72389208.5,193488600.46,1427410.11,18446492.07,-6545035.81,81942937.37,-889015131124.55,38913422.35,87945847.24,2251822864.94,193494454.11,18505534.99,-14426059.13,58315419.14,17493861.47,79764821.53,193438432.63,193496072.06,-70084218.19,-70572211.72,-91177438.58,-42954881.25,-87013289.05,194025867.51,254801596.93,61551571.55,-32349630.49,193434141.35,193431226.63,-5728149.12,-89749881.16,1640461.81,-82029454.22,193437054.64,63011469.34,-57321321.5,-33926631.64,97476262.82,34771800.43,-56274663.68,193429935.1,-53279532.52,38346023.97,-23488329.78,193438085.83,-94884190.83,98410281.71,70942952.52,-77863103.29,193440600.22,-2692884.48,-75826424.29,3986713.4,61896505.27,193435910.07
193494474.95,35838410.61,193433078.45,-38068355.65,-60632501.45,60345147,62546316.66,-22890415.8,62767665.99,-85336713.02,27648105.95,7938921260804.17,-70849574.98,-63533054.55,-21598186.81,84293418.96,-43151348.25,31223516.43,193771433.49,20463361.31,8641346.47,193488855.63,-39650186.49,193436158.91,79073956.51,61063711.5,-30734623.91,-82647727.84,58805157.08,-71067012.88,83668680.56,-26034512.24,-12598919.47,565549845909.59,-12123623.42,193434113.12,73212191.73,-94372327.1,-55731343.61,75324098.9,4107196800000,-39762399.03,-68283482.24,193436223.24,-34444797.71,-43557397,193489797.06,-31671986.27,-82060148.54,48029255.68,-57738162.82,-980673333920.75,33148823.85,-93944460.47,5572812634.94,193499715.07,-11245990.15,14247296.04,65793554.99,25254997.83,82769659.33,193435637.82,193498171.33,46807919.56,19007579.36,-42254845.66,60676954.3,24441263.57,194018168.58,274474987.68,77786968.46,-90045102.26,193432292,193430126.97,52951485.79,2442709.71,-78661831.84,-46341594.73,193437290.9,-43955007.74,-5226742.27,-16356803.43,-10965669.17,-57005925.49,7624739,193428307.99,15424567.6,-35983625.8,47504783.19,193438831.55,75083102.77,-91219375.29,89301331.93,90902707.98,193442201.86,-93356849.77,-19111982.21,-27850818.12,43983465.95,193439247.72
193496550.79,-1899549.45,193436622.4,25997277.72,82842463.04,8804196.26,20049547.42,-10011700.05,52194856.93,-32605076.82,-73060860.02,7336606311603.68,-65399137.05,28143635.27,-25512700.38,-25242302.16,-96155357.68,15353538.21,193749268.81,78091682.78,7526089.84,193496458.34,87911074.32,193440130.34,-30113784.49,35629609.71,-67688756.65,-91906853.34,85227156.82,37555985.43,76110843,-74127342.02,-27227350.84,-602121511807.85,31613956.15,193430346.91,-43473504.02,-27362708.28,74231452.46,-78418383.53,4165948800000,17965718.21,66855569.72,193433878.51,80614725.53,97978546.13,193488976.8,-86095475.63,30434380.97,-13922361.19,33650419.5,-980673338225.88,-32664272.81,-30922340.36,4175129263.76,193499155.75,-33916123.52,-47426853.41,9449837.67,1552467.66,58834580.2,193433315.62,193501237.5,10443598.39,-26189317.71,21849768.53,35693546.37,-31605866.72,194007673.89,306781352.06,-1910788.22,65755923.2,193432859.85,193431633.76,-58634814.77,-7968399.96,31974969.06,-85058370.23,193435378.32,-59954280.32,-98484501.27,-3529373.99,-38140578.72,30585821.31,61266030.98,193429622.11,-20478910.35,-12921770.66,-45270916.51,193437202.53,-30562531.79,22413816.13,49651850.35,12492527.34,193440898.73,59168553.8,3402429.11,-32326593.81,73969360.05,193439659.6
193492254.67,73458079.43,193438544.93,12874280.18,-58279601.11,-82895587.3,-37592355.78,4141380.38,67262300.98,-98129184.31,1968675.38,7374520925417.85,-93493711.22,-77863300.45,90768244.88,3954997.21,75540678.09,-72781938.94,193801434.38,-18768022.4,-83014626.86,193499962.03,43230701.09,193441564.67,30281377.32,78694446.03,-39451266.59,-77336199.14,-70581240.78,-37535829.35,-16544717.6,-80628945.12,78539865.69,38108049588.88,-54175095.06,193428918.69,-14528203.87,-28142137.98,8191790.82,-94364515.67,4201027200000,-85837612.06,53906326.94,193433240.7,96078873.42,84413247.36,193494009.08,31862645.61,-18459208.61,87051145.75,92122064.6,-988365131104.72,-75173548.36,27259386.43,5825080359.69,193497621.02,-53261952.77,-22144799.43,34910452.78,56199252.83,37910379.22,193432950.65,193503421.04,-95424648.86,92813284.96,93988012.86,8087120.12,-4644372.31,193995876.94,223047151.28,-25559603.65,60380721.88,193435202.3,193434569.94,-26013185,81853185.44,9749245.43,-32535163.62,193432384.6,60476017.05,24782749.23,-70206269.27,-44964784.39,-74966668.79,-61319275.94,193433349.33,1254068.03,-17735912.72,-97657105.9,193433865.07,-64871848.68,-3742684.31,2113531.15,61538820.69,193437519.28,-34876379.53,-26314830.92,75569412.69,-57118027.33,193437715.45
193495366.59,42207232.1,193438018.88,-28739116.72,69239347.28,31621283.75,-80345218.75,-7254227.48,26094287.22,-33754179.45,40359974.4,7201866013688.13,68589768.46,-23002023.86,28483578.73,-59323363.2,-6558562.07,48671068.74,193841496.49,-4075186.32,-66239894.98,193504278.24,25494046.67,193439649.71,-36866792.3,699140.29,33758176.04,-42449763.53,-11659412.21,7742634.18,67814856.58,-47989871.14,87635003.45,-172461478182.4,14416911.74,193430338.21,-64198361.77,18647361.13,58197149.59,90093630.4,4211740800000,-62626073.6,-35948656.92,193434680.07,30611406.54,5327857.44,193500652.79,45007758.03,-49202631.55,-76055254.71,-82224809.65,-1053965264323.85,53900553.39,17034832.43,8732807793.81,193494566.59,5829839.93,-49101240.98,99337583.46,-72906025.93,85538958.91,193434857.09,193503423.67,-1130856.27,42412587.14,-94815806.99,-28161811.17,80650509.72,193984902.35,215273900.28,-69540317.75,-47202920.53,193437563.09,193437032.91,15656269.38,96156374.61,-4373670.8,31947450.53,193430221.57,95045261.52,-55555269.86,-17644845.43,40072902,40633452.37,-44618579.54,193437695.82,-12996420.5,48126856.06,86881074.21,193430478.91,86395770.58,67864183.31,41403753,38814279.85,193433902.19,-41272394.58,90915257.21,-98029390.96,45670994.03,193434714.58
193495094.65,2128810.73,193435744.73,96950120.87,34707306.04,72643057.55,-84669169.54,32485167.39,-44257875.31,45669456.13,12186166.32,8662821625587.48,-19924150.65,14365356,-84563491.55,-6013318.05,3176859.06,-69792962.34,193822049.25,-95850695.84,20334560.06,193499495.35,15339231.59,193436891.63,-53392654.09,-76577579.03,-75728266.76,-28102078.39,25333676.16,32916196.56,-75889108.07,-98263418.91,13952978.47,1461149043579.41,33662859.03,193433931.53,48784694.38,-27893394.89,9574200.34,60149994.02,4197398400000,75409665.54,34189144.5,193438076.99,-36013851.44,-61408271.57,193500948.83,79720518.61,-7001273.56,-10210488.91,89885806.21,-1053965262082.5,25766440.97,-57960093.78,5394012931.74,193488566,-35925358.63,15997032.06,80478510.49,-59772160.56,-70225530.18,193437818.96,193501125.03,-94693870.47,93354199.18,86558313.87,93136627.74,-654948.62,193971374.27,210552102.23,98399222.46,48124092.52,193438377.12,193437506.42,33288755.35,91072393.16,94502870.27,82836552.96,193430447.16,-78599235.25,30912612.57,-82579695.63,87331330.69,58239422.84,19466752.37,193440636.5,-25663365.49,69783733.33,52934576.1,193429163.13,8317884.83,-56239619.02,-23860387.91,-54175420.04,193432031.91,68213414.97,45670655.07,58038153.24,94285001.59,193432284.6
193494829.82,48416031.86,193433370.07,-9028752.46,8807988.68,59273015.43,-93749933.56,52688921.31,-77349421.25,-71286244.81,26889028.94,9690112986009.38,-6308124.14,14095145.78,84643645,63341771.15,-22237098.09,-31424027.98,193786148.59,-99163179.41,79360956.29,193495481.56,-50687483.47,193432461.34,-98141149.3,-81070336.04,10709532.32,12812230.83,31178271.19,39800993.04,87006095.58,62024865.77,28673847.96,1027484791439.4,-87034768.31,193437650.59,25100130.93,-84282166.19,-97232158.44,63642463.63,4158518400000,-63610234.64,-59014859.11,193441347.93,90327916.88,-57858075.79,193502349.57,35570714.32,9616304.5,-81864472.16,-31610890.97,-1053965258842.52,-74065735.93,2954406.09,3708109853.89,193490618.38,66646636.53,52671347.64,-84336020.99,74313844.87,-99087422.16,193439989.77,193498315.48,-39627387.07,-17384270.03,-98516517.26,75641506.09,70449567.1,193960521.51,207920328.16,21234395.56,-55162323.22,193436822.45,193435737.15,70149117.27,-78102410.25,-64531864.52,-33352857.45,193433318.29,28626976.45,60452801.93,69908256.94,-43239135.63,23415061.9,67421042.82,193440868.93,-4509609.81,-87650259.95,77807010.89,193430717.49,-72728009.63,-8842801.27,43871339.89,81400052.71,193432616.49,-88522556.36,58553614.79,-21296557.1,-49059561.7,193432495.03
193500099.2,-12221207.08,193432627.89,-37612012,-62596218.35,-33862103.98,45949761.03,31526214.23,5870773.47,74252009.4,-78727430.45,11620528996886.44,42090119.21,581769.45,10069280.68,-19810779.53,-86643380.05,81337088.57,194017863.24,27579906.93,33195895.82,193491950.49,-71289751.16,193430020.68,83395062.43,-57174719.81,-84025149.76,-81569487.05,-81078269.04,-98694658.37,-12160790.8,-17653488.58,4747970.88,1930609442713.81,-91207218.65,193439690.8,55198981.99,-22526662.77,55205250.73,-31991698.26,4096310400000,88204237.77,-18930952.59,193442724.66,-71201211.02,-78651479.42,193501784.91,-47088940.7,-7628105.98,-99548763.97,-7519815.5,-1053965256531.1,33358686.08,99079222.47,6336781160.74,193492321.97,39749637.13,62142783.92,-29203375.99,-18340853.48,-60582598.55,193439808.42,193496473.77,-58426918.49,82630703.69,35535096.66,-10138775.42,-62631400.14,193996052.53,-172946412.04,97763425.12,99612085.85,193433647.63,193432878.47,-53226094.74,-53081512.42,-53244108.37,-11797963.22,193437608.57,14725801.53,86031157.86,2163129.25,-25796835.35,34527949.99,-48326326.63,193438617.41,59046656.51,15866397.95,86481467.07,193434621.32,56606493.66,-79150849.57,2493174.47,-31060503.35,193435035.46,53355406.34,53370290.21,-63103739.82,-65136200.02,193434502.46
193498420.11,-54557866.33,193434203.21,-43851275.62,74789012.8,12895441.79,71761374.46,-47269127.67,-98957862.96,-19438163.3,-50134185.4,11839730395161.7,-22680510.04,8554526.44,-71975279.21,18822169.4,94954455.89,-29021977.67,193841169.67,73827564.44,76086618.12,193489418.82,-29164668.62,193428794.81,-8029508.94,-37480898.66,-45523105.14,-45637293.1,53390235.12,41562277.96,98784471.14,2625793.77,354003.51,219394831983.53,-90446879.07,193439128.76,-55477995.96,77104944.55,-47259560.52,53578362.26,4012502400000,-47251302.15,-82385792.64,193441011.89,41324690.16,98994001.71,193498232.85,69140802.49,83195136.42,24054528.7,-86868753.7,-1102136403654.97,82746446.9,68674278.39,3477688616.74,193497064.04,-18589461.81,3670452.02,91341165.4,94274248.87,70497898.06,193437023.93,193497424.35,27453809.83,34844847.96,44041674.67,-69102897.85,50945702.01,193991198.45,57925037.07,-64259372.25,-85483772.5,193430544.32,193430820.05,86627543.88,30656223.45,-54269421.3,-34420305.46,193441265.26,-89426298.08,27580623.12,-47302684.45,30774735.54,207247.16,-48696789.91,193435356.58,-84716530.7,-65033042.88,13215959.72,193438937.3,38380033.99,36869092.19,-87361852.97,-4672502.79,193437496.43,-62930082.66,21924402.79,-53708816.95,-61927629.97,193437276.28
193494740.49,1453484.84,193437399.42,61857068.37,4553703.26,-68575750.15,-62038077.4,87948661.04,95647031.78,-23686393.33,-68142682.84,12031669783210.75,-87925561.77,-50816833.17,-7042712.67,29867401.89,87880151.18,31389171.08,194007042.45,58055160.81,-14255280.43,193490362.21,-41390880.53,193431509.47,9155665.85,53396810.23,-92179183.74,91285262.7,5001440.22,94758335.57,53072805.8,-46922385.06,-56401806.29,192132823784.77,-45088856.04,193436745.63,39435395.23,88367353.57,-12302060.79,23540237.64,3909686400000,32072205.19,-93064951.72,193437095.16,-62321849.04,-75762398.97,193495615.72,-25578890.6,-10379425.85,52837572.99,31072287.35,-1167766174810.24,75357675.94,85489286.04,8150255893.94,193498630.99,-31917566.53,54470828.55,1278256.25,97743529.27,-53602403.41,193432849.08,193500673.81,-70260738.59,-55747526.32,51541872.29,68599347.54,-44657488.26,194003423.22,219929933.27,-74633268.95,29909150.55,193429430.96,193431084.11,19335678.32,-5384147.65,-68027310.66,-53498477.83,193442389.25,-54998972.92,1536382.36,81157288,66092533.02,-63447326.62,-67233340.47,193433041.45,68152507.02,42836472.9,-20157518.11,193441701.11,67011037.97,29512469.64,-15681279.23,65169386.05,193438335.64,58118627.02,-47293769.24,74014795.34,-29630273.79,193438613.5
193492787.71,-83468458.61,193440458.27,-589996.95,40315454.12,35412966.93,43905798.2,-52225752.34,-49219757.68,10047447.03,77848608.02,10901415987819.89,-89476330.55,-305085.88,-34619614.71,-62160227.21,17469004.29,-31955237.62,193839124.15,40355246.78,36926289.16,193492549.64,57360012.66,193435724.53,84111256.85,52726998.86,1707954.95,-4176109.65,-28843960.29,-89081763.25,70742646.63,-1510248.94,-613971.39,-1130060358350.94,-53222184.7,193434309.23,-47382080.32,-67334500.49,2691092.06,-93100921.89,3790627200000,46961420.21,86735327.19,193432881.01,-68207811.36,42968952.4,193494033.29,39507039.8,-58057635.38,-14466929.96,-28903749.23,-1167766177413.02,-6374343.33,21629440.94,4628919343.43,193497981.8,-75659369.32,-8145545.6,5259035.51,-34451037.39,54087565.09,193429359.19,193504364.23,34577756.67,26004575.03,-25863013.64,2702593.61,22893940.59,193997951.23,46263766.06,-19462670.6,-61526595.84,193431207.55,193433915.95,80555924.31,3722907.49,18681311.26,47879000.58,193440571.21,67536447.53,-86184438.19,71576031.53,8673173.1,-80484093.12,48404510.31,193432942.83,51338013.56,64566723.91,-26886461.96,193441751.59,72486500.61,59485702.49,-64803594.16,-99302014.71,193436893.04,-31266986.94,58801710.22,11876294.38,-99098666.27,193437565.14
193487387.85,72343935.81,193441514.4,-89061565.82,42014348.84,-61974800.47,84905479.64,66964439.08,-32513540.02,-47102409.5,61508765.97,11176834627791.47,38669819.24,-85745058.25,77693450.71,-5724845.13,-2779719.86,55856805.79,194021037.87,-84401900.22,-81695578.52,193488511.62,36116400.94,193437657.38,97658269.96,-95238392.74,-7425083.09,-52961463.84,64410780.67,-34218412.83,-87257371.7,25760033.23,-42189275.41,275612077189.11,15363932.53,193433458.12,80996569.8,-56946602.92,32484711.9,-53999095.37,3658694400000,50861676.03,91837562.56,193430248.11,-77200432.62,-85541366.31,193492673.24,-95623870.13,22931282.62,45942541.67,20892656.09,-1167766178834.89,-22648729.11,-42402327.38,11064871754.75,193490878.31,-61343998.95,33620267.61,38264826.54,14633597.17,2344689.26,193428349.99,193507007.67,38257435.85,36364855.6,33501283.89,-9627855.62,55436325.24,194005975.24,206087156.37,-25196745.48,96252450.12,193435168.28,193438089.27,4003886.08,-99114524.5,98039853.43,-26121243.66,193436709.13,89309136.36,63429755.13,5995924.29,96234185.5,47822730.03,-1151901.06,193434904.6,-92243821.6,44235841.83,-21363169.88,193439271.32,13488439.3,-64480447.48,-85755860.24,387557.95,193433822.64,-33645627.62,-54296972.78,-4794409.43,39388382.92,193433906.07
193484023.46,-92035256.1,193439738.86,-83802742.23,97256447.93,-27529465.69,32325118.12,62372554.77,62259220.44,-13771875.35,-38400752.86,10952096933892.08,-36520583.84,-10071714.67,-91650381.04,21415613.96,54621923.87,-5437369.13,193934953.31,-33018596.72,-62478153.11,193490533.46,-22949565.24,193438085.52,-66844754.67,-19611987.56,10681448.58,88574175.78,11865870.24,76612263.57,74799995.02,23616555.38,-19076166.4,-224544257377.95,27795788.81,193434939.92,-61323384.43,30236721.9,71393879.33,33538757.52,3517862400000,-14212781.59,9616834.9,193430434.35,-37882595.04,-66798601.33,193492535.69,99586307.81,-51745486.97,-44193936.2,-49167365.6,-1167766177879.82,-65056626.59,42352167.38,2698682218.1,193489295.02,-57365.94,31284192.42,-50762853.66,-62567772.62,9706151.9,193430388.88,193506851.96,99088222.19,-74041954.92,-2349027.77,1716283.67,-11540422.21,194000967.91,348069688.79,45870524.16,9802371.77,193439491.55,193441544.24,45244554.44,-41330872.27,73156363.11,11644100.85,193433224.56,-47119603.84,-71101941.11,-20940428.58,57783777.43,52910015.07,50340204.16,193437533.69,-51724165.75,-26514729.41,-52216168.88,193435854.58,24245613.81,57029309,18855057.46,-93702048.89,193430930.26,19849363.57,74390880.57,53507626.31,1254066.52,193430156.5
193485182.79,24885156.31,193435807.6,-26662284.08,-6556134.81,30386243.54,74908719.9,-24632350.33,-45423746.73,58613607.86,-32108311.56,11351310729383.26,87207899.64,3059266.96,84314306.81,76629626.57,97078565.34,-99494144.83,193922595.84,43912751.62,6857414.42,193486442.46,86943361.32,193436223.82,49718851.7,-88975304.57,-94993131.6,-5088508.01,-10318136.26,52577456.28,8375174.77,46171033.36,55122430.8,399407231159.06,-48583025.24,193438020.54,21743830.57,67175496.77,52883900.19,-64291614.29,3372192000000,9321203.95,-83982820.05,193433129.15,75855883.26,-5788816.88,193493496.4,-52714245.66,79914409.36,-56281768.79,-5362599.3,-1167766174732.94,85165842.26,-5724477.32,3069368724.79,193485071.72,80065241.75,-9839343.06,76517136.68,-32897714.49,-47598521.35,193434408.84,193503812.06,72854591.91,60321290.88,63782880.29,27523008.29,23680840.09,193997384.25,396892491.46,-14529239.19,-6126011.07,193442122.27,193442506.91,21553528.24,53900579.3,74231189.34,61763603.34,193431079.31,-63304716.45,-41057015.56,-45046636.55,6256376.78,91420325.33,-27517219.05,193438994.7,74590838.67,-29320194.28,-87749884.62,193433449.92,73889710.14,-86967784.23,5062786.9,57569976.54,193430039.11,-54659247.6,-78634885.98,-96763417.25,-120798.4,193427451.95
193485350.54,-72195569.34,193431578.17,-58195622.42,90489796.01,88092987,-91883711.28,-72381280.96,-14789535.35,95386593.19,50677414.58,12426602690545.56,20742837.73,39337538.85,-72755668.22,-44311048.95,57319518.46,53808767.63,193869410.99,50544244.61,-46635694.01,193480539.67,-22452959.36,193433501.19,-53113861.67,85912297.93,32103537.85,-31090430.44,31628774.72,-54619028.59,73404244,62138797.01,-15017640.24,1075485396549.24,97094437.39,193440911.82,95992173.59,-31638677.67,81953995,-49167241.27,3226003200000,-15402163.18,18064201.99,193436726.63,27826843.36,-53632090.39,193491268.28,51852015.56,-8809278.65,268394.69,57766705.93,-1167766170905.67,-7345239.54,70435885.85,4072389304.82,193482740.22,3038939.83,-97102340.49,-48107236.76,-71137831.57,-43412849.14,193438398.8,193499453.9,60594121.19,756883.26,2365569.81,8159527.96,79231521.3,193996280.01,301663190.07,-9092548.81,-50530330.8,193441894.04,193440465.28,51243950.02,33683034.06,-77081640.42,94955573.24,193431556.27,-17276515.51,48716516.61,-85778552.49,-20354984.52,21191651.43,-56547307.45,193438107.6,-22740131,-79155711.95,97362904.59,193433286.52,-35399638.19,-74310759.71,87193182.24,68312861.83,193431958.37,-23097836.63,-41727393.8,-5960975.58,-69354200.24,193427488.09
193492215.59,-74856411.03,193429100.49,86385179.56,-66865954.17,-12594829.17,47370936.56,-25414372.63,27403998.45,93170768.41,82773717.28,11937171845611.93,46768622.72,-83690328.45,-19702939.48,-9681078.63,-47828676.38,-8117548.18,193819652.7,774151.64,88505175.14,193480604.77,-91037192.67,193431508.09,5219232.71,-49033444.19,-41024650.54,-65188386.41,-42148484.39,17635693.66,-75837092.23,3752517.88,26803631.12,-489237408957.38,-52623567.04,193441780.99,-74782622.81,-86720226.55,-91413860.98,16871507.69,3083184000000,79557687.68,38356503.92,193439222.56,93795018.2,66988432.53,193489867.4,-25812207.04,-21394017.09,49248998.74,11587197.47,-1236402224333.17,-4288656.71,63811925.24,1859773883.89,193485626.08,40826812.33,-96845170.99,-830774.67,56398288.66,-94509202.02,193440516.51,193495874.79,62342323.48,79283330.2,48680056.2,50206508.48,-36879654.31,193996431.95,513124751.64,58566958.03,41155725.3,193439139.01,193436455.59,-94948224.28,39225735.93,-99228396.15,47676123.66,193434581,-91896171.9,53219855.78,65846463.8,12737977.54,-23642403.37,-30145151.16,193435071.79,-544201.27,54955586.83,-45195818.17,193435192.71,3650276.36,-31119851.61,86899762.3,-27901429.19,193435976.59,50273307.16,-58569367.32,-94551147.37,-99510343.44,193430567.08
193494435.13,5747853.04,193429522.5,-10396955.54,36488396.34,70544895.46,57430353.57,-79018445.65,-62455823.7,68553727.55,1479192.57,11692023302861.28,2087000.71,33569487.38,-99108985.92,99912174.47,22852620.62,-80487762.82,194414422.01,17529725.41,26593296.84,193480581.92,80515954.31,193433012.65,-76083222.82,54001503.22,-52030769.45,-36244138.16,-77692580.93,-24255505.76,-76755937.11,-16425691.7,-61380220.41,-244955105635.55,99194284.58,193439877.25,-30830944.42,4879074.1,73506338.95,-13329985.25,2948054400000,72596530.99,-41164073.6,193439479.9,-52477915.64,-10048473.01,193486555.87,94279414.29,-18437241.47,35855215.86,17299087.64,-1236402224593.8,56315806.85,9167223.24,6213272480.84,193487666.72,-63260065.43,27516436.48,-10095763.3,69524047.58,61921281.43,193439933.86,193494558.28,44264841.41,21799202.12,828830.34,5895742.35,-88908361.62,194011246.02,-147194675.32,-99013244.89,-82751779.19,193435512.38,193432498.01,51255384.38,72653634.62,-29178279.25,-73197362.11,193437253.3,26357767.2,6440948.39,83972620.5,-93488344.28,88691503.61,64989529.74,193431410.71,17358321.47,18971447.53,50474459.17,193437794.51,-83770654.59,98710051.86,40855840.86,-22679452.88,193440244.47,95373506.51,-54494850.24,-71758602.19,48734542.3,193434833.41
193490983.72,-96465478.26,193432461.46,-34022618.96,19554799.88,80563059.78,12730854.36,-63897741.88,-31885930.4,31037819.46,70654927.74,11936899734100.07,51537977.13,94299467.18,-88368936.65,-99241710.95,57912091.17,-15698531.57,193738329.46,-49983177.17,72648500.57,193482045,-91804925.87,193436153.54,-25975926.06,32382313.66,49165522.75,-61857905.02,-76437832.07,67698171.23,39246704.59,-30594837.74,-30226953.63,245069869284.92,95750760.48,193435900,-71361076.5,-11633629.45,-76034503.22,98193983.65,2824416000000,53056934.37,78345665.53,193437620.9,38779817.36,-31882775.82,193481014.57,-87253387.89,-55824267.84,-80814443.54,16349082.74,-1236402227597.93,48715585.66,-5245800.33,1505660920.5,193488768.48,45051097.98,-1888316.2,-35704505.6,46003986.48,-17238347.38,193437387.97,193495931.42,-1073266.53,92335012.7,29542679.88,-41755363.84,-72555935.6,194008115.62,-74648084.6,26591006.72,-45367128.3,193432981.3,193430496.89,-81976902.04,-58010498.1,-24660032.83,34986746.14,193438353.52,-63220550.98,-42408469.38,-84062814.18,34376594.27,39804289.18,94171811.12,193429122.36,38770212.61,-98646422.63,39332518.01,193439240.96,-9127625.49,38868214.2,-80042358.92,48055848.36,193442697.56,56319269.99,-46823234.25,21216985.67,33860202.48,193438346.79
193486229.08,83921277.08,193436254.85,-24275967,-31812289.15,-36103452.22,80468104.73,-21267415.54,-76659092.32,82017566.25,41563532.3,12603900842608.14,75529316.48,59107723.76,16156521.22,-82043723.21,61927719.5,58344102.99,193865953.43,82321331.83,24605190.21,193484776.89,39522576.57,193439176.68,92678355.08,66985402.87,-45825331.54,76693188.85,58822016.64,86670544.16,70698303.62,85392213.08,-24369959.72,667194546530.25,-4908605.88,193431719.51,-16623768.02,-96772241.28,-74103488.7,62384946.16,2715984000000,-44976102.54,79069365.6,193435022.55,-44946830.36,-71721642.44,193478374.27,12034328.16,60325356.01,2071194.87,60315605.24,-1331242667844.76,77174527.22,20239197.85,2402670544.07,193487927.52,-96529297.04,26431151.6,-16530300.72,5824881.96,59997420,193434650.34,193498940.23,20686371.92,7719402.37,9362610.02,35183535.24,46162227.72,194002020.08,67289008.42,-80287504.64,24826128.31,193432764.55,193431219.6,-36123419.81,-72603238.85,-94009724.69,52103.82,193437112.9,18855974.06,31369464.12,19751203.55,-50236620.34,2751675.4,58923540.22,193429575.31,97508660.17,19659151.86,25024319.82,193438364.83,68780003.38,-55598163.68,-54302630.69,-66309969.73,193442205.99,-16054547.28,32952509.25,70743391.32,68388620.29,193439510.69
193481496.15,-85273305.23,193438906.59,44859015.76,26960863.47,-37628213.85,-67475259.07,-45823278.69,-93679427.13,65936730.58,9299129.26,13301048563648.46,-52914990.18,-41247072.38,73431889.58,21404433.95,-13957037,-20604048.96,193819754.14,-12267316.07,82535907.72,193487631.04,-72519087.31,193441429.47,42460095.45,-45812349.57,-16891173.7,68075518.51,23912710.92,-92288554.13,7064846.74,-12790586.29,18534831.65,697341157803.84,-86989405.11,193429401.17,2619336.79,-19253968.99,47741290.05,83100304.81,2625955200000,48777975.01,-80806964.96,193433572.21,-61245388.4,105868.92,193480226.96,71363555.19,44605008.85,-96069808.98,-26865674.33,-1441557403911.98,77183569.43,3202199.86,2920776899.28,193485946.77,65089411.85,-59920510.27,-10058901.89,13635046.65,-60813807.21,193433483.04,193501640.83,24075818.58,28314835.51,-70627108.24,-35463403.28,-20298654.49,193994036.37,-56815237.78,22800854.05,3204732.1,193434693.48,193433921.49,21699673.95,15160476.81,-89945529.05,41490673.73,193434129.69,21715377.71,18001709.91,-82517860.17,40872763.75,68105690.86,-55662319.63,193432732.36,50072154.17,18495510.49,-47097412.86,193435417.28,-44435182.67,63085218.21,11600377.86,98553293.93,193439189.09,33104796.05,27663325.99,-274145.82,-95441559.55,193438111.85
193481380.57,-62593930.33,193439189.77,-11208743.57,15586555.95,-77766800.14,-77608235.59,37772149.62,49538145.51,-48126094.47,77819659.66,13437562974325.19,-65611591.41,-87281770.25,-16786659.39,51666425.69,-93138521.24,-37811825.33,193756996.48,-18022239.38,-1238610.54,193491988.58,-14813312.19,193441483.16,-43687876.26,17150454.7,17250069.25,36484354.51,31668324.76,-581610.61,-70278866.67,-9813929.78,-27709387.13,136707845338.83,47995409.73,193430065.94,21061689.23,-56901326.62,63163405.25,27515292.95,2556662400000,-75768436.46,-78760323.05,193434466.58,12598787.63,29918686.94,193483953.23,58805037.94,-25431388.67,-93328200.66,-76838125.98,-1441557405010.17,-26899113.65,-20173748.79,1293315058.07,193483638.04,8031451.94,22832643.18,-74913097.05,16155056.53,39492243.34,193434705.37,193502409.66,59209450.53,691355.09,98718326.42,-82001223.21,-5929169.09,193986197.47,484363195.07,-16868972.61,49779895.9,193437334.04,193436819.42,-87589507.79,-36509204.09,-21525052.1,11341149.72,193432169.43,34361541.46,-75586009.19,24144317.62,94417560.59,-39145971.46,96620311.72,193437136.71,-10032195.31,-24343015.96,70691509.78,193431944.63,55924670.31,-33906159.22,-73661616.13,-23615302.57,193435352.69,98267818.03,90120443.01,-58747752.59,28127727.24,193435251.14
193482072.35,-69869666.49,193437292.7,30766883.59,85145408.51,-27558947.81,15563819.2,60709060.03,-7756295.41,68736128.56,79279006.67,14055038834097.18,-49679921.09,61583591.66,79273534.5,67884391.62,-89378520.48,97255640.28,193751912.55,96027658.5,-95128775.36,193491269.63,6490171.24,193438272.07,29917494.61,56539909.32,8309230.99,84911278.94,48047987.04,-96371929.7,87254.96,21451780.2,28366171.67,617669292382.83,-87683560.61,193433257.47,-98450630.03,-80132631.51,-52515742.72,75467198.83,2510784000000,-42474827.75,-43133887.67,193437409.22,-64871646.64,-95527968.33,193491460.13,54938270.01,24202981.46,6377895.22,3762878.82,-1441557403392.3,-11990821,-60338453.29,2178954878.6,193483020.98,45389010.76,-69142177.36,-84841923.98,-56750838.76,-89974995.6,193437474.95,193500923.67,64855265.76,52290629.9,94135666.6,-56368564.38,72797128.75,193971780.93,396353880.57,-35637721.89,-76375654.99,193438834.04,193438138.7,80813547.58,79175995.65,-91066622.22,57769713.17,193430870.6,26069047.75,-34255182.07,87317079.03,77139105.66,-53942471,-42538569.79,193440679.19,-98767256.83,-54391117.42,37727945.33,193429905.15,-21150316.2,60705425.7,-13675830.62,49464085.56,193432701.79,-70989807.97,91165743.29,-77631037.21,78864270.17,193432825.12
193487709.13,54990100.26,193434678.26,-86056979.15,-93304139.14,-41501507.53,29185286.42,69529545.54,-44188556.43,-61656803.01,-51052724.1,13929936737883.95,-64201584.25,53412627.31,-12071987.06,-96939759.69,-30600303.18,38385835.68,193692716.47,64641964.95,-22372156.22,193488116.22,-2388044.1,193434287.21,-21015985.86,-74717266.2,-38680972.46,99224092.36,-64192068.14,-56228493.6,-60779374.09,-2113425.65,79762276.54,-124908664666.38,94991151.93,193437263.45,57164847.6,56302239.7,35610112.71,34095651.11,2488492800000,-96468161.92,-79257363.15,193440874.2,-78790141.4,22595658.44,193494019.88,20530418.26,-31125059.61,92676513.52,78943294.05,-1441557400211.85,-97817536.85,48117813.48,1250812248.27,193479443.4,66285965.77,-93744756.35,97027260.71,-75584276.29,-69949817.74,193440084.42,193498146.98,-49349844.96,15302002.89,69926101.74,12993650.91,25494371.87,193960139.63,1139309487.23,33134046.81,38113466.56,193438055.63,193437136.8,2447353.06,-23564233.02,57145853.57,-41260895.52,193433154.91,-51558691.67,40016144.47,-96626318.75,46755204.79,61828778,9281552.54,193441749.66,-4322809.56,-38444861.75,-59084025.02,193430616.23,88047379.92,-71028528.2,-72639773.49,-88501854.13,193432476.08,-96619199.83,-39277992.39,-81062446.85,24741202.11,193431815.11
193488046.54,-9281317.41,193433195.42,83299305.48,91355121.3,-16227683.34,-24511595.24,-46343697.49,-57065768.07,-34967562.44,-92015554.56,13888653166147.68,44907211.74,62718149.93,-99962545.35,-83340761.59,-86201358.2,53370257.46,193665193.32,-79538049.49,-24132199.84,193482992.1,-91783669.36,193431191.32,-98839562.39,10092125.27,47997563.14,-63171183.47,40733641.33,21551112.26,-10726248.58,-25540886.09,-78411345.19,-41090139777.51,-61792408.99,193440042.15,48808453.32,40240033.54,-82243774.62,92408479.29,2491084800000,-67061036.6,-40303564.87,193442885.33,69410141.7,-26966296.41,193491023.21,65443997.56,-38681178.51,13831444.92,12283175.11,-1441557397380.47,86986569.81,68419421.48,781824760.27,193481224,51201944.69,-35266903.29,21142241.9,-11427124.38,49250464.91,193440895.72,193495979.19,-61604497.17,-97669626.7,13045114.38,-84369549.87,-53175263.91,193950499.01,1176455837.94,-91895433.75,93981472.6,193435247.31,193434523.6,-98417570.04,-3760825.61,-11853505.45,47227435.63,193438179.15,-26541877.68,-66871298.03,49249338.09,-45122020.12,97683035.74,-78138098.23,193440083.05,-92985013.31,60316398.71,85772046.99,193433959.82,-25109488.07,-1914716.84,84914879.59,42876978.89,193434468.61,98408515.35,-65215896.95,21360329.73,99083475.77,193433271.74
193488079.45,28974574.59,193433984.14,-92690554.71,-33866952.32,60401619.04,86253821.27,92242146.75,-55934317.34,98209947.66,24017457.05,13950822465126.83,51036348.97,79950182.58,-52729222.88,-69937951.89,-30501549.04,-23418231.27,193687208.72,-9774760.02,83755238.19,193480492.6,98315850.82,193429126.59,-99116704.85,-12535296.23,-90396460.57,-91008577.42,14395984.52,73983044.72,49786605.12,-62474127.21,97608842.27,62362732610.06,-77022416.94,193440348.44,-20963139.44,-35464431.1,75312017.18,39819385.59,2518646400000,18242289.05,-38801544.69,193442057.82,-25175435.06,-5008677.36,193487779.96,51943264.19,49092138.13,64602080.58,70495957.73,-1460177629376.46,75793144.77,53141564.2,892592505.73,193484810.97,-15768087.73,-53514702.18,-46962673.52,-15329321.85,32433856.18,193439043.76,193496104.36,81040732.04,37136016.52,-36247001.11,-52597047.91,90885902.92,193941059.99,1224205720.83,-18346966.74,-62058074.35,193431940.11,193432041.3,-34138001.06,-34052134.97,79487245.86,-483205.36,193441990.66,-12180276.8,30263311.67,96046298.59,-68997667.12,-26376064.26,-67142181.52,193436862.46,54786991.48,4053083.35,90313072.28,193438413.23,73932753.49,-2591694.77,-66432418.24,75803427.7,193437196.06,17507645.64,-20843179.48,-97375230.26,48623415.65,193435895.39
193487558.75,-92648859.46,193436791.13,-69629475.83,-86281563.72,82151746.6,-25776114.48,53568785.01,-64215595.39,-67124026.72,32714621.49,14027072439872.34,35295395.4,3943813.38,8556040.28,-11953051.79,-97348543.48,-54934302.81,193674659.22,31134582.83,-58351034.56,193481216.16,6839990.02,193430804.07,-62384293.9,25965491.48,66962536.88,-7980232.75,60600481.47,39714498.17,51776531.95,47837038.92,-36895746.91,76443410510.8,45610076.1,193438388.91,-74989799.33,73716343.13,-24406859.43,69100413.28,2570054400000,-30774858.66,-48758977.68,193438640.42,-63089508.77,39459.49,193485688.62,-17114045.59,45790107.13,-64737484.17,-31150582.56,-1481146462284.77,31819021.91,-69236511.58,708551970.87,193488255.59,85949011.13,71445036.99,-15241086.38,36157223.7,88878457.21,193435362.85,193498690.39,68481669.2,48439609.32,-22442495.91,17205186.26,61497936.02,193941048.99,1507899426.4,58101738.37,64070910.72,193430093.6,193431444.23,7491576.86,-25102082.61,-7064661.45,-95405573.83,193445199.44,-27371662.3,58624373.75,-4900598.31,-9899324.52,-31894287.78,63790855.24,193434019.88,21872624.53,-34099541.79,5712646.91,193441854.44,-35936191.58,70921017.22,70372568.19,-30136815.28,193438803.49,-33339376.94,23564236.26,31016597.39,-3737922.23,193437880.61
-38594591.31,-46299923.92,54567615.66,-87268580.48,50464067.41,-65017450.19,82015955.15,29160358.84,193433130.65,-280191.45,-93895058.19,7411823.01,5357558.94,193438153.47,31923280.14,-58854480.31,22389317.98,-44023802.73,193438024.39,-37926236.19,24449858.67,3416766080.18,193433459.63,42304643.07,193430995.15,41049346.19,-91162062.7,193434873.26,680540865.87,193485324.57,193502457.81,-76184312.26,42730029.25,94597819.53,2643926400000,47985755.56,-62404428.86,-57610041.26,-2238907.2,50782787.62,81496664.47,-72883893.24,66299786.92,20457813.89,-50838243.05,193442728.04,-32065587.34,37121357.81,-94960935.21,47713551.87,-76061282.31,194226381.21,67805922.66,193435676.01,82795167.88,-50139232.42,193434248.37,193443075.02,11023909.6,89005414.03,-56371282.42,31752243.38,-1481146464840.91,63022288.67,-80071975.53,14074692136126.99,-95889328.92,-93399217.46,53193290.28,83457477.48,-36789224.44,37504728.36,-67792407.62,-49191493.52,75705901.45,-12577481.77,-14330318.46,23122886.25,-21492669.62,36532827.48,43792163.28,193484561.74,86687497.27,-26159215.66,66191145.49,27770976.84,193431558.24,-51203505.75,193966612.23,193492868.61,-45077721.46,-19157597.48,52284493.88,52961780.27,193440085.47,79174842.26,47813133667.16,193485949.14,-83724425.61,-45483656.15
77373551.32,-60045774.08,-88191968.29,29483934.33,47532854.81,1342382.62,87705393.57,42561548.21,193434522.62,-35645216.34,84028370.64,15803455.84,-37304956.32,193435489.29,-85954799.31,53274893.91,-58816843.71,83005511.55,193435313.71,-28473700.03,-34792611.97,1597797992.98,193437322.6,-64521828.9,193434464.19,-81876319.11,40968485.6,193437971.87,513758214.72,193482801.6,193505604.49,62988214.51,29767405.04,89998319.61,2738188800000,96554272.95,-86928056.87,-83876085.23,-70054623.56,-48351757.18,-77177381.28,-7576319.93,-47839736.45,-87379055.82,-3284986.19,193440815.71,-42965767.22,-32716857.54,-41440957.98,19125888.9,67205537.16,193890760.63,-80491427.27,193434064.57,15754613.02,-13194180.62,193430921.97,193439991.29,38184477.05,23777070.88,60156509.32,-22383638.17,-1481146466788.55,-51677953.5,-36766194.78,14004625862174.15,-26080249.02,-20031347.2,-350363.01,-53832033.82,-35779717.06,-4230907.52,-76322149.65,35463093.54,-19307225.18,44924092.24,72101535.08,-39024779.55,-43403791.15,27780694.39,41856149.07,193486765.64,71168764.48,-97178689.65,-85542201.44,48513321.47,193429779.46,-83660718.18,193951666.31,193490102.61,61081875.06,-95231692.17,63199629.55,2580446.52,193441908.28,62426468.31,-69872835981.33,193486155,-25567983.34,42030838.74
-25358817.82,-13830763.42,-33924371.21,90827395.21,29177522.27,26474882.78,-10526881.55,85537382.7,193437127.69,89002690.19,8487760.03,-13754103.49,-92120192.34,193432342.22,-64303456.06,17425740.71,24339034.18,-80319501.43,193431618.88,-73657270.46,-97565608.97,907189035.08,193441155.35,-76474195.95,193438934.8,-99523666.63,82204889.76,193438784.27,336314755.83,193480357.76,193506444.52,515642.01,-49078170.46,-3800421.8,2850422400000,-39982486.94,-24618951.99,-46411293.64,20879977.07,-72248114.5,-30388442.56,-19817255.17,-26032892.06,-80404088.08,26468285.3,193437366.67,-51823706.28,-16908510.16,-19908911.44,-14975796.62,-9121019.96,193713607.67,48003610.49,193434705.09,-6558195.73,1789648.07,193430225.07,193435935.5,-9752640.81,-50257364.8,-21042051.08,19946258.13,-1481146466630.4,39174925.84,36899079.9,14128413234015.73,-85571765.28,13877223.29,-75357499.7,-7791904.29,8189047.9,54692277.26,89733690.46,64844122.17,-92827419.1,-93194813.78,39578468.76,-9816152.75,64296747.7,-51213166.13,-42933328.98,193488104.61,92769016.69,82766300.84,-29712979.01,-62511307.01,193431014.68,-58567592.41,193936827.63,193488539.59,49882643.97,-55377797.62,94957387.47,37051941.73,193441003.45,-43114720.02,123980809323.2,193488356,-19860012.35,-93500473.11
-11441560.17,97873223.18,30828735.65,-24548012.82,51380395.18,228938.55,30645658.71,17838202.41,193439128.83,-48084179.05,96779365.86,17753222.79,-58970562.15,193430659.72,55769875.02,66344052.74,-13277617.33,-93030558.42,193428459.48,-4760381.58,-75546868,639193863.36,193442984.11,-96777757.79,193442287.13,-16848696.62,85666505.18,193437265.64,1915828886.02,193483310.11,193504364.63,-36578744.84,-23908185.39,-23459233.14,2976825600000,97000003.26,76229400.22,38324981.69,9816114.32,-87848762.79,-40405815.02,97089763.77,-58279859.73,-97500473.45,-21883953.58,193434377.28,91250484.06,23722695.98,-3981785.35,18824272.24,-82567811.65,193650165.28,-97466908.67,193437368.12,47498588.28,73210498.56,193432401.3,193433992.8,79768169.74,2728856.78,87343732.88,-91306790.56,-1484885229231.65,42281041.97,73604175.15,14104126180770.54,99404857.39,68712551.38,56971366.63,-45998584.1,14506540.81,43272530.51,-49790037.84,31869730.36,4117873.85,-43956549.81,79347215.28,-33989421.25,99242343,-84691582.16,21318495.95,193487153.92,-13830201.1,14863651.99,40877689.46,49500050.59,193434823.62,58726662.36,193934818.12,193484871.08,-42329305.23,-68203697.16,-48752080.07,17395198.4,193437562.79,12893511.69,-24093616695.59,193491141.88,41816573.84,85835868.32
32660398.75,98020309.35,49860896.56,-95950287.79,94398338.01,-12930072.49,23360057.99,-90517642.53,193439037.42,54493895.97,7382650.69,30758480.3,85414321.8,193431684.29,96232764.63,75800796.85,-57465405.8,90005289.6,193427995.34,-93642453.91,71300152.9,1612926539.71,193441826.38,-66608496.77,193442946.73,2345028.75,14550011.76,193434841.37,1646565928.44,193487213.54,193500329.61,25833262.65,48017235,-52457800.46,3114028800000,-51916605.04,47324961.06,22624548.73,-38533579.02,82085198.76,-71904245.63,-68760927.97,-91885178.23,32403453.45,-71332679,193433400.9,2411819.31,-90860645.22,74434843.02,-98671816.12,43477330.63,193813879.56,-13373821.13,193440497.37,65598108.87,60945945.15,193436033.82,193432074.55,-19268412.28,-15421728.9,97992514.77,96501291.35,-1484885225463.39,6911596.87,-6726291.21,14241777900278.87,98768805.26,-42987936.55,-8248154.55,-12735372.72,-87333016.66,65397993.96,-34494052.78,87522207.23,49928614.16,51858307.28,-7453523.2,20225981.36,59385160.3,-46359850,-724840.77,193485106.81,-84069987.2,-16214892.82,-16579770.66,74902054.7,193439077.19,-96887697.2,193935324.59,193485603.29,-93437359.83,78148272.68,-32770363.46,-90960518.42,193433165.86,-46517910.16,137845155468.69,193493282.02,57196937.47,-71475926.06
37883766.44,16658137.07,-88174532.05,-75894207.42,-96638302.91,-55067476.25,11900981.33,10410021.09,193436592.15,54038817.7,-77371772.69,-96289177.7,32826763.79,193435207.14,95068319.47,72184310.42,-46627297.48,65206232.42,193430315.07,-36352962.38,53053753.64,1398045545.92,193438239.35,-519551.81,193440786.02,86528859.14,-43367147.7,193432778.07,2366764677.12,193492015.1,193496332.54,41797478.89,-62568942.73,17568567.78,3258057600000,-57089086,-84364402.8,13793821.95,-15818669.08,-3707978.38,95299670.61,12512661.03,-16687243.11,57099912.53,77310240.78,193434781.6,-79164672.15,43535721.3,-85543501.88,90830231.6,-17560971.55,193855377.68,-23882913.24,193442185.79,61023042.88,-51728002.53,193439263.95,193435332.75,34669023.3,63543423.66,-13513747.81,-55226476.87,-1494068986187.43,-50922021.65,-42194766.07,14249639352784.09,-29605983.11,-77145649.6,-11454163.7,-54284481.21,88741568.7,15026898.31,-79158695.89,8304214.08,82526292.8,69087739.93,20168731.08,87558744.7,29752250.05,-36159024.34,-45813086.1,193482475.63,10420987.84,-19916532.05,-17944903.75,21542289.19,193442122.76,-17926142.88,193937569.37,193487139.5,16236669.46,-70574498.39,-26230832.41,80764306.95,193429948.22,63766915.41,8054888703.36,193491842.16,17280994.76,-32348122.99
-4753289.28,-61656570.65,84533149.84,-13283080.99,-79648148.01,-21160073.37,-37134219.46,76749585.07,193432955.55,-23284279.4,9060930.31,-19257290.1,94292214.24,193439632.75,-90726957.69,73361738.47,32548234.67,-69714572.56,193434478.52,-99962461.12,-49685726.23,3063864796.67,193434021.57,52302133.72,193437097.13,-27893278.91,46085335.47,193432730.71,2493661560.99,193495653.38,193494277.88,-92458467.64,31433833.6,30089304.75,3404764800000,-7139532.97,62987709.07,57029049.17,-10784777.24,-27365393.59,81075286.96,-18956061.91,81706318.9,-86092464.92,83118421.04,193437393.68,-15477497.54,-48359876.84,-61424942.73,-83512445.73,29368955.44,193827308.5,81081072.55,193441175.33,58723435.65,71427819.85,193440313.87,193436506.03,62369281.2,36223632.66,15899102.2,-11497949.27,-1540465690255.93,-35335220.93,40598757.71,13997757464303.06,-24038219.45,99382243.49,-4153796.69,47409385.74,45114147.08,-54682893.58,80831302.03,33248544.01,10381414.57,-60862033.13,-64098585.29,-60480005.55,2959263.29,61437409.6,-69289335.29,193483713.2,-10221966.85,32413693.72,-99880815.73,-15274431.39,193442352.75,-77260889.28,193939694.78,193489759.64,-72047912.83,-42263740.56,-48121109.25,30823798.58,193429450.36,-18751598.27,-251688451327.41,193491280.61,28466750.08,-48418070.22
46310326.69,1468098.94,-10116044.85,2738009.19,8465182.28,-12339312.62,-3880031.96,20661269.16,193430103.33,-12031908.25,3179483.29,56333025.11,-33330416.79,193442843.75,-17793902.36,-51764104.34,5637915.13,95746524.73,193438621.75,36334400.42,54616855.27,1951737571.96,193431234.16,-33038167.87,193433924.27,34926982.12,62608420.21,193435574.53,2467420808.19,193494586.36,193494938.11,-44805357.14,15968658.57,9561962.12,3550176000000,-79849960.84,92496053.05,75845527.33,-65839618.35,85300813.13,761182.09,-85701882.7,-93561687.6,73137118.79,11766593.72,193439430,85098525.37,46116101.48,14769262.56,7329385.03,73058007.19,193854423.77,42640266.43,193437713.94,-40261639.5,71898014.3,193439017.93,193438874.09,-60118183.07,-17349605.38,49671376.01,70788108.82,-1540465692574.8,90689267.79,-85291816.91,14245156351257.34,74851900.05,50703914.09,-53247781.96,21148625.03,96391120.19,96223297.61,91767906.61,21344450.21,39886520.87,-46784536.97,-36120158.45,-52968146,78677653.36,-47072710.48,-14568069.19,193484649.13,50402320.07,-49397609.82,4970716.86,87864713.08,193440159.3,-46446772.43,193939171.04,193493256.21,54515256.24,41081746.33,73441807.86,-59280276.93,193431802.21,87406721.55,247592325139.14,193485746.47,62015606.24,-13922200.76
-61257849.15,47032187.16,-82176505.38,-44830748.07,-82652207.62,-6342586.1,-65688222.11,60628786.5,193429712.76,-53004091.09,-19703017.9,-52944396.28,-32694351.78,193443312.96,40345680.13,-24108336.53,-62920582.85,6231234.07,193440774.79,8997650.16,26086529.82,3575391482.51,193431088.84,-85762023.61,193432876.27,-43575585.91,1967080.26,193439497.35,2474937684.97,193493574.04,193497461.26,-2001053.57,14765677.6,-42630920.93,3689712000000,13012234.3,-84496228.13,41725203.93,-16334252.89,13600094.22,-84816069.45,68997684.73,64462900.5,96588182.41,-24671156.01,193439413.52,66317905.5,80348243,-50969602.07,-14902355.43,25266729.48,193885647.33,-80655089.55,193433406.24,44284933.83,-19382434.03,193436470.35,193438080.43,50227861.37,-78803450.05,99324921.12,94875381.22,-1540465696739.84,97718190.66,27200683.85,14326301235356.92,91211257.78,32860415.56,81520271.3,54706450.01,-88715930.35,-13435823.7,49674788.22,38346460.44,51335020.34,-50844315.6,-60048038.69,39739552.75,22580904.2,-77120836.19,-96025716.81,193491135.01,19373495.97,-42898278.21,44357229.17,-79935794.51,193437097.82,-24061870.66,193935694.98,193494967.98,80279627.37,25404478.89,64262602.52,97899692.92,193435663.95,-80212487.07,81338322597.35,193486129.66,25749933.45,-17868712.68
84791968.41,44680874.63,78023942.62,-55380388.13,26266485.81,-51352717.52,15222360.07,-15260887.54,193432205.78,-89466315.09,-10730593.21,-86121232.53,82243438.79,193440922.21,4036394.02,7440019.64,-93167376.83,74834314.17,193439971.58,-89518569.98,-71015312.39,2987188505.1,193433322.14,-93278960.8,193434245.01,34610850.3,69596406.39,193442218.54,2831012309.9,193490731.07,193500357.68,16346392.79,-55743778.05,30040860.38,3819484800000,-53199843.89,62475996.98,-53796154.92,-93433775.36,7169324.51,-18451210.15,-61406187.85,-81250135.7,85621953.85,47017380.46,193437075.57,39513293.28,96881081.66,-25157023.81,89138476.75,76392693.86,193837906.76,47711232.21,193430356.4,-10062933.34,-52489053.53,193434479.75,193435776.84,-30079422.93,-18359178.01,-26750236.17,-60534793.39,-1540465700730.6,13286343.57,92233825.51,14082794993370.63,21816080.52,-7143785.15,-55394873.2,90449579.09,16389570.59,24079371.65,-59464057.32,29967714.73,-50624015.46,-13802119.21,16329684.65,50538459.34,92337661.15,64890537.16,96761372.59,193493980.08,-90729354.02,-32298234.96,-27509731.61,-43124950.57,193434972.93,-94289441.94,193929884.51,193492305.85,-20463570.27,27354418.07,-96240604.64,-78974563.5,193438983.29,-42070918.9,-243312804357.79,193486205.38,57307370.86,-25697454.82
-85112511.81,-72539426.31,-42047791.58,42878229.9,75636507.21,49418131.41,41291896.78,44783515.32,193436490.14,88505436.93,80064545.81,86389064.01,32546726.08,193437026.7,-87840560.5,62457578.44,91401360.5,-41047523.4,193437259.08,-91835920.13,59017897.82,1984860397.19,193436399.82,94319947.75,193436912.67,-36488727.05,74571739.76,193442004.72,2870561888.85,193485752.62,193501917.94,-16682770.41,94470488.87,51914783.97,3935779200000,-70915862.6,-46474126.18,-43804886.34,-62309853.43,-15018937.13,-68492320.89,-24136387.33,-28926655.84,-82630438.74,-19497974.61,193433588.9,-2379291.89,-33416849.49,-56471279.4,-20251405.61,-56253530.58,193896342.38,46847460.23,193430069.75,-76314678.26,81772314.65,193434532.49,193433599.13,58631825.61,95558785.65,47300661.56,-73694709,-1567518087325.58,81131493.46,-81948952.47,14115183283701.28,-18330210.97,55188379.92,90576145.62,-90030547.93,75472348.25,35612460.44,50832317.41,50839825.22,50984781.86,-73191240.26,-62585778.29,18149696.81,-27704067.82,-33543859.4,93481922.05,193495887.46,81988328.17,63040021.12,-49651171.95,42037921.57,193435244.36,18203105.21,193923564.38,193489465.26,342066.86,24482614.8,37924610.23,-67120786.84,193440143.95,-18090498.77,32581726081.31,193487673.5,-12709875.47,74146958.44
-8521913.92,53778910.42,40716436.91,-46614496.11,-14860804.87,9685007.12,-98066284.97,74245371.4,193440536.38,-19613773.79,94178835.8,-18364618.18,-94961390.6,193433707.56,16337203.32,-20482686.98,36440256.03,57656610.11,193434129.74,-20377238.72,61322631.44,1302090653.09,193438427.23,-82292175.64,193439034.44,6133943.75,-24759556.25,193439813.47,2903017339.12,193486164.93,193501170.47,-98863247.87,59426422.64,-18827282.38,4035312000000,46492484.17,-36617898.8,-84597583.29,99468682.21,77861880.52,-23065035.61,-22289850.82,-73796650.07,18065075.12,74898872.38,193430931.23,-68643394.08,-74228838.95,48445254.27,37903644.56,73703034.61,193881237.91,-24449370.72,193432639.04,33201148.35,71034754.89,193436883.48,193434236.88,-86167982.09,-45179150.52,94347732.17,89779013.28,-1567518086419.49,75430420.22,57102284.17,13983695090231.21,30354636.87,72152447.65,-71400217.75,-56081892.55,42264778.59,-22929798.91,96693212.84,38976690.85,-83540031.22,38542420.95,-55328097.48,78604226.26,-65341460.61,93915595.16,3998153.5,193495742.04,38726422.29,-84645948.87,-22322845.7,-96898440.65,193437669.99,-51704659.06,193917495.34,193485015.32,71129664.51,-98651782.1,-41813281.1,-23936132.4,193438847.16,-86126565.62,-131294759842.79,193491811.87,11478480.53,-96562803.22